[2025-09-17 21:31:05] ✅ 解析成功 - https://raw.githubusercontent.com/katelya77/KatelyaTV/3ce1bd1ce4be0e8663766959e18c16387f573fac/config.json - 作者: katelya77, 更新时间: unknown, 大小: 0.0 KB
[2025-09-17 21:31:06] ✅ 解析成功 - https://raw.githubusercontent.com/hafrey1/LunaTV-config/4520583419a8bf3182098fd38bd5dc8725886eea/bukadun.json - 作者: hafrey1, 更新时间: unknown, 大小: 0.0 KB
[2025-09-17 21:31:07] ✅ 解析成功 - https://raw.githubusercontent.com/Stardm0/MoonTV/8b80486153e1e36a28a96b7d93d16179385ca515/config.json - 作者: Stardm0, 更新时间: unknown, 大小: 0.0 KB
[2025-09-17 21:31:08] ✅ 解析成功 - https://raw.githubusercontent.com/hjdhnx/drpy-node/8b288ee8d3f077da0fbda4ce6128dd219539ef17/scripts/mjs/moontv.json - 作者: hjdhnx, 更新时间: unknown, 大小: 0.0 KB
[2025-09-17 21:31:10] ✅ 解析成功 - https://raw.githubusercontent.com/lovevampplus/cfdata/48ae504408e44ef0a64d175cca50bc57efde28b7/moontv-config.json - 作者: lovevampplus, 更新时间: unknown, 大小: 0.0 KB
[2025-09-17 21:31:11] ✅ 解析成功 - https://raw.githubusercontent.com/webshellren/XMoonTV/ef052045a4f7a3a10c5907da4d30e3a90984b03b/config.json - 作者: webshellren, 更新时间: unknown, 大小: 0.0 KB
[2025-09-17 21:31:12] ✅ 解析成功 - https://raw.githubusercontent.com/adminlove520/ZySource-Collector/7338efa8ac27c42ca3f1a07ca3042b3a62cdcd2e/TV_collector/config_isadult.json - 作者: adminlove520, 更新时间: unknown, 大小: 0.0 KB
[2025-09-17 21:31:13] ✅ 解析成功 - https://raw.githubusercontent.com/SCXSVIP/TV/e7bc32117505d2bda3b31ade3dc96114c6ce623c/MoonTV/MoonTV-xs.json - 作者: SCXSVIP, 更新时间: unknown, 大小: 0.0 KB
[2025-09-17 21:31:14] ✅ 解析成功 - https://raw.githubusercontent.com/Pundsup/Live/bbe91626e69115bc3ff85563f4e382ecca41dc62/yszy.json - 作者: Pundsup, 更新时间: unknown, 大小: 0.0 KB
[2025-09-17 21:31:16] ✅ 解析成功 - https://raw.githubusercontent.com/sk3879921/tvjson/08db450c7edd85e8400aea409a9a37b7ad12226c/q.json - 作者: sk3879921, 更新时间: unknown, 大小: 0.0 KB
[2025-09-17 21:31:17] ✅ 解析成功 - https://raw.githubusercontent.com/chat263/tvjson/101fa5316b077c1f76ffd29af736826ef9aec168/m.json - 作者: chat263, 更新时间: unknown, 大小: 0.0 KB
[2025-09-17 21:31:18] ✅ 解析成功 - https://raw.githubusercontent.com/hanzhenya/hzyiptv/89d54a3700c0a28fa6682498c462a4af2112b95b/config(%E8%80%81).json - 作者: hanzhenya, 更新时间: unknown, 大小: 0.0 KB
[2025-09-17 21:31:20] ✅ 解析成功 - https://raw.githubusercontent.com/yjh800307/yjh800307.github.io/5d4deeb43a40e72546c31f43d6a29f52d4496561/moontv.json - 作者: yjh800307, 更新时间: unknown, 大小: 0.0 KB
[2025-09-17 21:31:21] ❌ JSON语法错误 - https://raw.githubusercontent.com/hafrey1/MoonTV1.1.1/614f381e5312d9821bd5fe058f9eed9426e96d23/config.json - Expecting value: line 151 column 1 (char 5001)
[2025-09-17 21:31:22] ✅ 解析成功 - https://raw.githubusercontent.com/sammy0101/myself/061a575bad1692315c8e41d97837db8bc1649855/MoonTV-config.json - 作者: sammy0101, 更新时间: unknown, 大小: 0.0 KB
[2025-09-17 21:31:24] ✅ 解析成功 - https://raw.githubusercontent.com/xqrock/openfile/d5499b069e4901c98e674935c5d2b295413d9d5b/config/vod.json - 作者: xqrock, 更新时间: unknown, 大小: 0.0 KB
[2025-09-17 21:31:25] ✅ 解析成功 - https://raw.githubusercontent.com/gxnas/TvBox/73fe7b54b2ac132896f821f76e6a877079250c81/20250823.json - 作者: gxnas, 更新时间: unknown, 大小: 0.0 KB
[2025-09-17 21:31:26] ✅ 解析成功 - https://raw.githubusercontent.com/yutian81/data-source/97c13655052a73d5f455801eed3d366b97acf3ce/OrionTV/config.json - 作者: yutian81, 更新时间: unknown, 大小: 0.0 KB
[2025-09-17 21:31:27] ✅ 解析成功 - https://raw.githubusercontent.com/PAICNI/Videos_PLUS/b51ff1521a1e77f17ad538ccfd3c100cc42e0663/MoonTV%E8%A7%86%E9%A2%91%E6%BA%90Plus%E7%89%88.json - 作者: PAICNI, 更新时间: unknown, 大小: 0.0 KB
[2025-09-17 21:31:28] ✅ 解析成功 - https://raw.githubusercontent.com/moli-xia/MoonTV-app/aea64cc2504b56ea05e23fc2af49c7ed5a305dea/config.json - 作者: moli-xia, 更新时间: unknown, 大小: 0.0 KB
[2025-09-17 21:31:30] ✅ 解析成功 - https://raw.githubusercontent.com/Jonney111/jonney_clash/2a8545f0367a753599af049d670f0d37c17b5738/moontv.json - 作者: Jonney111, 更新时间: unknown, 大小: 0.0 KB
[2025-09-17 21:31:31] ✅ 解析成功 - https://raw.githubusercontent.com/wenxiblog/WenXiTV/858aa80242728dbcb74a4b913eb92ebcaf6da04a/config.json - 作者: wenxiblog, 更新时间: unknown, 大小: 0.0 KB
[2025-09-17 21:31:32] ✅ 解析成功 - https://raw.githubusercontent.com/Pundsup/Live/bbe91626e69115bc3ff85563f4e382ecca41dc62/yszyby.json - 作者: Pundsup, 更新时间: unknown, 大小: 0.0 KB
[2025-09-17 21:31:33] ✅ 解析成功 - https://raw.githubusercontent.com/samqin123/MoonTV/c0bba763d16fb5cd830a808d58329025337491cf/config.json - 作者: samqin123, 更新时间: unknown, 大小: 0.0 KB
[2025-09-17 21:31:35] ✅ 解析成功 - https://raw.githubusercontent.com/zhumengkang/edgeone-moontv/262ce332a93ba34966adb07761e7bfab8faab7bf/config.json - 作者: zhumengkang, 更新时间: unknown, 大小: 0.0 KB
[2025-09-17 21:31:36] ✅ 解析成功 - https://raw.githubusercontent.com/kpsmail/new/b8a37cc90e6deca63c8dae4746eeb8321cb140dc/config.json - 作者: kpsmail, 更新时间: unknown, 大小: 0.0 KB
[2025-09-17 21:31:37] ✅ 解析成功 - https://raw.githubusercontent.com/Attiv/oriontv2/0c96b863bdf012b81f27cfeca03e3a7a1720d415/backend/src/config/config.json - 作者: Attiv, 更新时间: unknown, 大小: 0.0 KB
[2025-09-17 21:31:38] ✅ 解析成功 - https://raw.githubusercontent.com/lovevampplus/cfdata/48ae504408e44ef0a64d175cca50bc57efde28b7/96.json - 作者: lovevampplus, 更新时间: unknown, 大小: 0.0 KB
[2025-09-17 21:31:39] ✅ 解析成功 - https://raw.githubusercontent.com/katelya77/KatelyaTV/3ce1bd1ce4be0e8663766959e18c16387f573fac/config.example.json - 作者: katelya77, 更新时间: unknown, 大小: 0.0 KB
[2025-09-17 21:31:41] ✅ 解析成功 - https://raw.githubusercontent.com/hafrey1/LunaTV-config/4520583419a8bf3182098fd38bd5dc8725886eea/luna-tv-config.json - 作者: hafrey1, 更新时间: unknown, 大小: 0.0 KB
[2025-09-17 21:36:34] ✅ 解析成功 - https://raw.githubusercontent.com/katelya77/KatelyaTV/3ce1bd1ce4be0e8663766959e18c16387f573fac/config.json - 作者: katelya77, 更新时间: unknown, 大小: 0.0 KB
[2025-09-17 21:36:35] ✅ 解析成功 - https://raw.githubusercontent.com/hafrey1/LunaTV-config/b5334aaea91b103ca4eea9f985ad340eccb79fe2/bukadun.json - 作者: hafrey1, 更新时间: unknown, 大小: 0.0 KB
[2025-09-17 21:36:36] ✅ 解析成功 - https://raw.githubusercontent.com/Stardm0/MoonTV/8b80486153e1e36a28a96b7d93d16179385ca515/config.json - 作者: Stardm0, 更新时间: unknown, 大小: 0.0 KB
[2025-09-17 21:36:37] ✅ 解析成功 - https://raw.githubusercontent.com/hjdhnx/drpy-node/8b288ee8d3f077da0fbda4ce6128dd219539ef17/scripts/mjs/moontv.json - 作者: hjdhnx, 更新时间: unknown, 大小: 0.0 KB
[2025-09-17 21:36:38] ✅ 解析成功 - https://raw.githubusercontent.com/lovevampplus/cfdata/48ae504408e44ef0a64d175cca50bc57efde28b7/moontv-config.json - 作者: lovevampplus, 更新时间: unknown, 大小: 0.0 KB
[2025-09-17 21:36:39] ✅ 解析成功 - https://raw.githubusercontent.com/webshellren/XMoonTV/ef052045a4f7a3a10c5907da4d30e3a90984b03b/config.json - 作者: webshellren, 更新时间: unknown, 大小: 0.0 KB
[2025-09-17 21:36:40] ✅ 解析成功 - https://raw.githubusercontent.com/adminlove520/ZySource-Collector/7338efa8ac27c42ca3f1a07ca3042b3a62cdcd2e/TV_collector/config_isadult.json - 作者: adminlove520, 更新时间: unknown, 大小: 0.0 KB
[2025-09-17 21:36:41] ✅ 解析成功 - https://raw.githubusercontent.com/SCXSVIP/TV/e7bc32117505d2bda3b31ade3dc96114c6ce623c/MoonTV/MoonTV-xs.json - 作者: SCXSVIP, 更新时间: unknown, 大小: 0.0 KB
[2025-09-17 21:36:42] ✅ 解析成功 - https://raw.githubusercontent.com/Pundsup/Live/bbe91626e69115bc3ff85563f4e382ecca41dc62/yszy.json - 作者: Pundsup, 更新时间: unknown, 大小: 0.0 KB
[2025-09-17 21:36:44] ✅ 解析成功 - https://raw.githubusercontent.com/sk3879921/tvjson/08db450c7edd85e8400aea409a9a37b7ad12226c/q.json - 作者: sk3879921, 更新时间: unknown, 大小: 0.0 KB
[2025-09-17 21:36:45] ✅ 解析成功 - https://raw.githubusercontent.com/chat263/tvjson/101fa5316b077c1f76ffd29af736826ef9aec168/m.json - 作者: chat263, 更新时间: unknown, 大小: 0.0 KB
[2025-09-17 21:36:46] ✅ 解析成功 - https://raw.githubusercontent.com/hanzhenya/hzyiptv/89d54a3700c0a28fa6682498c462a4af2112b95b/config(%E8%80%81).json - 作者: hanzhenya, 更新时间: unknown, 大小: 0.0 KB
[2025-09-17 21:36:47] ✅ 解析成功 - https://raw.githubusercontent.com/yjh800307/yjh800307.github.io/5d4deeb43a40e72546c31f43d6a29f52d4496561/moontv.json - 作者: yjh800307, 更新时间: unknown, 大小: 0.0 KB
[2025-09-17 21:36:49] ❌ JSON语法错误 - https://raw.githubusercontent.com/hafrey1/MoonTV1.1.1/614f381e5312d9821bd5fe058f9eed9426e96d23/config.json - Expecting value: line 151 column 1 (char 5001)
[2025-09-17 21:36:50] ✅ 解析成功 - https://raw.githubusercontent.com/sammy0101/myself/061a575bad1692315c8e41d97837db8bc1649855/MoonTV-config.json - 作者: sammy0101, 更新时间: unknown, 大小: 0.0 KB
[2025-09-17 21:36:51] ✅ 解析成功 - https://raw.githubusercontent.com/xqrock/openfile/d5499b069e4901c98e674935c5d2b295413d9d5b/config/vod.json - 作者: xqrock, 更新时间: unknown, 大小: 0.0 KB
[2025-09-17 21:36:52] ✅ 解析成功 - https://raw.githubusercontent.com/gxnas/TvBox/73fe7b54b2ac132896f821f76e6a877079250c81/20250823.json - 作者: gxnas, 更新时间: unknown, 大小: 0.0 KB
[2025-09-17 21:36:54] ✅ 解析成功 - https://raw.githubusercontent.com/yutian81/data-source/97c13655052a73d5f455801eed3d366b97acf3ce/OrionTV/config.json - 作者: yutian81, 更新时间: unknown, 大小: 0.0 KB
[2025-09-17 21:36:55] ✅ 解析成功 - https://raw.githubusercontent.com/PAICNI/Videos_PLUS/b51ff1521a1e77f17ad538ccfd3c100cc42e0663/MoonTV%E8%A7%86%E9%A2%91%E6%BA%90Plus%E7%89%88.json - 作者: PAICNI, 更新时间: unknown, 大小: 0.0 KB
[2025-09-17 21:36:56] ✅ 解析成功 - https://raw.githubusercontent.com/moli-xia/MoonTV-app/aea64cc2504b56ea05e23fc2af49c7ed5a305dea/config.json - 作者: moli-xia, 更新时间: unknown, 大小: 0.0 KB
[2025-09-17 21:36:57] ✅ 解析成功 - https://raw.githubusercontent.com/Jonney111/jonney_clash/2a8545f0367a753599af049d670f0d37c17b5738/moontv.json - 作者: Jonney111, 更新时间: unknown, 大小: 0.0 KB
[2025-09-17 21:36:59] ✅ 解析成功 - https://raw.githubusercontent.com/wenxiblog/WenXiTV/858aa80242728dbcb74a4b913eb92ebcaf6da04a/config.json - 作者: wenxiblog, 更新时间: unknown, 大小: 0.0 KB
[2025-09-17 21:37:00] ✅ 解析成功 - https://raw.githubusercontent.com/Pundsup/Live/bbe91626e69115bc3ff85563f4e382ecca41dc62/yszyby.json - 作者: Pundsup, 更新时间: unknown, 大小: 0.0 KB
[2025-09-17 21:37:01] ✅ 解析成功 - https://raw.githubusercontent.com/samqin123/MoonTV/c0bba763d16fb5cd830a808d58329025337491cf/config.json - 作者: samqin123, 更新时间: unknown, 大小: 0.0 KB
[2025-09-17 21:37:02] ✅ 解析成功 - https://raw.githubusercontent.com/zhumengkang/edgeone-moontv/262ce332a93ba34966adb07761e7bfab8faab7bf/config.json - 作者: zhumengkang, 更新时间: unknown, 大小: 0.0 KB
[2025-09-17 21:37:03] ✅ 解析成功 - https://raw.githubusercontent.com/kpsmail/new/b8a37cc90e6deca63c8dae4746eeb8321cb140dc/config.json - 作者: kpsmail, 更新时间: unknown, 大小: 0.0 KB
[2025-09-17 21:37:05] ✅ 解析成功 - https://raw.githubusercontent.com/Attiv/oriontv2/0c96b863bdf012b81f27cfeca03e3a7a1720d415/backend/src/config/config.json - 作者: Attiv, 更新时间: unknown, 大小: 0.0 KB
[2025-09-17 21:37:06] ✅ 解析成功 - https://raw.githubusercontent.com/lovevampplus/cfdata/48ae504408e44ef0a64d175cca50bc57efde28b7/96.json - 作者: lovevampplus, 更新时间: unknown, 大小: 0.0 KB
[2025-09-17 21:37:07] ✅ 解析成功 - https://raw.githubusercontent.com/katelya77/KatelyaTV/3ce1bd1ce4be0e8663766959e18c16387f573fac/config.example.json - 作者: katelya77, 更新时间: unknown, 大小: 0.0 KB
[2025-09-17 21:37:08] ✅ 解析成功 - https://raw.githubusercontent.com/hafrey1/LunaTV-config/b5334aaea91b103ca4eea9f985ad340eccb79fe2/luna-tv-config.json - 作者: hafrey1, 更新时间: unknown, 大小: 0.0 KB
[2025-09-17 15:11:04] ✅ 解析成功 - https://raw.githubusercontent.com/katelya77/KatelyaTV/3ce1bd1ce4be0e8663766959e18c16387f573fac/config.json - 作者: katelya77, 更新时间: unknown, 大小: 0.0 KB
[2025-09-17 15:11:05] ✅ 解析成功 - https://raw.githubusercontent.com/hafrey1/LunaTV-config/8c2ae4c78a7a0fecbe0cf63101a03d60b0abd67d/bukadun.json - 作者: hafrey1, 更新时间: unknown, 大小: 0.0 KB
[2025-09-17 15:11:05] ✅ 解析成功 - https://raw.githubusercontent.com/Stardm0/MoonTV/8b80486153e1e36a28a96b7d93d16179385ca515/config.json - 作者: Stardm0, 更新时间: unknown, 大小: 0.0 KB
[2025-09-17 15:11:05] ✅ 解析成功 - https://raw.githubusercontent.com/hjdhnx/drpy-node/8b288ee8d3f077da0fbda4ce6128dd219539ef17/scripts/mjs/moontv.json - 作者: hjdhnx, 更新时间: unknown, 大小: 0.0 KB
[2025-09-17 15:11:05] ✅ 解析成功 - https://raw.githubusercontent.com/lovevampplus/cfdata/48ae504408e44ef0a64d175cca50bc57efde28b7/moontv-config.json - 作者: lovevampplus, 更新时间: unknown, 大小: 0.0 KB
[2025-09-17 15:11:06] ✅ 解析成功 - https://raw.githubusercontent.com/webshellren/XMoonTV/ef052045a4f7a3a10c5907da4d30e3a90984b03b/config.json - 作者: webshellren, 更新时间: unknown, 大小: 0.0 KB
[2025-09-17 15:11:06] ✅ 解析成功 - https://raw.githubusercontent.com/adminlove520/ZySource-Collector/7338efa8ac27c42ca3f1a07ca3042b3a62cdcd2e/TV_collector/config_isadult.json - 作者: adminlove520, 更新时间: unknown, 大小: 0.0 KB
[2025-09-17 15:11:06] ✅ 解析成功 - https://raw.githubusercontent.com/SCXSVIP/TV/e7bc32117505d2bda3b31ade3dc96114c6ce623c/MoonTV/MoonTV-xs.json - 作者: SCXSVIP, 更新时间: unknown, 大小: 0.0 KB
[2025-09-17 15:11:06] ✅ 解析成功 - https://raw.githubusercontent.com/Pundsup/Live/bbe91626e69115bc3ff85563f4e382ecca41dc62/yszy.json - 作者: Pundsup, 更新时间: unknown, 大小: 0.0 KB
[2025-09-17 15:11:07] ✅ 解析成功 - https://raw.githubusercontent.com/sk3879921/tvjson/08db450c7edd85e8400aea409a9a37b7ad12226c/q.json - 作者: sk3879921, 更新时间: unknown, 大小: 0.0 KB
[2025-09-17 15:11:07] ✅ 解析成功 - https://raw.githubusercontent.com/chat263/tvjson/101fa5316b077c1f76ffd29af736826ef9aec168/m.json - 作者: chat263, 更新时间: unknown, 大小: 0.0 KB
[2025-09-17 15:11:07] ✅ 解析成功 - https://raw.githubusercontent.com/hanzhenya/hzyiptv/89d54a3700c0a28fa6682498c462a4af2112b95b/config(%E8%80%81).json - 作者: hanzhenya, 更新时间: unknown, 大小: 0.0 KB
[2025-09-17 15:11:07] ✅ 解析成功 - https://raw.githubusercontent.com/yjh800307/yjh800307.github.io/5d4deeb43a40e72546c31f43d6a29f52d4496561/moontv.json - 作者: yjh800307, 更新时间: unknown, 大小: 0.0 KB
[2025-09-17 15:11:08] ❌ JSON语法错误 - https://raw.githubusercontent.com/hafrey1/MoonTV1.1.1/614f381e5312d9821bd5fe058f9eed9426e96d23/config.json - Expecting value: line 151 column 1 (char 5001)
[2025-09-17 15:11:08] ✅ 解析成功 - https://raw.githubusercontent.com/sammy0101/myself/061a575bad1692315c8e41d97837db8bc1649855/MoonTV-config.json - 作者: sammy0101, 更新时间: unknown, 大小: 0.0 KB
[2025-09-17 15:11:08] ✅ 解析成功 - https://raw.githubusercontent.com/xqrock/openfile/d5499b069e4901c98e674935c5d2b295413d9d5b/config/vod.json - 作者: xqrock, 更新时间: unknown, 大小: 0.0 KB
[2025-09-17 15:11:09] ✅ 解析成功 - https://raw.githubusercontent.com/gxnas/TvBox/73fe7b54b2ac132896f821f76e6a877079250c81/20250823.json - 作者: gxnas, 更新时间: unknown, 大小: 0.0 KB
[2025-09-17 15:11:09] ✅ 解析成功 - https://raw.githubusercontent.com/yutian81/data-source/97c13655052a73d5f455801eed3d366b97acf3ce/OrionTV/config.json - 作者: yutian81, 更新时间: unknown, 大小: 0.0 KB
[2025-09-17 15:11:09] ✅ 解析成功 - https://raw.githubusercontent.com/PAICNI/Videos_PLUS/b51ff1521a1e77f17ad538ccfd3c100cc42e0663/MoonTV%E8%A7%86%E9%A2%91%E6%BA%90Plus%E7%89%88.json - 作者: PAICNI, 更新时间: unknown, 大小: 0.0 KB
[2025-09-17 15:11:09] ✅ 解析成功 - https://raw.githubusercontent.com/moli-xia/MoonTV-app/aea64cc2504b56ea05e23fc2af49c7ed5a305dea/config.json - 作者: moli-xia, 更新时间: unknown, 大小: 0.0 KB
[2025-09-17 15:11:10] ✅ 解析成功 - https://raw.githubusercontent.com/Jonney111/jonney_clash/2a8545f0367a753599af049d670f0d37c17b5738/moontv.json - 作者: Jonney111, 更新时间: unknown, 大小: 0.0 KB
[2025-09-17 15:11:10] ✅ 解析成功 - https://raw.githubusercontent.com/wenxiblog/WenXiTV/858aa80242728dbcb74a4b913eb92ebcaf6da04a/config.json - 作者: wenxiblog, 更新时间: unknown, 大小: 0.0 KB
[2025-09-17 15:11:10] ✅ 解析成功 - https://raw.githubusercontent.com/Pundsup/Live/bbe91626e69115bc3ff85563f4e382ecca41dc62/yszyby.json - 作者: Pundsup, 更新时间: unknown, 大小: 0.0 KB
[2025-09-17 15:11:10] ✅ 解析成功 - https://raw.githubusercontent.com/samqin123/MoonTV/c0bba763d16fb5cd830a808d58329025337491cf/config.json - 作者: samqin123, 更新时间: unknown, 大小: 0.0 KB
[2025-09-17 15:11:11] ✅ 解析成功 - https://raw.githubusercontent.com/zhumengkang/edgeone-moontv/262ce332a93ba34966adb07761e7bfab8faab7bf/config.json - 作者: zhumengkang, 更新时间: unknown, 大小: 0.0 KB
[2025-09-17 15:11:11] ✅ 解析成功 - https://raw.githubusercontent.com/kpsmail/new/b8a37cc90e6deca63c8dae4746eeb8321cb140dc/config.json - 作者: kpsmail, 更新时间: unknown, 大小: 0.0 KB
[2025-09-17 15:11:11] ✅ 解析成功 - https://raw.githubusercontent.com/Attiv/oriontv2/0c96b863bdf012b81f27cfeca03e3a7a1720d415/backend/src/config/config.json - 作者: Attiv, 更新时间: unknown, 大小: 0.0 KB
[2025-09-17 15:11:11] ✅ 解析成功 - https://raw.githubusercontent.com/lovevampplus/cfdata/48ae504408e44ef0a64d175cca50bc57efde28b7/96.json - 作者: lovevampplus, 更新时间: unknown, 大小: 0.0 KB
[2025-09-17 15:11:12] ✅ 解析成功 - https://raw.githubusercontent.com/katelya77/KatelyaTV/3ce1bd1ce4be0e8663766959e18c16387f573fac/config.example.json - 作者: katelya77, 更新时间: unknown, 大小: 0.0 KB
[2025-09-17 15:11:12] ✅ 解析成功 - https://raw.githubusercontent.com/hafrey1/LunaTV-config/8c2ae4c78a7a0fecbe0cf63101a03d60b0abd67d/luna-tv-config.json - 作者: hafrey1, 更新时间: unknown, 大小: 0.0 KB
[2025-09-17 15:23:58] ✅ 解析成功 - https://raw.githubusercontent.com/katelya77/KatelyaTV/3ce1bd1ce4be0e8663766959e18c16387f573fac/config.json - 作者: katelya77, 更新时间: unknown, 大小: 0.0 KB
[2025-09-17 15:23:58] ✅ 解析成功 - https://raw.githubusercontent.com/hafrey1/LunaTV-config/c1e7406bc853f7ea41dd70cc4c24bd08618ab8eb/bukadun.json - 作者: hafrey1, 更新时间: unknown, 大小: 0.0 KB
[2025-09-17 15:23:58] ✅ 解析成功 - https://raw.githubusercontent.com/Stardm0/MoonTV/8b80486153e1e36a28a96b7d93d16179385ca515/config.json - 作者: Stardm0, 更新时间: unknown, 大小: 0.0 KB
[2025-09-17 15:23:59] ✅ 解析成功 - https://raw.githubusercontent.com/hjdhnx/drpy-node/8b288ee8d3f077da0fbda4ce6128dd219539ef17/scripts/mjs/moontv.json - 作者: hjdhnx, 更新时间: unknown, 大小: 0.0 KB
[2025-09-17 15:23:59] ✅ 解析成功 - https://raw.githubusercontent.com/lovevampplus/cfdata/48ae504408e44ef0a64d175cca50bc57efde28b7/moontv-config.json - 作者: lovevampplus, 更新时间: unknown, 大小: 0.0 KB
[2025-09-17 15:23:59] ✅ 解析成功 - https://raw.githubusercontent.com/webshellren/XMoonTV/ef052045a4f7a3a10c5907da4d30e3a90984b03b/config.json - 作者: webshellren, 更新时间: unknown, 大小: 0.0 KB
[2025-09-17 15:23:59] ✅ 解析成功 - https://raw.githubusercontent.com/adminlove520/ZySource-Collector/7338efa8ac27c42ca3f1a07ca3042b3a62cdcd2e/TV_collector/config_isadult.json - 作者: adminlove520, 更新时间: unknown, 大小: 0.0 KB
[2025-09-17 15:24:00] ✅ 解析成功 - https://raw.githubusercontent.com/SCXSVIP/TV/e7bc32117505d2bda3b31ade3dc96114c6ce623c/MoonTV/MoonTV-xs.json - 作者: SCXSVIP, 更新时间: unknown, 大小: 0.0 KB
[2025-09-17 15:24:00] ✅ 解析成功 - https://raw.githubusercontent.com/Pundsup/Live/bbe91626e69115bc3ff85563f4e382ecca41dc62/yszy.json - 作者: Pundsup, 更新时间: unknown, 大小: 0.0 KB
[2025-09-17 15:24:00] ✅ 解析成功 - https://raw.githubusercontent.com/sk3879921/tvjson/08db450c7edd85e8400aea409a9a37b7ad12226c/q.json - 作者: sk3879921, 更新时间: unknown, 大小: 0.0 KB
[2025-09-17 15:24:01] ✅ 解析成功 - https://raw.githubusercontent.com/chat263/tvjson/101fa5316b077c1f76ffd29af736826ef9aec168/m.json - 作者: chat263, 更新时间: unknown, 大小: 0.0 KB
[2025-09-17 15:24:01] ✅ 解析成功 - https://raw.githubusercontent.com/hanzhenya/hzyiptv/89d54a3700c0a28fa6682498c462a4af2112b95b/config(%E8%80%81).json - 作者: hanzhenya, 更新时间: unknown, 大小: 0.0 KB
[2025-09-17 15:24:01] ✅ 解析成功 - https://raw.githubusercontent.com/yjh800307/yjh800307.github.io/5d4deeb43a40e72546c31f43d6a29f52d4496561/moontv.json - 作者: yjh800307, 更新时间: unknown, 大小: 0.0 KB
[2025-09-17 15:24:01] ❌ JSON语法错误 - https://raw.githubusercontent.com/hafrey1/MoonTV1.1.1/614f381e5312d9821bd5fe058f9eed9426e96d23/config.json - Expecting value: line 151 column 1 (char 5001)
[2025-09-17 15:24:02] ✅ 解析成功 - https://raw.githubusercontent.com/sammy0101/myself/061a575bad1692315c8e41d97837db8bc1649855/MoonTV-config.json - 作者: sammy0101, 更新时间: unknown, 大小: 0.0 KB
[2025-09-17 15:24:02] ✅ 解析成功 - https://raw.githubusercontent.com/xqrock/openfile/d5499b069e4901c98e674935c5d2b295413d9d5b/config/vod.json - 作者: xqrock, 更新时间: unknown, 大小: 0.0 KB
[2025-09-17 15:24:02] ✅ 解析成功 - https://raw.githubusercontent.com/gxnas/TvBox/73fe7b54b2ac132896f821f76e6a877079250c81/20250823.json - 作者: gxnas, 更新时间: unknown, 大小: 0.0 KB
[2025-09-17 15:24:03] ✅ 解析成功 - https://raw.githubusercontent.com/yutian81/data-source/97c13655052a73d5f455801eed3d366b97acf3ce/OrionTV/config.json - 作者: yutian81, 更新时间: unknown, 大小: 0.0 KB
[2025-09-17 15:24:03] ✅ 解析成功 - https://raw.githubusercontent.com/PAICNI/Videos_PLUS/b51ff1521a1e77f17ad538ccfd3c100cc42e0663/MoonTV%E8%A7%86%E9%A2%91%E6%BA%90Plus%E7%89%88.json - 作者: PAICNI, 更新时间: unknown, 大小: 0.0 KB
[2025-09-17 15:24:03] ✅ 解析成功 - https://raw.githubusercontent.com/moli-xia/MoonTV-app/aea64cc2504b56ea05e23fc2af49c7ed5a305dea/config.json - 作者: moli-xia, 更新时间: unknown, 大小: 0.0 KB
[2025-09-17 15:24:04] ✅ 解析成功 - https://raw.githubusercontent.com/Jonney111/jonney_clash/2a8545f0367a753599af049d670f0d37c17b5738/moontv.json - 作者: Jonney111, 更新时间: unknown, 大小: 0.0 KB
[2025-09-17 15:24:04] ✅ 解析成功 - https://raw.githubusercontent.com/wenxiblog/WenXiTV/858aa80242728dbcb74a4b913eb92ebcaf6da04a/config.json - 作者: wenxiblog, 更新时间: unknown, 大小: 0.0 KB
[2025-09-17 15:24:04] ✅ 解析成功 - https://raw.githubusercontent.com/Pundsup/Live/bbe91626e69115bc3ff85563f4e382ecca41dc62/yszyby.json - 作者: Pundsup, 更新时间: unknown, 大小: 0.0 KB
[2025-09-17 15:24:04] ✅ 解析成功 - https://raw.githubusercontent.com/samqin123/MoonTV/c0bba763d16fb5cd830a808d58329025337491cf/config.json - 作者: samqin123, 更新时间: unknown, 大小: 0.0 KB
[2025-09-17 15:24:05] ✅ 解析成功 - https://raw.githubusercontent.com/zhumengkang/edgeone-moontv/262ce332a93ba34966adb07761e7bfab8faab7bf/config.json - 作者: zhumengkang, 更新时间: unknown, 大小: 0.0 KB
[2025-09-17 15:24:05] ✅ 解析成功 - https://raw.githubusercontent.com/kpsmail/new/b8a37cc90e6deca63c8dae4746eeb8321cb140dc/config.json - 作者: kpsmail, 更新时间: unknown, 大小: 0.0 KB
[2025-09-17 15:24:05] ✅ 解析成功 - https://raw.githubusercontent.com/Attiv/oriontv2/0c96b863bdf012b81f27cfeca03e3a7a1720d415/backend/src/config/config.json - 作者: Attiv, 更新时间: unknown, 大小: 0.0 KB
[2025-09-17 15:24:06] ✅ 解析成功 - https://raw.githubusercontent.com/lovevampplus/cfdata/48ae504408e44ef0a64d175cca50bc57efde28b7/96.json - 作者: lovevampplus, 更新时间: unknown, 大小: 0.0 KB
[2025-09-17 15:24:06] ✅ 解析成功 - https://raw.githubusercontent.com/katelya77/KatelyaTV/3ce1bd1ce4be0e8663766959e18c16387f573fac/config.example.json - 作者: katelya77, 更新时间: unknown, 大小: 0.0 KB
[2025-09-17 15:24:06] ✅ 解析成功 - https://raw.githubusercontent.com/hafrey1/LunaTV-config/c1e7406bc853f7ea41dd70cc4c24bd08618ab8eb/luna-tv-config.json - 作者: hafrey1, 更新时间: unknown, 大小: 0.0 KB
[2025-09-18 01:22:00] ✅ 解析成功 - https://raw.githubusercontent.com/katelya77/KatelyaTV/3ce1bd1ce4be0e8663766959e18c16387f573fac/config.json - 作者: katelya77, 更新时间: unknown, 大小: 0.0 KB
[2025-09-18 01:22:01] ✅ 解析成功 - https://raw.githubusercontent.com/hafrey1/LunaTV-config/812112115ad2e372d0520c3416d4ed5281f6b7d8/bukadun.json - 作者: hafrey1, 更新时间: unknown, 大小: 0.0 KB
[2025-09-18 01:22:01] ✅ 解析成功 - https://raw.githubusercontent.com/Stardm0/MoonTV/8b80486153e1e36a28a96b7d93d16179385ca515/config.json - 作者: Stardm0, 更新时间: unknown, 大小: 0.0 KB
[2025-09-18 01:22:01] ✅ 解析成功 - https://raw.githubusercontent.com/hjdhnx/drpy-node/8374c0459e90eb2facf94491c97b51130a61e630/scripts/mjs/moontv.json - 作者: hjdhnx, 更新时间: unknown, 大小: 0.0 KB
[2025-09-18 01:22:01] ✅ 解析成功 - https://raw.githubusercontent.com/lovevampplus/cfdata/48ae504408e44ef0a64d175cca50bc57efde28b7/moontv-config.json - 作者: lovevampplus, 更新时间: unknown, 大小: 0.0 KB
[2025-09-18 01:22:01] ✅ 解析成功 - https://raw.githubusercontent.com/webshellren/XMoonTV/ef052045a4f7a3a10c5907da4d30e3a90984b03b/config.json - 作者: webshellren, 更新时间: unknown, 大小: 0.0 KB
[2025-09-18 01:22:02] ✅ 解析成功 - https://raw.githubusercontent.com/adminlove520/ZySource-Collector/7338efa8ac27c42ca3f1a07ca3042b3a62cdcd2e/TV_collector/config_isadult.json - 作者: adminlove520, 更新时间: unknown, 大小: 0.0 KB
[2025-09-18 01:22:02] ✅ 解析成功 - https://raw.githubusercontent.com/SCXSVIP/TV/e7bc32117505d2bda3b31ade3dc96114c6ce623c/MoonTV/MoonTV-xs.json - 作者: SCXSVIP, 更新时间: unknown, 大小: 0.0 KB
[2025-09-18 01:22:02] ✅ 解析成功 - https://raw.githubusercontent.com/Pundsup/Live/bbe91626e69115bc3ff85563f4e382ecca41dc62/yszy.json - 作者: Pundsup, 更新时间: unknown, 大小: 0.0 KB
[2025-09-18 01:22:02] ✅ 解析成功 - https://raw.githubusercontent.com/sk3879921/tvjson/08db450c7edd85e8400aea409a9a37b7ad12226c/q.json - 作者: sk3879921, 更新时间: unknown, 大小: 0.0 KB
[2025-09-18 01:22:02] ✅ 解析成功 - https://raw.githubusercontent.com/chat263/tvjson/101fa5316b077c1f76ffd29af736826ef9aec168/m.json - 作者: chat263, 更新时间: unknown, 大小: 0.0 KB
[2025-09-18 01:22:02] ✅ 解析成功 - https://raw.githubusercontent.com/hanzhenya/hzyiptv/89d54a3700c0a28fa6682498c462a4af2112b95b/config(%E8%80%81).json - 作者: hanzhenya, 更新时间: unknown, 大小: 0.0 KB
[2025-09-18 01:22:03] ✅ 解析成功 - https://raw.githubusercontent.com/yjh800307/yjh800307.github.io/5d4deeb43a40e72546c31f43d6a29f52d4496561/moontv.json - 作者: yjh800307, 更新时间: unknown, 大小: 0.0 KB
[2025-09-18 01:22:03] ❌ JSON语法错误 - https://raw.githubusercontent.com/hafrey1/MoonTV1.1.1/614f381e5312d9821bd5fe058f9eed9426e96d23/config.json - Expecting value: line 151 column 1 (char 5001)
[2025-09-18 01:22:03] ✅ 解析成功 - https://raw.githubusercontent.com/sammy0101/myself/061a575bad1692315c8e41d97837db8bc1649855/MoonTV-config.json - 作者: sammy0101, 更新时间: unknown, 大小: 0.0 KB
[2025-09-18 01:22:03] ✅ 解析成功 - https://raw.githubusercontent.com/xqrock/openfile/d5499b069e4901c98e674935c5d2b295413d9d5b/config/vod.json - 作者: xqrock, 更新时间: unknown, 大小: 0.0 KB
[2025-09-18 01:22:03] ✅ 解析成功 - https://raw.githubusercontent.com/gxnas/TvBox/73fe7b54b2ac132896f821f76e6a877079250c81/20250823.json - 作者: gxnas, 更新时间: unknown, 大小: 0.0 KB
[2025-09-18 01:22:04] ✅ 解析成功 - https://raw.githubusercontent.com/katelya77/KatelyaTV/3ce1bd1ce4be0e8663766959e18c16387f573fac/config.example.json - 作者: katelya77, 更新时间: unknown, 大小: 0.0 KB
[2025-09-18 01:22:04] ✅ 解析成功 - https://raw.githubusercontent.com/PAICNI/Videos_PLUS/b51ff1521a1e77f17ad538ccfd3c100cc42e0663/MoonTV%E8%A7%86%E9%A2%91%E6%BA%90Plus%E7%89%88.json - 作者: PAICNI, 更新时间: unknown, 大小: 0.0 KB
[2025-09-18 01:22:04] ✅ 解析成功 - https://raw.githubusercontent.com/Pundsup/Live/bbe91626e69115bc3ff85563f4e382ecca41dc62/yszyby.json - 作者: Pundsup, 更新时间: unknown, 大小: 0.0 KB
[2025-09-18 01:22:04] ✅ 解析成功 - https://raw.githubusercontent.com/wenxiblog/WenXiTV/858aa80242728dbcb74a4b913eb92ebcaf6da04a/config.json - 作者: wenxiblog, 更新时间: unknown, 大小: 0.0 KB
[2025-09-18 01:22:04] ✅ 解析成功 - https://raw.githubusercontent.com/moli-xia/MoonTV-app/aea64cc2504b56ea05e23fc2af49c7ed5a305dea/config.json - 作者: moli-xia, 更新时间: unknown, 大小: 0.0 KB
[2025-09-18 01:22:04] ✅ 解析成功 - https://raw.githubusercontent.com/samqin123/MoonTV/c0bba763d16fb5cd830a808d58329025337491cf/config.json - 作者: samqin123, 更新时间: unknown, 大小: 0.0 KB
[2025-09-18 01:22:05] ✅ 解析成功 - https://raw.githubusercontent.com/zhumengkang/edgeone-moontv/262ce332a93ba34966adb07761e7bfab8faab7bf/config.json - 作者: zhumengkang, 更新时间: unknown, 大小: 0.0 KB
[2025-09-18 01:22:05] ✅ 解析成功 - https://raw.githubusercontent.com/Attiv/oriontv2/0c96b863bdf012b81f27cfeca03e3a7a1720d415/backend/src/config/config.json - 作者: Attiv, 更新时间: unknown, 大小: 0.0 KB
[2025-09-18 01:22:05] ✅ 解析成功 - https://raw.githubusercontent.com/kpsmail/new/b8a37cc90e6deca63c8dae4746eeb8321cb140dc/config.json - 作者: kpsmail, 更新时间: unknown, 大小: 0.0 KB
[2025-09-18 01:22:05] ✅ 解析成功 - https://raw.githubusercontent.com/Jonney111/jonney_clash/2a8545f0367a753599af049d670f0d37c17b5738/moontv.json - 作者: Jonney111, 更新时间: unknown, 大小: 0.0 KB
[2025-09-18 01:22:06] ✅ 解析成功 - https://raw.githubusercontent.com/hafrey1/LunaTV-config/812112115ad2e372d0520c3416d4ed5281f6b7d8/luna-tv-config.json - 作者: hafrey1, 更新时间: unknown, 大小: 0.0 KB
[2025-09-18 01:22:06] ✅ 解析成功 - https://raw.githubusercontent.com/xuyuani/moontv/ea3d1065e8bbdfde379700bf74eb634e88915ab2/config.json - 作者: xuyuani, 更新时间: unknown, 大小: 0.0 KB
[2025-09-18 01:22:06] ✅ 解析成功 - https://raw.githubusercontent.com/869203553/guize/eb8fa7240b289603d833d3d4ae4201f74bcb1bd4/config.json - 作者: 869203553, 更新时间: unknown, 大小: 0.0 KB
[2025-09-19 01:24:40] ✅ 解析成功 - https://raw.githubusercontent.com/katelya77/KatelyaTV/3ce1bd1ce4be0e8663766959e18c16387f573fac/config.json - 作者: katelya77, 更新时间: unknown, 大小: 0.0 KB
[2025-09-19 01:24:40] ✅ 解析成功 - https://raw.githubusercontent.com/hafrey1/LunaTV-config/6c6eb6643d7eb180aa330e988ca28c9ae6753cba/jinhuang.json - 作者: hafrey1, 更新时间: unknown, 大小: 0.0 KB
[2025-09-19 01:24:40] ✅ 解析成功 - https://raw.githubusercontent.com/Stardm0/MoonTV/71748dced81c85af5579a8a34b5b3c372ff01fca/config.json - 作者: Stardm0, 更新时间: unknown, 大小: 0.0 KB
[2025-09-19 01:24:40] ✅ 解析成功 - https://raw.githubusercontent.com/hjdhnx/drpy-node/8061fff0971393498f74554d592f872ec75c1ed5/scripts/mjs/moontv.json - 作者: hjdhnx, 更新时间: unknown, 大小: 0.0 KB
[2025-09-19 01:24:41] ✅ 解析成功 - https://raw.githubusercontent.com/lovevampplus/cfdata/48ae504408e44ef0a64d175cca50bc57efde28b7/moontv-config.json - 作者: lovevampplus, 更新时间: unknown, 大小: 0.0 KB
[2025-09-19 01:24:41] ✅ 解析成功 - https://raw.githubusercontent.com/webshellren/XMoonTV/ef052045a4f7a3a10c5907da4d30e3a90984b03b/config.json - 作者: webshellren, 更新时间: unknown, 大小: 0.0 KB
[2025-09-19 01:24:41] ✅ 解析成功 - https://raw.githubusercontent.com/adminlove520/ZySource-Collector/7338efa8ac27c42ca3f1a07ca3042b3a62cdcd2e/TV_collector/config_isadult.json - 作者: adminlove520, 更新时间: unknown, 大小: 0.0 KB
[2025-09-19 01:24:41] ✅ 解析成功 - https://raw.githubusercontent.com/SCXSVIP/TV/e7bc32117505d2bda3b31ade3dc96114c6ce623c/MoonTV/MoonTV-xs.json - 作者: SCXSVIP, 更新时间: unknown, 大小: 0.0 KB
[2025-09-19 01:24:42] ✅ 解析成功 - https://raw.githubusercontent.com/Pundsup/Live/f1d0ff8f2fd81af125275660342db47b9ce2fdd3/yszy.json - 作者: Pundsup, 更新时间: unknown, 大小: 0.0 KB
[2025-09-19 01:24:42] ✅ 解析成功 - https://raw.githubusercontent.com/hanzhenya/hzyiptv/89d54a3700c0a28fa6682498c462a4af2112b95b/config(%E8%80%81).json - 作者: hanzhenya, 更新时间: unknown, 大小: 0.0 KB
[2025-09-19 01:24:42] ✅ 解析成功 - https://raw.githubusercontent.com/chat263/tvjson/101fa5316b077c1f76ffd29af736826ef9aec168/m.json - 作者: chat263, 更新时间: unknown, 大小: 0.0 KB
[2025-09-19 01:24:43] ✅ 解析成功 - https://raw.githubusercontent.com/zhumengkang/edgeone-moontv/262ce332a93ba34966adb07761e7bfab8faab7bf/config.json - 作者: zhumengkang, 更新时间: unknown, 大小: 0.0 KB
[2025-09-19 01:24:43] ✅ 解析成功 - https://raw.githubusercontent.com/lovevampplus/cfdata/48ae504408e44ef0a64d175cca50bc57efde28b7/96.json - 作者: lovevampplus, 更新时间: unknown, 大小: 0.0 KB
[2025-09-19 01:24:43] ✅ 解析成功 - https://raw.githubusercontent.com/yutian81/data-source/97c13655052a73d5f455801eed3d366b97acf3ce/OrionTV/config.json - 作者: yutian81, 更新时间: unknown, 大小: 0.0 KB
[2025-09-19 01:24:43] ✅ 解析成功 - https://raw.githubusercontent.com/sk3879921/tvjson/08db450c7edd85e8400aea409a9a37b7ad12226c/q.json - 作者: sk3879921, 更新时间: unknown, 大小: 0.0 KB
[2025-09-19 01:24:44] ✅ 解析成功 - https://raw.githubusercontent.com/gxnas/TvBox/73fe7b54b2ac132896f821f76e6a877079250c81/20250823.json - 作者: gxnas, 更新时间: unknown, 大小: 0.0 KB
[2025-09-19 01:24:44] ✅ 解析成功 - https://raw.githubusercontent.com/yjh800307/yjh800307.github.io/4b825da4ab5059eae4f36ffc59877d0b5a76ea63/moontv.json - 作者: yjh800307, 更新时间: unknown, 大小: 0.0 KB
[2025-09-19 01:24:44] ✅ 解析成功 - https://raw.githubusercontent.com/jeffliub/MoonTV2/0a23fd92f0523ba828a445dfbe41f563eec65d66/config.json - 作者: jeffliub, 更新时间: unknown, 大小: 0.0 KB
[2025-09-19 01:24:45] ✅ 解析成功 - https://raw.githubusercontent.com/PAICNI/Videos_PLUS/b51ff1521a1e77f17ad538ccfd3c100cc42e0663/MoonTV%E8%A7%86%E9%A2%91%E6%BA%90Plus%E7%89%88.json - 作者: PAICNI, 更新时间: unknown, 大小: 0.0 KB
[2025-09-19 01:24:45] ✅ 解析成功 - https://raw.githubusercontent.com/sammy0101/myself/061a575bad1692315c8e41d97837db8bc1649855/MoonTV-config.json - 作者: sammy0101, 更新时间: unknown, 大小: 0.0 KB
[2025-09-19 01:24:45] ✅ 解析成功 - https://raw.githubusercontent.com/katelya77/KatelyaTV/3ce1bd1ce4be0e8663766959e18c16387f573fac/config.example.json - 作者: katelya77, 更新时间: unknown, 大小: 0.0 KB
[2025-09-19 01:24:45] ✅ 解析成功 - https://raw.githubusercontent.com/kpsmail/new/b8a37cc90e6deca63c8dae4746eeb8321cb140dc/config.json - 作者: kpsmail, 更新时间: unknown, 大小: 0.0 KB
[2025-09-19 01:24:46] ✅ 解析成功 - https://raw.githubusercontent.com/samqin123/MoonTV/c0bba763d16fb5cd830a808d58329025337491cf/config.json - 作者: samqin123, 更新时间: unknown, 大小: 0.0 KB
[2025-09-19 01:24:46] ✅ 解析成功 - https://raw.githubusercontent.com/Jonney111/jonney_clash/2a8545f0367a753599af049d670f0d37c17b5738/moontv.json - 作者: Jonney111, 更新时间: unknown, 大小: 0.0 KB
[2025-09-19 01:24:46] ✅ 解析成功 - https://raw.githubusercontent.com/chisenin/rules-template/f13bac1ac2379c1f6c3c6cf28a9daa29fbf804f8/config.json - 作者: chisenin, 更新时间: unknown, 大小: 0.0 KB
[2025-09-19 01:24:47] ✅ 解析成功 - https://raw.githubusercontent.com/xf959211192/xf-tv/e72c802958a022efc31970bd5286e90c61facd3a/config.json - 作者: xf959211192, 更新时间: unknown, 大小: 0.0 KB
[2025-09-19 01:24:47] ✅ 解析成功 - https://raw.githubusercontent.com/moli-xia/MoonTV-app/aea64cc2504b56ea05e23fc2af49c7ed5a305dea/config.json - 作者: moli-xia, 更新时间: unknown, 大小: 0.0 KB
[2025-09-19 01:24:47] ❌ JSON语法错误 - https://raw.githubusercontent.com/hafrey1/MoonTV1.1.1/614f381e5312d9821bd5fe058f9eed9426e96d23/config.json - Expecting value: line 151 column 1 (char 5001)
[2025-09-19 01:24:47] ✅ 解析成功 - https://raw.githubusercontent.com/hafrey1/LunaTV-config/6c6eb6643d7eb180aa330e988ca28c9ae6753cba/luna-tv-config.json - 作者: hafrey1, 更新时间: unknown, 大小: 0.0 KB
[2025-09-19 01:24:48] ✅ 解析成功 - https://raw.githubusercontent.com/Pundsup/Live/f1d0ff8f2fd81af125275660342db47b9ce2fdd3/yszyby.json - 作者: Pundsup, 更新时间: unknown, 大小: 0.0 KB
[2025-09-20 01:20:44] ✅ 解析成功 - https://raw.githubusercontent.com/katelya77/KatelyaTV/3ce1bd1ce4be0e8663766959e18c16387f573fac/config.json - 作者: katelya77, 更新时间: unknown, 大小: 0.0 KB
[2025-09-20 01:20:44] ✅ 解析成功 - https://raw.githubusercontent.com/hafrey1/LunaTV-config/c40a22c91e915f6e76b754c9bce8b3b892fe47ff/jinhuang.json - 作者: hafrey1, 更新时间: unknown, 大小: 0.0 KB
[2025-09-20 01:20:44] ✅ 解析成功 - https://raw.githubusercontent.com/Stardm0/MoonTV/1d533af1f0f4d0c7d848f07b06cbb81a481530cc/config.json - 作者: Stardm0, 更新时间: unknown, 大小: 0.0 KB
[2025-09-20 01:20:44] ✅ 解析成功 - https://raw.githubusercontent.com/hjdhnx/drpy-node/8061fff0971393498f74554d592f872ec75c1ed5/scripts/mjs/moontv.json - 作者: hjdhnx, 更新时间: unknown, 大小: 0.0 KB
[2025-09-20 01:20:44] ✅ 解析成功 - https://raw.githubusercontent.com/gxnas/TvBox/73fe7b54b2ac132896f821f76e6a877079250c81/20250823.json - 作者: gxnas, 更新时间: unknown, 大小: 0.0 KB
[2025-09-20 01:20:45] ✅ 解析成功 - https://raw.githubusercontent.com/lovevampplus/cfdata/48ae504408e44ef0a64d175cca50bc57efde28b7/moontv-config.json - 作者: lovevampplus, 更新时间: unknown, 大小: 0.0 KB
[2025-09-20 01:20:45] ✅ 解析成功 - https://raw.githubusercontent.com/Pundsup/Live/f1d0ff8f2fd81af125275660342db47b9ce2fdd3/yszy.json - 作者: Pundsup, 更新时间: unknown, 大小: 0.0 KB
[2025-09-20 01:20:45] ✅ 解析成功 - https://raw.githubusercontent.com/hanzhenya/hzyiptv/89d54a3700c0a28fa6682498c462a4af2112b95b/config(%E8%80%81).json - 作者: hanzhenya, 更新时间: unknown, 大小: 0.0 KB
[2025-09-20 01:20:45] ✅ 解析成功 - https://raw.githubusercontent.com/hafrey1/LunaTV-config/c40a22c91e915f6e76b754c9bce8b3b892fe47ff/LunaTV-config.json - 作者: hafrey1, 更新时间: unknown, 大小: 0.0 KB
[2025-09-20 01:20:45] ✅ 解析成功 - https://raw.githubusercontent.com/yutian81/data-source/97c13655052a73d5f455801eed3d366b97acf3ce/OrionTV/config.json - 作者: yutian81, 更新时间: unknown, 大小: 0.0 KB
[2025-09-20 01:20:45] ✅ 解析成功 - https://raw.githubusercontent.com/chat263/tvjson/101fa5316b077c1f76ffd29af736826ef9aec168/m.json - 作者: chat263, 更新时间: unknown, 大小: 0.0 KB
[2025-09-20 01:20:46] ✅ 解析成功 - https://raw.githubusercontent.com/PAICNI/Videos_PLUS/b51ff1521a1e77f17ad538ccfd3c100cc42e0663/MoonTV%E8%A7%86%E9%A2%91%E6%BA%90Plus%E7%89%88.json - 作者: PAICNI, 更新时间: unknown, 大小: 0.0 KB
[2025-09-20 01:20:46] ✅ 解析成功 - https://raw.githubusercontent.com/xqrock/openfile/d5499b069e4901c98e674935c5d2b295413d9d5b/config/vod.json - 作者: xqrock, 更新时间: unknown, 大小: 0.0 KB
[2025-09-20 01:20:46] ✅ 解析成功 - https://raw.githubusercontent.com/SCXSVIP/TV/e7bc32117505d2bda3b31ade3dc96114c6ce623c/MoonTV/MoonTV-xs.json - 作者: SCXSVIP, 更新时间: unknown, 大小: 0.0 KB
[2025-09-20 01:20:46] ✅ 解析成功 - https://raw.githubusercontent.com/sk3879921/tvjson/08db450c7edd85e8400aea409a9a37b7ad12226c/q.json - 作者: sk3879921, 更新时间: unknown, 大小: 0.0 KB
[2025-09-20 01:20:46] ✅ 解析成功 - https://raw.githubusercontent.com/louis779/moontyv/0fe913bafef02036b393feed5683349145c9480a/config.json - 作者: louis779, 更新时间: unknown, 大小: 0.0 KB
[2025-09-20 01:20:47] ✅ 解析成功 - https://raw.githubusercontent.com/Jonney111/jonney_clash/2a8545f0367a753599af049d670f0d37c17b5738/moontv.json - 作者: Jonney111, 更新时间: unknown, 大小: 0.0 KB
[2025-09-20 01:20:47] ✅ 解析成功 - https://raw.githubusercontent.com/SeqCrafter/MyStaticFile/bcf26cd0a34c6ebff4a4bf6a1b355e72ea71431c/MoonTV/config.json - 作者: SeqCrafter, 更新时间: unknown, 大小: 0.0 KB
[2025-09-20 01:20:47] ✅ 解析成功 - https://raw.githubusercontent.com/lovevampplus/cfdata/48ae504408e44ef0a64d175cca50bc57efde28b7/96.json - 作者: lovevampplus, 更新时间: unknown, 大小: 0.0 KB
[2025-09-20 01:20:47] ✅ 解析成功 - https://raw.githubusercontent.com/yjh800307/yjh800307.github.io/4b825da4ab5059eae4f36ffc59877d0b5a76ea63/moontv.json - 作者: yjh800307, 更新时间: unknown, 大小: 0.0 KB
[2025-09-20 01:20:47] ✅ 解析成功 - https://raw.githubusercontent.com/katelya77/KatelyaTV/3ce1bd1ce4be0e8663766959e18c16387f573fac/config.example.json - 作者: katelya77, 更新时间: unknown, 大小: 0.0 KB
[2025-09-20 01:20:47] ✅ 解析成功 - https://raw.githubusercontent.com/sammy0101/myself/061a575bad1692315c8e41d97837db8bc1649855/MoonTV-config.json - 作者: sammy0101, 更新时间: unknown, 大小: 0.0 KB
[2025-09-20 01:20:48] ✅ 解析成功 - https://raw.githubusercontent.com/kpsmail/new/7b0c540266a7a0797eb4c127447a45d456e387ec/config.json - 作者: kpsmail, 更新时间: unknown, 大小: 0.0 KB
[2025-09-20 01:20:48] ✅ 解析成功 - https://raw.githubusercontent.com/jeffliub/MoonTV2/0a23fd92f0523ba828a445dfbe41f563eec65d66/config.json - 作者: jeffliub, 更新时间: unknown, 大小: 0.0 KB
[2025-09-20 01:20:48] ✅ 解析成功 - https://raw.githubusercontent.com/xuyuani/moontv/ea3d1065e8bbdfde379700bf74eb634e88915ab2/config.json - 作者: xuyuani, 更新时间: unknown, 大小: 0.0 KB
[2025-09-20 01:20:48] ✅ 解析成功 - https://raw.githubusercontent.com/wenxiblog/WenXiTV/858aa80242728dbcb74a4b913eb92ebcaf6da04a/config.json - 作者: wenxiblog, 更新时间: unknown, 大小: 0.0 KB
[2025-09-20 01:20:48] ❌ JSON语法错误 - https://raw.githubusercontent.com/hafrey1/MoonTV1.1.1/614f381e5312d9821bd5fe058f9eed9426e96d23/config.json - Expecting value: line 151 column 1 (char 5001)
[2025-09-20 01:20:49] ✅ 解析成功 - https://raw.githubusercontent.com/adminlove520/ZySource-Collector/7338efa8ac27c42ca3f1a07ca3042b3a62cdcd2e/TV_collector/config_isadult.json - 作者: adminlove520, 更新时间: unknown, 大小: 0.0 KB
[2025-09-20 01:20:49] ✅ 解析成功 - https://raw.githubusercontent.com/zhangxiaofeng05/zdocker/4e8c2ff67085ca703a28d003b465f6150c8df9b4/data/katelyatv/config.json - 作者: zhangxiaofeng05, 更新时间: unknown, 大小: 0.0 KB
[2025-09-20 01:20:49] ✅ 解析成功 - https://raw.githubusercontent.com/webshellren/XMoonTV/ef052045a4f7a3a10c5907da4d30e3a90984b03b/config.json - 作者: webshellren, 更新时间: unknown, 大小: 0.0 KB
[2025-09-21 01:38:10] ✅ 解析成功 - https://raw.githubusercontent.com/katelya77/KatelyaTV/3ce1bd1ce4be0e8663766959e18c16387f573fac/config.json - 作者: katelya77, 更新时间: unknown, 大小: 0.0 KB
[2025-09-21 01:38:10] ✅ 解析成功 - https://raw.githubusercontent.com/hafrey1/LunaTV-config/6077b2dd3525b59e92ca9adad60a569daba4a84b/jinhuang.json - 作者: hafrey1, 更新时间: unknown, 大小: 0.0 KB
[2025-09-21 01:38:10] ✅ 解析成功 - https://raw.githubusercontent.com/Stardm0/MoonTV/1d533af1f0f4d0c7d848f07b06cbb81a481530cc/config.json - 作者: Stardm0, 更新时间: unknown, 大小: 0.0 KB
[2025-09-21 01:38:10] ✅ 解析成功 - https://raw.githubusercontent.com/hjdhnx/drpy-node/8061fff0971393498f74554d592f872ec75c1ed5/scripts/mjs/moontv.json - 作者: hjdhnx, 更新时间: unknown, 大小: 0.0 KB
[2025-09-21 01:38:10] ✅ 解析成功 - https://raw.githubusercontent.com/gxnas/TvBox/73fe7b54b2ac132896f821f76e6a877079250c81/20250823.json - 作者: gxnas, 更新时间: unknown, 大小: 0.0 KB
[2025-09-21 01:38:11] ✅ 解析成功 - https://raw.githubusercontent.com/lovevampplus/cfdata/48ae504408e44ef0a64d175cca50bc57efde28b7/moontv-config.json - 作者: lovevampplus, 更新时间: unknown, 大小: 0.0 KB
[2025-09-21 01:38:11] ✅ 解析成功 - https://raw.githubusercontent.com/Pundsup/Live/70a227a03230d703b7940a3596f1f76601f0bb36/yszy.json - 作者: Pundsup, 更新时间: unknown, 大小: 0.0 KB
[2025-09-21 01:38:11] ✅ 解析成功 - https://raw.githubusercontent.com/hanzhenya/hzyiptv/89d54a3700c0a28fa6682498c462a4af2112b95b/config(%E8%80%81).json - 作者: hanzhenya, 更新时间: unknown, 大小: 0.0 KB
[2025-09-21 01:38:11] ✅ 解析成功 - https://raw.githubusercontent.com/hafrey1/LunaTV-config/6077b2dd3525b59e92ca9adad60a569daba4a84b/LunaTV-config.json - 作者: hafrey1, 更新时间: unknown, 大小: 0.0 KB
[2025-09-21 01:38:11] ✅ 解析成功 - https://raw.githubusercontent.com/yutian81/data-source/97c13655052a73d5f455801eed3d366b97acf3ce/OrionTV/config.json - 作者: yutian81, 更新时间: unknown, 大小: 0.0 KB
[2025-09-21 01:38:11] ✅ 解析成功 - https://raw.githubusercontent.com/chat263/tvjson/101fa5316b077c1f76ffd29af736826ef9aec168/m.json - 作者: chat263, 更新时间: unknown, 大小: 0.0 KB
[2025-09-21 01:38:12] ✅ 解析成功 - https://raw.githubusercontent.com/PAICNI/Videos_PLUS/b51ff1521a1e77f17ad538ccfd3c100cc42e0663/MoonTV%E8%A7%86%E9%A2%91%E6%BA%90Plus%E7%89%88.json - 作者: PAICNI, 更新时间: unknown, 大小: 0.0 KB
[2025-09-21 01:38:12] ✅ 解析成功 - https://raw.githubusercontent.com/xqrock/openfile/d5499b069e4901c98e674935c5d2b295413d9d5b/config/vod.json - 作者: xqrock, 更新时间: unknown, 大小: 0.0 KB
[2025-09-21 01:38:12] ✅ 解析成功 - https://raw.githubusercontent.com/SCXSVIP/TV/e7bc32117505d2bda3b31ade3dc96114c6ce623c/MoonTV/MoonTV-xs.json - 作者: SCXSVIP, 更新时间: unknown, 大小: 0.0 KB
[2025-09-21 01:38:12] ✅ 解析成功 - https://raw.githubusercontent.com/sk3879921/tvjson/08db450c7edd85e8400aea409a9a37b7ad12226c/q.json - 作者: sk3879921, 更新时间: unknown, 大小: 0.0 KB
[2025-09-21 01:38:12] ✅ 解析成功 - https://raw.githubusercontent.com/louis779/moontyv/0fe913bafef02036b393feed5683349145c9480a/config.json - 作者: louis779, 更新时间: unknown, 大小: 0.0 KB
[2025-09-21 01:38:13] ✅ 解析成功 - https://raw.githubusercontent.com/Jonney111/jonney_clash/2a8545f0367a753599af049d670f0d37c17b5738/moontv.json - 作者: Jonney111, 更新时间: unknown, 大小: 0.0 KB
[2025-09-21 01:38:13] ✅ 解析成功 - https://raw.githubusercontent.com/SeqCrafter/MyStaticFile/bcf26cd0a34c6ebff4a4bf6a1b355e72ea71431c/MoonTV/config.json - 作者: SeqCrafter, 更新时间: unknown, 大小: 0.0 KB
[2025-09-21 01:38:13] ✅ 解析成功 - https://raw.githubusercontent.com/lovevampplus/cfdata/48ae504408e44ef0a64d175cca50bc57efde28b7/96.json - 作者: lovevampplus, 更新时间: unknown, 大小: 0.0 KB
[2025-09-21 01:38:13] ✅ 解析成功 - https://raw.githubusercontent.com/yjh800307/yjh800307.github.io/4b825da4ab5059eae4f36ffc59877d0b5a76ea63/moontv.json - 作者: yjh800307, 更新时间: unknown, 大小: 0.0 KB
[2025-09-21 01:38:13] ✅ 解析成功 - https://raw.githubusercontent.com/katelya77/KatelyaTV/3ce1bd1ce4be0e8663766959e18c16387f573fac/config.example.json - 作者: katelya77, 更新时间: unknown, 大小: 0.0 KB
[2025-09-21 01:38:13] ✅ 解析成功 - https://raw.githubusercontent.com/sammy0101/myself/061a575bad1692315c8e41d97837db8bc1649855/MoonTV-config.json - 作者: sammy0101, 更新时间: unknown, 大小: 0.0 KB
[2025-09-21 01:38:14] ✅ 解析成功 - https://raw.githubusercontent.com/kpsmail/new/7b0c540266a7a0797eb4c127447a45d456e387ec/config.json - 作者: kpsmail, 更新时间: unknown, 大小: 0.0 KB
[2025-09-21 01:38:14] ✅ 解析成功 - https://raw.githubusercontent.com/jeffliub/MoonTV2/0a23fd92f0523ba828a445dfbe41f563eec65d66/config.json - 作者: jeffliub, 更新时间: unknown, 大小: 0.0 KB
[2025-09-21 01:38:14] ✅ 解析成功 - https://raw.githubusercontent.com/xuyuani/moontv/ea3d1065e8bbdfde379700bf74eb634e88915ab2/config.json - 作者: xuyuani, 更新时间: unknown, 大小: 0.0 KB
[2025-09-21 01:38:14] ✅ 解析成功 - https://raw.githubusercontent.com/wenxiblog/WenXiTV/858aa80242728dbcb74a4b913eb92ebcaf6da04a/config.json - 作者: wenxiblog, 更新时间: unknown, 大小: 0.0 KB
[2025-09-21 01:38:14] ❌ JSON语法错误 - https://raw.githubusercontent.com/hafrey1/MoonTV1.1.1/614f381e5312d9821bd5fe058f9eed9426e96d23/config.json - Expecting value: line 151 column 1 (char 5001)
[2025-09-21 01:38:14] ✅ 解析成功 - https://raw.githubusercontent.com/adminlove520/ZySource-Collector/7338efa8ac27c42ca3f1a07ca3042b3a62cdcd2e/TV_collector/config_isadult.json - 作者: adminlove520, 更新时间: unknown, 大小: 0.0 KB
[2025-09-21 01:38:15] ✅ 解析成功 - https://raw.githubusercontent.com/zhangxiaofeng05/zdocker/4e8c2ff67085ca703a28d003b465f6150c8df9b4/data/katelyatv/config.json - 作者: zhangxiaofeng05, 更新时间: unknown, 大小: 0.0 KB
[2025-09-21 01:38:15] ✅ 解析成功 - https://raw.githubusercontent.com/webshellren/XMoonTV/ef052045a4f7a3a10c5907da4d30e3a90984b03b/config.json - 作者: webshellren, 更新时间: unknown, 大小: 0.0 KB
[2025-09-22 01:38:25] ✅ 解析成功 - https://raw.githubusercontent.com/katelya77/KatelyaTV/3ce1bd1ce4be0e8663766959e18c16387f573fac/config.json - 作者: katelya77, 更新时间: unknown, 大小: 0.0 KB
[2025-09-22 01:38:25] ✅ 解析成功 - https://raw.githubusercontent.com/hafrey1/LunaTV-config/24213daaa28bd536cc55891a490d5ebfa802930d/jinhuang.json - 作者: hafrey1, 更新时间: unknown, 大小: 0.0 KB
[2025-09-22 01:38:25] ✅ 解析成功 - https://raw.githubusercontent.com/Stardm0/MoonTV/1d533af1f0f4d0c7d848f07b06cbb81a481530cc/config.json - 作者: Stardm0, 更新时间: unknown, 大小: 0.0 KB
[2025-09-22 01:38:25] ✅ 解析成功 - https://raw.githubusercontent.com/hjdhnx/drpy-node/8061fff0971393498f74554d592f872ec75c1ed5/scripts/mjs/moontv.json - 作者: hjdhnx, 更新时间: unknown, 大小: 0.0 KB
[2025-09-22 01:38:25] ✅ 解析成功 - https://raw.githubusercontent.com/gxnas/TvBox/73fe7b54b2ac132896f821f76e6a877079250c81/20250823.json - 作者: gxnas, 更新时间: unknown, 大小: 0.0 KB
[2025-09-22 01:38:26] ✅ 解析成功 - https://raw.githubusercontent.com/lovevampplus/cfdata/48ae504408e44ef0a64d175cca50bc57efde28b7/moontv-config.json - 作者: lovevampplus, 更新时间: unknown, 大小: 0.0 KB
[2025-09-22 01:38:26] ✅ 解析成功 - https://raw.githubusercontent.com/Pundsup/Live/2bb91239e9bc98794b61088b0b848d2824421537/yszy.json - 作者: Pundsup, 更新时间: unknown, 大小: 0.0 KB
[2025-09-22 01:38:26] ✅ 解析成功 - https://raw.githubusercontent.com/hanzhenya/hzyiptv/89d54a3700c0a28fa6682498c462a4af2112b95b/config(%E8%80%81).json - 作者: hanzhenya, 更新时间: unknown, 大小: 0.0 KB
[2025-09-22 01:38:26] ✅ 解析成功 - https://raw.githubusercontent.com/hafrey1/LunaTV-config/24213daaa28bd536cc55891a490d5ebfa802930d/LunaTV-config.json - 作者: hafrey1, 更新时间: unknown, 大小: 0.0 KB
[2025-09-22 01:38:26] ✅ 解析成功 - https://raw.githubusercontent.com/yutian81/data-source/97c13655052a73d5f455801eed3d366b97acf3ce/OrionTV/config.json - 作者: yutian81, 更新时间: unknown, 大小: 0.0 KB
[2025-09-22 01:38:27] ✅ 解析成功 - https://raw.githubusercontent.com/chat263/tvjson/101fa5316b077c1f76ffd29af736826ef9aec168/m.json - 作者: chat263, 更新时间: unknown, 大小: 0.0 KB
[2025-09-22 01:38:27] ✅ 解析成功 - https://raw.githubusercontent.com/PAICNI/Videos_PLUS/b51ff1521a1e77f17ad538ccfd3c100cc42e0663/MoonTV%E8%A7%86%E9%A2%91%E6%BA%90Plus%E7%89%88.json - 作者: PAICNI, 更新时间: unknown, 大小: 0.0 KB
[2025-09-22 01:38:27] ✅ 解析成功 - https://raw.githubusercontent.com/xqrock/openfile/d5499b069e4901c98e674935c5d2b295413d9d5b/config/vod.json - 作者: xqrock, 更新时间: unknown, 大小: 0.0 KB
[2025-09-22 01:38:27] ✅ 解析成功 - https://raw.githubusercontent.com/SCXSVIP/TV/e7bc32117505d2bda3b31ade3dc96114c6ce623c/MoonTV/MoonTV-xs.json - 作者: SCXSVIP, 更新时间: unknown, 大小: 0.0 KB
[2025-09-22 01:38:27] ✅ 解析成功 - https://raw.githubusercontent.com/sk3879921/tvjson/08db450c7edd85e8400aea409a9a37b7ad12226c/q.json - 作者: sk3879921, 更新时间: unknown, 大小: 0.0 KB
[2025-09-22 01:38:28] ✅ 解析成功 - https://raw.githubusercontent.com/louis779/moontyv/0fe913bafef02036b393feed5683349145c9480a/config.json - 作者: louis779, 更新时间: unknown, 大小: 0.0 KB
[2025-09-22 01:38:28] ✅ 解析成功 - https://raw.githubusercontent.com/Jonney111/jonney_clash/2a8545f0367a753599af049d670f0d37c17b5738/moontv.json - 作者: Jonney111, 更新时间: unknown, 大小: 0.0 KB
[2025-09-22 01:38:28] ✅ 解析成功 - https://raw.githubusercontent.com/SeqCrafter/MyStaticFile/bcf26cd0a34c6ebff4a4bf6a1b355e72ea71431c/MoonTV/config.json - 作者: SeqCrafter, 更新时间: unknown, 大小: 0.0 KB
[2025-09-22 01:38:28] ✅ 解析成功 - https://raw.githubusercontent.com/lovevampplus/cfdata/48ae504408e44ef0a64d175cca50bc57efde28b7/96.json - 作者: lovevampplus, 更新时间: unknown, 大小: 0.0 KB
[2025-09-22 01:38:28] ✅ 解析成功 - https://raw.githubusercontent.com/yjh800307/yjh800307.github.io/4b825da4ab5059eae4f36ffc59877d0b5a76ea63/moontv.json - 作者: yjh800307, 更新时间: unknown, 大小: 0.0 KB
[2025-09-22 01:38:28] ✅ 解析成功 - https://raw.githubusercontent.com/katelya77/KatelyaTV/3ce1bd1ce4be0e8663766959e18c16387f573fac/config.example.json - 作者: katelya77, 更新时间: unknown, 大小: 0.0 KB
[2025-09-22 01:38:29] ✅ 解析成功 - https://raw.githubusercontent.com/sammy0101/myself/061a575bad1692315c8e41d97837db8bc1649855/MoonTV-config.json - 作者: sammy0101, 更新时间: unknown, 大小: 0.0 KB
[2025-09-22 01:38:29] ✅ 解析成功 - https://raw.githubusercontent.com/kpsmail/new/7b0c540266a7a0797eb4c127447a45d456e387ec/config.json - 作者: kpsmail, 更新时间: unknown, 大小: 0.0 KB
[2025-09-22 01:38:29] ✅ 解析成功 - https://raw.githubusercontent.com/jeffliub/MoonTV2/0a23fd92f0523ba828a445dfbe41f563eec65d66/config.json - 作者: jeffliub, 更新时间: unknown, 大小: 0.0 KB
[2025-09-22 01:38:29] ✅ 解析成功 - https://raw.githubusercontent.com/xuyuani/moontv/ea3d1065e8bbdfde379700bf74eb634e88915ab2/config.json - 作者: xuyuani, 更新时间: unknown, 大小: 0.0 KB
[2025-09-22 01:38:29] ✅ 解析成功 - https://raw.githubusercontent.com/wenxiblog/WenXiTV/858aa80242728dbcb74a4b913eb92ebcaf6da04a/config.json - 作者: wenxiblog, 更新时间: unknown, 大小: 0.0 KB
[2025-09-22 01:38:30] ❌ JSON语法错误 - https://raw.githubusercontent.com/hafrey1/MoonTV1.1.1/614f381e5312d9821bd5fe058f9eed9426e96d23/config.json - Expecting value: line 151 column 1 (char 5001)
[2025-09-22 01:38:30] ✅ 解析成功 - https://raw.githubusercontent.com/adminlove520/ZySource-Collector/7338efa8ac27c42ca3f1a07ca3042b3a62cdcd2e/TV_collector/config_isadult.json - 作者: adminlove520, 更新时间: unknown, 大小: 0.0 KB
[2025-09-22 01:38:30] ✅ 解析成功 - https://raw.githubusercontent.com/zhangxiaofeng05/zdocker/4e8c2ff67085ca703a28d003b465f6150c8df9b4/data/katelyatv/config.json - 作者: zhangxiaofeng05, 更新时间: unknown, 大小: 0.0 KB
[2025-09-22 01:38:30] ✅ 解析成功 - https://raw.githubusercontent.com/webshellren/XMoonTV/ef052045a4f7a3a10c5907da4d30e3a90984b03b/config.json - 作者: webshellren, 更新时间: unknown, 大小: 0.0 KB
[2025-09-23 01:22:57] ✅ 解析成功 - https://raw.githubusercontent.com/katelya77/KatelyaTV/3ce1bd1ce4be0e8663766959e18c16387f573fac/config.json - 作者: katelya77, 更新时间: unknown, 大小: 0.0 KB
[2025-09-23 01:22:58] ✅ 解析成功 - https://raw.githubusercontent.com/hafrey1/LunaTV-config/5efed53e012f4ea77014e05e01d27dc048a001b9/jinhuang.json - 作者: hafrey1, 更新时间: unknown, 大小: 0.0 KB
[2025-09-23 01:22:58] ✅ 解析成功 - https://raw.githubusercontent.com/Stardm0/MoonTV/4834d4764d47fca68fab4d12b6848a97a68ec755/config.json - 作者: Stardm0, 更新时间: unknown, 大小: 0.0 KB
[2025-09-23 01:22:58] ✅ 解析成功 - https://raw.githubusercontent.com/hjdhnx/drpy-node/1cb86fd242d0876b006cbea6f53d42d0f05df72c/scripts/mjs/moontv.json - 作者: hjdhnx, 更新时间: unknown, 大小: 0.0 KB
[2025-09-23 01:22:58] ✅ 解析成功 - https://raw.githubusercontent.com/SCXSVIP/TV/e7bc32117505d2bda3b31ade3dc96114c6ce623c/MoonTV/MoonTV-xs.json - 作者: SCXSVIP, 更新时间: unknown, 大小: 0.0 KB
[2025-09-23 01:22:58] ✅ 解析成功 - https://raw.githubusercontent.com/lovevampplus/cfdata/48ae504408e44ef0a64d175cca50bc57efde28b7/moontv-config.json - 作者: lovevampplus, 更新时间: unknown, 大小: 0.0 KB
[2025-09-23 01:22:58] ✅ 解析成功 - https://raw.githubusercontent.com/wokaotianshi123/jgcj/f0575862c19b178d6a58b9cac70178dcfbe241c5/libretv.json - 作者: wokaotianshi123, 更新时间: unknown, 大小: 0.0 KB
[2025-09-23 01:22:59] ✅ 解析成功 - https://raw.githubusercontent.com/chat263/tvjson/8016d38831635361afc63004782aa3f51502c277/m.json - 作者: chat263, 更新时间: unknown, 大小: 0.0 KB
[2025-09-23 01:22:59] ✅ 解析成功 - https://raw.githubusercontent.com/Pundsup/Live/2bb91239e9bc98794b61088b0b848d2824421537/yszy.json - 作者: Pundsup, 更新时间: unknown, 大小: 0.0 KB
[2025-09-23 01:22:59] ✅ 解析成功 - https://raw.githubusercontent.com/hafrey1/LunaTV-config/5efed53e012f4ea77014e05e01d27dc048a001b9/LunaTV-config.json - 作者: hafrey1, 更新时间: unknown, 大小: 0.0 KB
[2025-09-23 01:22:59] ✅ 解析成功 - https://raw.githubusercontent.com/hanzhenya/hzyiptv/89d54a3700c0a28fa6682498c462a4af2112b95b/config(%E8%80%81).json - 作者: hanzhenya, 更新时间: unknown, 大小: 0.0 KB
[2025-09-23 01:22:59] ✅ 解析成功 - https://raw.githubusercontent.com/sammy0101/myself/061a575bad1692315c8e41d97837db8bc1649855/MoonTV-config.json - 作者: sammy0101, 更新时间: unknown, 大小: 0.0 KB
[2025-09-23 01:22:59] ❌ JSON语法错误 - https://raw.githubusercontent.com/hafrey1/MoonTV1.1.1/614f381e5312d9821bd5fe058f9eed9426e96d23/config.json - Expecting value: line 151 column 1 (char 5001)
[2025-09-23 01:23:00] ✅ 解析成功 - https://raw.githubusercontent.com/katelya77/KatelyaTV/3ce1bd1ce4be0e8663766959e18c16387f573fac/config.example.json - 作者: katelya77, 更新时间: unknown, 大小: 0.0 KB
[2025-09-23 01:23:00] ✅ 解析成功 - https://raw.githubusercontent.com/Jonney111/jonney_clash/2a8545f0367a753599af049d670f0d37c17b5738/moontv.json - 作者: Jonney111, 更新时间: unknown, 大小: 0.0 KB
[2025-09-23 01:23:00] ✅ 解析成功 - https://raw.githubusercontent.com/kpsmail/new/7b0c540266a7a0797eb4c127447a45d456e387ec/config.json - 作者: kpsmail, 更新时间: unknown, 大小: 0.0 KB
[2025-09-23 01:23:00] ✅ 解析成功 - https://raw.githubusercontent.com/zhumengkang/edgeone-moontv/262ce332a93ba34966adb07761e7bfab8faab7bf/config.json - 作者: zhumengkang, 更新时间: unknown, 大小: 0.0 KB
[2025-09-23 01:23:00] ✅ 解析成功 - https://raw.githubusercontent.com/PAICNI/Videos_PLUS/b51ff1521a1e77f17ad538ccfd3c100cc42e0663/MoonTV%E8%A7%86%E9%A2%91%E6%BA%90Plus%E7%89%88.json - 作者: PAICNI, 更新时间: unknown, 大小: 0.0 KB
[2025-09-23 01:23:01] ✅ 解析成功 - https://raw.githubusercontent.com/SeqCrafter/MyStaticFile/bcf26cd0a34c6ebff4a4bf6a1b355e72ea71431c/MoonTV/config.json - 作者: SeqCrafter, 更新时间: unknown, 大小: 0.0 KB
[2025-09-23 01:23:01] ✅ 解析成功 - https://raw.githubusercontent.com/gxnas/TvBox/73fe7b54b2ac132896f821f76e6a877079250c81/20250823.json - 作者: gxnas, 更新时间: unknown, 大小: 0.0 KB
[2025-09-23 01:23:01] ✅ 解析成功 - https://raw.githubusercontent.com/sk3879921/tvjson/08db450c7edd85e8400aea409a9a37b7ad12226c/q.json - 作者: sk3879921, 更新时间: unknown, 大小: 0.0 KB
[2025-09-23 01:23:01] ✅ 解析成功 - https://raw.githubusercontent.com/adminlove520/ZySource-Collector/7338efa8ac27c42ca3f1a07ca3042b3a62cdcd2e/TV_collector/config_isadult.json - 作者: adminlove520, 更新时间: unknown, 大小: 0.0 KB
[2025-09-23 01:23:01] ✅ 解析成功 - https://raw.githubusercontent.com/wenxiblog/WenXiTV/858aa80242728dbcb74a4b913eb92ebcaf6da04a/config.json - 作者: wenxiblog, 更新时间: unknown, 大小: 0.0 KB
[2025-09-23 01:23:01] ✅ 解析成功 - https://raw.githubusercontent.com/xqrock/openfile/d5499b069e4901c98e674935c5d2b295413d9d5b/config/vod.json - 作者: xqrock, 更新时间: unknown, 大小: 0.0 KB
[2025-09-23 01:23:02] ✅ 解析成功 - https://raw.githubusercontent.com/louis779/moontyv/0fe913bafef02036b393feed5683349145c9480a/config.json - 作者: louis779, 更新时间: unknown, 大小: 0.0 KB
[2025-09-23 01:23:02] ✅ 解析成功 - https://raw.githubusercontent.com/yutian81/data-source/97c13655052a73d5f455801eed3d366b97acf3ce/OrionTV/config.json - 作者: yutian81, 更新时间: unknown, 大小: 0.0 KB
[2025-09-23 01:23:02] ✅ 解析成功 - https://raw.githubusercontent.com/lovevampplus/cfdata/48ae504408e44ef0a64d175cca50bc57efde28b7/96.json - 作者: lovevampplus, 更新时间: unknown, 大小: 0.0 KB
[2025-09-23 01:23:02] ✅ 解析成功 - https://raw.githubusercontent.com/yjh800307/yjh800307.github.io/4b825da4ab5059eae4f36ffc59877d0b5a76ea63/moontv.json - 作者: yjh800307, 更新时间: unknown, 大小: 0.0 KB
[2025-09-23 01:23:02] ✅ 解析成功 - https://raw.githubusercontent.com/chisenin/rules-template/f800a9276599bfde236b3cc3f90a77d980497eb5/config.json - 作者: chisenin, 更新时间: unknown, 大小: 0.0 KB
[2025-09-23 01:23:03] ✅ 解析成功 - https://raw.githubusercontent.com/zhangxiaofeng05/zdocker/4e8c2ff67085ca703a28d003b465f6150c8df9b4/data/katelyatv/config.json - 作者: zhangxiaofeng05, 更新时间: unknown, 大小: 0.0 KB
[2025-09-24 01:23:15] ✅ 解析成功 - https://raw.githubusercontent.com/katelya77/KatelyaTV/3ce1bd1ce4be0e8663766959e18c16387f573fac/config.json - 作者: katelya77, 更新时间: unknown, 大小: 0.0 KB
[2025-09-24 01:23:15] ✅ 解析成功 - https://raw.githubusercontent.com/hafrey1/LunaTV-config/e48141f165e35faaf6a1a13f01237fb616df1945/jinhuang.json - 作者: hafrey1, 更新时间: unknown, 大小: 0.0 KB
[2025-09-24 01:23:15] ✅ 解析成功 - https://raw.githubusercontent.com/Stardm0/MoonTV/5b0aa7f86b339a42f08cec6eaf99cec3abf79836/config.json - 作者: Stardm0, 更新时间: unknown, 大小: 0.0 KB
[2025-09-24 01:23:15] ✅ 解析成功 - https://raw.githubusercontent.com/hjdhnx/drpy-node/1cb86fd242d0876b006cbea6f53d42d0f05df72c/scripts/mjs/moontv.json - 作者: hjdhnx, 更新时间: unknown, 大小: 0.0 KB
[2025-09-24 01:23:16] ✅ 解析成功 - https://raw.githubusercontent.com/SCXSVIP/TV/e7bc32117505d2bda3b31ade3dc96114c6ce623c/MoonTV/MoonTV-xs.json - 作者: SCXSVIP, 更新时间: unknown, 大小: 0.0 KB
[2025-09-24 01:23:16] ✅ 解析成功 - https://raw.githubusercontent.com/lovevampplus/cfdata/48ae504408e44ef0a64d175cca50bc57efde28b7/moontv-config.json - 作者: lovevampplus, 更新时间: unknown, 大小: 0.0 KB
[2025-09-24 01:23:16] ✅ 解析成功 - https://raw.githubusercontent.com/wokaotianshi123/jgcj/0da9104312617f7a0cfd3af32d3760d7a187181b/libretv.json - 作者: wokaotianshi123, 更新时间: unknown, 大小: 0.0 KB
[2025-09-24 01:23:16] ✅ 解析成功 - https://raw.githubusercontent.com/chat263/tvjson/8016d38831635361afc63004782aa3f51502c277/m.json - 作者: chat263, 更新时间: unknown, 大小: 0.0 KB
[2025-09-24 01:23:16] ✅ 解析成功 - https://raw.githubusercontent.com/Pundsup/Live/2bb91239e9bc98794b61088b0b848d2824421537/yszy.json - 作者: Pundsup, 更新时间: unknown, 大小: 0.0 KB
[2025-09-24 01:23:17] ✅ 解析成功 - https://raw.githubusercontent.com/hafrey1/LunaTV-config/e48141f165e35faaf6a1a13f01237fb616df1945/LunaTV-config.json - 作者: hafrey1, 更新时间: unknown, 大小: 0.0 KB
[2025-09-24 01:23:17] ✅ 解析成功 - https://raw.githubusercontent.com/hanzhenya/hzyiptv/89d54a3700c0a28fa6682498c462a4af2112b95b/config(%E8%80%81).json - 作者: hanzhenya, 更新时间: unknown, 大小: 0.0 KB
[2025-09-24 01:23:17] ✅ 解析成功 - https://raw.githubusercontent.com/sammy0101/myself/061a575bad1692315c8e41d97837db8bc1649855/MoonTV-config.json - 作者: sammy0101, 更新时间: unknown, 大小: 0.0 KB
[2025-09-24 01:23:17] ❌ JSON语法错误 - https://raw.githubusercontent.com/hafrey1/MoonTV1.1.1/614f381e5312d9821bd5fe058f9eed9426e96d23/config.json - Expecting value: line 151 column 1 (char 5001)
[2025-09-24 01:23:17] ✅ 解析成功 - https://raw.githubusercontent.com/katelya77/KatelyaTV/3ce1bd1ce4be0e8663766959e18c16387f573fac/config.example.json - 作者: katelya77, 更新时间: unknown, 大小: 0.0 KB
[2025-09-24 01:23:18] ✅ 解析成功 - https://raw.githubusercontent.com/Jonney111/jonney_clash/2a8545f0367a753599af049d670f0d37c17b5738/moontv.json - 作者: Jonney111, 更新时间: unknown, 大小: 0.0 KB
[2025-09-24 01:23:18] ✅ 解析成功 - https://raw.githubusercontent.com/kpsmail/new/7b0c540266a7a0797eb4c127447a45d456e387ec/config.json - 作者: kpsmail, 更新时间: unknown, 大小: 0.0 KB
[2025-09-24 01:23:18] ✅ 解析成功 - https://raw.githubusercontent.com/zhumengkang/edgeone-moontv/262ce332a93ba34966adb07761e7bfab8faab7bf/config.json - 作者: zhumengkang, 更新时间: unknown, 大小: 0.0 KB
[2025-09-24 01:23:18] ✅ 解析成功 - https://raw.githubusercontent.com/PAICNI/Videos_PLUS/b51ff1521a1e77f17ad538ccfd3c100cc42e0663/MoonTV%E8%A7%86%E9%A2%91%E6%BA%90Plus%E7%89%88.json - 作者: PAICNI, 更新时间: unknown, 大小: 0.0 KB
[2025-09-24 01:23:18] ✅ 解析成功 - https://raw.githubusercontent.com/SeqCrafter/MyStaticFile/bcf26cd0a34c6ebff4a4bf6a1b355e72ea71431c/MoonTV/config.json - 作者: SeqCrafter, 更新时间: unknown, 大小: 0.0 KB
[2025-09-24 01:23:18] ✅ 解析成功 - https://raw.githubusercontent.com/gxnas/TvBox/73fe7b54b2ac132896f821f76e6a877079250c81/20250823.json - 作者: gxnas, 更新时间: unknown, 大小: 0.0 KB
[2025-09-24 01:23:19] ✅ 解析成功 - https://raw.githubusercontent.com/sk3879921/tvjson/08db450c7edd85e8400aea409a9a37b7ad12226c/q.json - 作者: sk3879921, 更新时间: unknown, 大小: 0.0 KB
[2025-09-24 01:23:19] ✅ 解析成功 - https://raw.githubusercontent.com/adminlove520/ZySource-Collector/7338efa8ac27c42ca3f1a07ca3042b3a62cdcd2e/TV_collector/config_isadult.json - 作者: adminlove520, 更新时间: unknown, 大小: 0.0 KB
[2025-09-24 01:23:19] ✅ 解析成功 - https://raw.githubusercontent.com/wenxiblog/WenXiTV/858aa80242728dbcb74a4b913eb92ebcaf6da04a/config.json - 作者: wenxiblog, 更新时间: unknown, 大小: 0.0 KB
[2025-09-24 01:23:19] ✅ 解析成功 - https://raw.githubusercontent.com/xqrock/openfile/d5499b069e4901c98e674935c5d2b295413d9d5b/config/vod.json - 作者: xqrock, 更新时间: unknown, 大小: 0.0 KB
[2025-09-24 01:23:19] ✅ 解析成功 - https://raw.githubusercontent.com/louis779/moontyv/0fe913bafef02036b393feed5683349145c9480a/config.json - 作者: louis779, 更新时间: unknown, 大小: 0.0 KB
[2025-09-24 01:23:19] ✅ 解析成功 - https://raw.githubusercontent.com/yutian81/data-source/97c13655052a73d5f455801eed3d366b97acf3ce/OrionTV/config.json - 作者: yutian81, 更新时间: unknown, 大小: 0.0 KB
[2025-09-24 01:23:20] ✅ 解析成功 - https://raw.githubusercontent.com/lovevampplus/cfdata/48ae504408e44ef0a64d175cca50bc57efde28b7/96.json - 作者: lovevampplus, 更新时间: unknown, 大小: 0.0 KB
[2025-09-24 01:23:20] ✅ 解析成功 - https://raw.githubusercontent.com/yjh800307/yjh800307.github.io/4b825da4ab5059eae4f36ffc59877d0b5a76ea63/moontv.json - 作者: yjh800307, 更新时间: unknown, 大小: 0.0 KB
[2025-09-24 01:23:20] ✅ 解析成功 - https://raw.githubusercontent.com/chisenin/rules-template/1a8b3e01e04bb2c5f7b2cd5ee0c218dc0afa19e2/config.json - 作者: chisenin, 更新时间: unknown, 大小: 0.0 KB
[2025-09-24 01:23:20] ✅ 解析成功 - https://raw.githubusercontent.com/zhangxiaofeng05/zdocker/4e8c2ff67085ca703a28d003b465f6150c8df9b4/data/katelyatv/config.json - 作者: zhangxiaofeng05, 更新时间: unknown, 大小: 0.0 KB
[2025-09-25 01:24:15] ✅ 解析成功 - https://raw.githubusercontent.com/samqin123/MoonTV/c0bba763d16fb5cd830a808d58329025337491cf/config.json - 作者: samqin123, 更新时间: unknown, 大小: 0.0 KB
[2025-09-25 01:24:15] ✅ 解析成功 - https://raw.githubusercontent.com/hafrey1/LunaTV-config/30d1ed04dc203e643f7f8eb909cf098618b580f3/jinhuang.json - 作者: hafrey1, 更新时间: unknown, 大小: 0.0 KB
[2025-09-25 01:24:16] ✅ 解析成功 - https://raw.githubusercontent.com/katelya77/KatelyaTV/3ce1bd1ce4be0e8663766959e18c16387f573fac/config.example.json - 作者: katelya77, 更新时间: unknown, 大小: 0.0 KB
[2025-09-25 01:24:16] ✅ 解析成功 - https://raw.githubusercontent.com/chat263/tvjson/45dbc00aebda1642a95c20be2b5a0bda61a60e78/m.json - 作者: chat263, 更新时间: unknown, 大小: 0.0 KB
[2025-09-25 01:24:16] ✅ 解析成功 - https://raw.githubusercontent.com/lovevampplus/cfdata/48ae504408e44ef0a64d175cca50bc57efde28b7/96.json - 作者: lovevampplus, 更新时间: unknown, 大小: 0.0 KB
[2025-09-25 01:24:16] ✅ 解析成功 - https://raw.githubusercontent.com/Stardm0/MoonTV/5b0aa7f86b339a42f08cec6eaf99cec3abf79836/config.json - 作者: Stardm0, 更新时间: unknown, 大小: 0.0 KB
[2025-09-25 01:24:16] ✅ 解析成功 - https://raw.githubusercontent.com/SCXSVIP/TV/e7bc32117505d2bda3b31ade3dc96114c6ce623c/MoonTV/MoonTV-xs.json - 作者: SCXSVIP, 更新时间: unknown, 大小: 0.0 KB
[2025-09-25 01:24:16] ✅ 解析成功 - https://raw.githubusercontent.com/PAICNI/Videos_PLUS/b51ff1521a1e77f17ad538ccfd3c100cc42e0663/MoonTV%E8%A7%86%E9%A2%91%E6%BA%90Plus%E7%89%88.json - 作者: PAICNI, 更新时间: unknown, 大小: 0.0 KB
[2025-09-25 01:24:17] ✅ 解析成功 - https://raw.githubusercontent.com/Jonney111/jonney_clash/2a8545f0367a753599af049d670f0d37c17b5738/moontv.json - 作者: Jonney111, 更新时间: unknown, 大小: 0.0 KB
[2025-09-25 01:24:17] ✅ 解析成功 - https://raw.githubusercontent.com/Pundsup/Live/2bb91239e9bc98794b61088b0b848d2824421537/yszyby.json - 作者: Pundsup, 更新时间: unknown, 大小: 0.0 KB
[2025-09-25 01:24:17] ✅ 解析成功 - https://raw.githubusercontent.com/zhumengkang/edgeone-moontv/262ce332a93ba34966adb07761e7bfab8faab7bf/config.json - 作者: zhumengkang, 更新时间: unknown, 大小: 0.0 KB
[2025-09-25 01:24:17] ✅ 解析成功 - https://raw.githubusercontent.com/yjh800307/yjh800307.github.io/4b825da4ab5059eae4f36ffc59877d0b5a76ea63/moontv.json - 作者: yjh800307, 更新时间: unknown, 大小: 0.0 KB
[2025-09-25 01:24:17] ✅ 解析成功 - https://raw.githubusercontent.com/adminlove520/ZySource-Collector/7338efa8ac27c42ca3f1a07ca3042b3a62cdcd2e/TV_collector/config_isadult.json - 作者: adminlove520, 更新时间: unknown, 大小: 0.0 KB
[2025-09-25 01:24:18] ❌ JSON语法错误 - https://raw.githubusercontent.com/hafrey1/MoonTV1.1.1/614f381e5312d9821bd5fe058f9eed9426e96d23/config.json - Expecting value: line 151 column 1 (char 5001)
[2025-09-25 01:24:18] ✅ 解析成功 - https://raw.githubusercontent.com/xqrock/openfile/d5499b069e4901c98e674935c5d2b295413d9d5b/config/vod.json - 作者: xqrock, 更新时间: unknown, 大小: 0.0 KB
[2025-09-25 01:24:18] ✅ 解析成功 - https://raw.githubusercontent.com/hanzhenya/hzyiptv/89d54a3700c0a28fa6682498c462a4af2112b95b/config(%E8%80%81).json - 作者: hanzhenya, 更新时间: unknown, 大小: 0.0 KB
[2025-09-25 01:24:18] ✅ 解析成功 - https://raw.githubusercontent.com/sk3879921/tvjson/08db450c7edd85e8400aea409a9a37b7ad12226c/q.json - 作者: sk3879921, 更新时间: unknown, 大小: 0.0 KB
[2025-09-25 01:24:18] ✅ 解析成功 - https://raw.githubusercontent.com/wokaotianshi123/jgcj/50d1b6839de5b91c92c8d7619517f55df674b59e/libretv.json - 作者: wokaotianshi123, 更新时间: unknown, 大小: 0.0 KB
[2025-09-25 01:24:19] ✅ 解析成功 - https://raw.githubusercontent.com/lovevampplus/cfdata/48ae504408e44ef0a64d175cca50bc57efde28b7/moontv-config.json - 作者: lovevampplus, 更新时间: unknown, 大小: 0.0 KB
[2025-09-25 01:24:19] ✅ 解析成功 - https://raw.githubusercontent.com/hjdhnx/drpy-node/189db1daac6fad33957ade65bd6fe63c146dc794/scripts/mjs/moontv.json - 作者: hjdhnx, 更新时间: unknown, 大小: 0.0 KB
[2025-09-25 01:24:19] ✅ 解析成功 - https://raw.githubusercontent.com/Pundsup/Live/2bb91239e9bc98794b61088b0b848d2824421537/yszy.json - 作者: Pundsup, 更新时间: unknown, 大小: 0.0 KB
[2025-09-25 01:24:19] ✅ 解析成功 - https://raw.githubusercontent.com/yutian81/data-source/97c13655052a73d5f455801eed3d366b97acf3ce/OrionTV/config.json - 作者: yutian81, 更新时间: unknown, 大小: 0.0 KB
[2025-09-25 01:24:19] ✅ 解析成功 - https://raw.githubusercontent.com/kpsmail/new/7b0c540266a7a0797eb4c127447a45d456e387ec/config.json - 作者: kpsmail, 更新时间: unknown, 大小: 0.0 KB
[2025-09-25 01:24:19] ✅ 解析成功 - https://raw.githubusercontent.com/hafrey1/LunaTV-config/30d1ed04dc203e643f7f8eb909cf098618b580f3/LunaTV-config.json - 作者: hafrey1, 更新时间: unknown, 大小: 0.0 KB
[2025-09-25 01:24:20] ✅ 解析成功 - https://raw.githubusercontent.com/SeqCrafter/MyStaticFile/bcf26cd0a34c6ebff4a4bf6a1b355e72ea71431c/MoonTV/config.json - 作者: SeqCrafter, 更新时间: unknown, 大小: 0.0 KB
[2025-09-25 01:24:20] ✅ 解析成功 - https://raw.githubusercontent.com/webshellren/XMoonTV/ef052045a4f7a3a10c5907da4d30e3a90984b03b/config.json - 作者: webshellren, 更新时间: unknown, 大小: 0.0 KB
[2025-09-25 01:24:20] ✅ 解析成功 - https://raw.githubusercontent.com/gxnas/TvBox/73fe7b54b2ac132896f821f76e6a877079250c81/20250823.json - 作者: gxnas, 更新时间: unknown, 大小: 0.0 KB
[2025-09-25 01:24:20] ✅ 解析成功 - https://raw.githubusercontent.com/sammy0101/myself/061a575bad1692315c8e41d97837db8bc1649855/MoonTV-config.json - 作者: sammy0101, 更新时间: unknown, 大小: 0.0 KB
[2025-09-25 01:24:20] ✅ 解析成功 - https://raw.githubusercontent.com/869203553/guize/eb8fa7240b289603d833d3d4ae4201f74bcb1bd4/config.json - 作者: 869203553, 更新时间: unknown, 大小: 0.0 KB
[2025-09-25 01:24:21] ✅ 解析成功 - https://raw.githubusercontent.com/xuyuani/moontv/ea3d1065e8bbdfde379700bf74eb634e88915ab2/config.json - 作者: xuyuani, 更新时间: unknown, 大小: 0.0 KB
[2025-09-26 01:23:39] ✅ 解析成功 - https://raw.githubusercontent.com/samqin123/MoonTV/c0bba763d16fb5cd830a808d58329025337491cf/config.json - 作者: samqin123, 更新时间: unknown, 大小: 0.0 KB
[2025-09-26 01:23:39] ✅ 解析成功 - https://raw.githubusercontent.com/hafrey1/LunaTV-config/05c738176333be9abc388ce33b0ac046c1de0664/jinhuang.json - 作者: hafrey1, 更新时间: unknown, 大小: 0.0 KB
[2025-09-26 01:23:39] ✅ 解析成功 - https://raw.githubusercontent.com/katelya77/KatelyaTV/3ce1bd1ce4be0e8663766959e18c16387f573fac/config.example.json - 作者: katelya77, 更新时间: unknown, 大小: 0.0 KB
[2025-09-26 01:23:39] ✅ 解析成功 - https://raw.githubusercontent.com/Pundsup/Live/2bb91239e9bc98794b61088b0b848d2824421537/yszyby.json - 作者: Pundsup, 更新时间: unknown, 大小: 0.0 KB
[2025-09-26 01:23:39] ✅ 解析成功 - https://raw.githubusercontent.com/chat263/tvjson/45dbc00aebda1642a95c20be2b5a0bda61a60e78/m.json - 作者: chat263, 更新时间: unknown, 大小: 0.0 KB
[2025-09-26 01:23:39] ✅ 解析成功 - https://raw.githubusercontent.com/PAICNI/Videos_PLUS/b51ff1521a1e77f17ad538ccfd3c100cc42e0663/MoonTV%E8%A7%86%E9%A2%91%E6%BA%90Plus%E7%89%88.json - 作者: PAICNI, 更新时间: unknown, 大小: 0.0 KB
[2025-09-26 01:23:40] ✅ 解析成功 - https://raw.githubusercontent.com/sk3879921/tvjson/2670d28c000842648a6b4ae3746b0c7c45f17c58/q.json - 作者: sk3879921, 更新时间: unknown, 大小: 0.0 KB
[2025-09-26 01:23:40] ✅ 解析成功 - https://raw.githubusercontent.com/lovevampplus/cfdata/48ae504408e44ef0a64d175cca50bc57efde28b7/moontv-config.json - 作者: lovevampplus, 更新时间: unknown, 大小: 0.0 KB
[2025-09-26 01:23:40] ✅ 解析成功 - https://raw.githubusercontent.com/hjdhnx/drpy-node/5e7f58b64f12ec1fadfdc8ad9ff730a6f0ba90b9/scripts/mjs/moontv.json - 作者: hjdhnx, 更新时间: unknown, 大小: 0.0 KB
[2025-09-26 01:23:40] ✅ 解析成功 - https://raw.githubusercontent.com/hanzhenya/hzyiptv/89d54a3700c0a28fa6682498c462a4af2112b95b/config(%E8%80%81).json - 作者: hanzhenya, 更新时间: unknown, 大小: 0.0 KB
[2025-09-26 01:23:40] ✅ 解析成功 - https://raw.githubusercontent.com/SeqCrafter/MyStaticFile/bcf26cd0a34c6ebff4a4bf6a1b355e72ea71431c/MoonTV/config.json - 作者: SeqCrafter, 更新时间: unknown, 大小: 0.0 KB
[2025-09-26 01:23:41] ✅ 解析成功 - https://raw.githubusercontent.com/gxnas/TvBox/73fe7b54b2ac132896f821f76e6a877079250c81/20250823.json - 作者: gxnas, 更新时间: unknown, 大小: 0.0 KB
[2025-09-26 01:23:41] ✅ 解析成功 - https://raw.githubusercontent.com/zhangxiaofeng05/zdocker/4e8c2ff67085ca703a28d003b465f6150c8df9b4/data/katelyatv/config.json - 作者: zhangxiaofeng05, 更新时间: unknown, 大小: 0.0 KB
[2025-09-26 01:23:41] ✅ 解析成功 - https://raw.githubusercontent.com/wokaotianshi123/wokaotianshi123.github.io/9cd870ad1846d5a8c8ebdd6c2954145e21c4885c/moontv/config_2025-09-23.json - 作者: wokaotianshi123, 更新时间: unknown, 大小: 0.0 KB
[2025-09-26 01:23:41] ✅ 解析成功 - https://raw.githubusercontent.com/xuyuani/moontv/ea3d1065e8bbdfde379700bf74eb634e88915ab2/config.json - 作者: xuyuani, 更新时间: unknown, 大小: 0.0 KB
[2025-09-26 01:23:41] ✅ 解析成功 - https://raw.githubusercontent.com/lovevampplus/cfdata/48ae504408e44ef0a64d175cca50bc57efde28b7/96.json - 作者: lovevampplus, 更新时间: unknown, 大小: 0.0 KB
[2025-09-26 01:23:42] ❌ JSON语法错误 - https://raw.githubusercontent.com/hafrey1/MoonTV1.1.1/614f381e5312d9821bd5fe058f9eed9426e96d23/config.json - Expecting value: line 151 column 1 (char 5001)
[2025-09-26 01:23:42] ✅ 解析成功 - https://raw.githubusercontent.com/wokaotianshi123/jgcj/50d1b6839de5b91c92c8d7619517f55df674b59e/libretv.json - 作者: wokaotianshi123, 更新时间: unknown, 大小: 0.0 KB
[2025-09-26 01:23:42] ✅ 解析成功 - https://raw.githubusercontent.com/sammy0101/myself/061a575bad1692315c8e41d97837db8bc1649855/MoonTV-config.json - 作者: sammy0101, 更新时间: unknown, 大小: 0.0 KB
[2025-09-26 01:23:42] ✅ 解析成功 - https://raw.githubusercontent.com/SCXSVIP/TV/e7bc32117505d2bda3b31ade3dc96114c6ce623c/MoonTV/MoonTV-xs.json - 作者: SCXSVIP, 更新时间: unknown, 大小: 0.0 KB
[2025-09-26 01:23:42] ✅ 解析成功 - https://raw.githubusercontent.com/Jonney111/jonney_clash/2a8545f0367a753599af049d670f0d37c17b5738/moontv.json - 作者: Jonney111, 更新时间: unknown, 大小: 0.0 KB
[2025-09-26 01:23:42] ✅ 解析成功 - https://raw.githubusercontent.com/hafrey1/LunaTV-config/05c738176333be9abc388ce33b0ac046c1de0664/LunaTV-config.json - 作者: hafrey1, 更新时间: unknown, 大小: 0.0 KB
[2025-09-26 01:23:43] ✅ 解析成功 - https://raw.githubusercontent.com/xqrock/openfile/d5499b069e4901c98e674935c5d2b295413d9d5b/config/vod.json - 作者: xqrock, 更新时间: unknown, 大小: 0.0 KB
[2025-09-26 01:23:43] ✅ 解析成功 - https://raw.githubusercontent.com/louis779/moontyv/0fe913bafef02036b393feed5683349145c9480a/config.json - 作者: louis779, 更新时间: unknown, 大小: 0.0 KB
[2025-09-26 01:23:43] ❌ JSON语法错误 - https://raw.githubusercontent.com/Na5h1ra/s0meth1ng/f787d224cb2f1cadf51615d188ed89ce16653826/med1a_sub/Others/MoonTV_AV_config_og.json - Expecting property name enclosed in double quotes: line 7 column 9 (char 161)
[2025-09-26 01:23:43] ✅ 解析成功 - https://raw.githubusercontent.com/Stardm0/MoonTV/173c31a01906c86911e43536922e68f1b6f444ec/config.json - 作者: Stardm0, 更新时间: unknown, 大小: 0.0 KB
[2025-09-26 01:23:43] ✅ 解析成功 - https://raw.githubusercontent.com/yutian81/data-source/97c13655052a73d5f455801eed3d366b97acf3ce/OrionTV/config.json - 作者: yutian81, 更新时间: unknown, 大小: 0.0 KB
[2025-09-26 01:23:44] ✅ 解析成功 - https://raw.githubusercontent.com/zhumengkang/edgeone-moontv/262ce332a93ba34966adb07761e7bfab8faab7bf/config.json - 作者: zhumengkang, 更新时间: unknown, 大小: 0.0 KB
[2025-09-26 01:23:44] ✅ 解析成功 - https://raw.githubusercontent.com/adminlove520/ZySource-Collector/7338efa8ac27c42ca3f1a07ca3042b3a62cdcd2e/TV_collector/config_isadult.json - 作者: adminlove520, 更新时间: unknown, 大小: 0.0 KB
[2025-09-26 01:23:44] ✅ 解析成功 - https://raw.githubusercontent.com/webshellren/XMoonTV/ef052045a4f7a3a10c5907da4d30e3a90984b03b/config.json - 作者: webshellren, 更新时间: unknown, 大小: 0.0 KB
[2025-09-27 01:20:36] ✅ 解析成功 - https://raw.githubusercontent.com/samqin123/MoonTV/c0bba763d16fb5cd830a808d58329025337491cf/config.json - 作者: samqin123, 更新时间: unknown, 大小: 0.0 KB
[2025-09-27 01:20:36] ✅ 解析成功 - https://raw.githubusercontent.com/hafrey1/LunaTV-config/246fe404ebb3294e14533cecc225b29d3bd79217/jinhuang.json - 作者: hafrey1, 更新时间: unknown, 大小: 0.0 KB
[2025-09-27 01:20:36] ✅ 解析成功 - https://raw.githubusercontent.com/katelya77/KatelyaTV/3ce1bd1ce4be0e8663766959e18c16387f573fac/config.example.json - 作者: katelya77, 更新时间: unknown, 大小: 0.0 KB
[2025-09-27 01:20:37] ✅ 解析成功 - https://raw.githubusercontent.com/Pundsup/Live/2bb91239e9bc98794b61088b0b848d2824421537/yszyby.json - 作者: Pundsup, 更新时间: unknown, 大小: 0.0 KB
[2025-09-27 01:20:37] ✅ 解析成功 - https://raw.githubusercontent.com/chat263/tvjson/45dbc00aebda1642a95c20be2b5a0bda61a60e78/m.json - 作者: chat263, 更新时间: unknown, 大小: 0.0 KB
[2025-09-27 01:20:37] ✅ 解析成功 - https://raw.githubusercontent.com/PAICNI/Videos_PLUS/b51ff1521a1e77f17ad538ccfd3c100cc42e0663/MoonTV%E8%A7%86%E9%A2%91%E6%BA%90Plus%E7%89%88.json - 作者: PAICNI, 更新时间: unknown, 大小: 0.0 KB
[2025-09-27 01:20:37] ✅ 解析成功 - https://raw.githubusercontent.com/sk3879921/tvjson/2670d28c000842648a6b4ae3746b0c7c45f17c58/q.json - 作者: sk3879921, 更新时间: unknown, 大小: 0.0 KB
[2025-09-27 01:20:37] ✅ 解析成功 - https://raw.githubusercontent.com/lovevampplus/cfdata/48ae504408e44ef0a64d175cca50bc57efde28b7/moontv-config.json - 作者: lovevampplus, 更新时间: unknown, 大小: 0.0 KB
[2025-09-27 01:20:37] ✅ 解析成功 - https://raw.githubusercontent.com/hjdhnx/drpy-node/5e7f58b64f12ec1fadfdc8ad9ff730a6f0ba90b9/scripts/mjs/moontv.json - 作者: hjdhnx, 更新时间: unknown, 大小: 0.0 KB
[2025-09-27 01:20:38] ✅ 解析成功 - https://raw.githubusercontent.com/hanzhenya/hzyiptv/89d54a3700c0a28fa6682498c462a4af2112b95b/config(%E8%80%81).json - 作者: hanzhenya, 更新时间: unknown, 大小: 0.0 KB
[2025-09-27 01:20:38] ✅ 解析成功 - https://raw.githubusercontent.com/SeqCrafter/MyStaticFile/bcf26cd0a34c6ebff4a4bf6a1b355e72ea71431c/MoonTV/config.json - 作者: SeqCrafter, 更新时间: unknown, 大小: 0.0 KB
[2025-09-27 01:20:38] ✅ 解析成功 - https://raw.githubusercontent.com/gxnas/TvBox/73fe7b54b2ac132896f821f76e6a877079250c81/20250823.json - 作者: gxnas, 更新时间: unknown, 大小: 0.0 KB
[2025-09-27 01:20:38] ✅ 解析成功 - https://raw.githubusercontent.com/zhangxiaofeng05/zdocker/4e8c2ff67085ca703a28d003b465f6150c8df9b4/data/katelyatv/config.json - 作者: zhangxiaofeng05, 更新时间: unknown, 大小: 0.0 KB
[2025-09-27 01:20:38] ✅ 解析成功 - https://raw.githubusercontent.com/wokaotianshi123/wokaotianshi123.github.io/3bd4e325d30e18fbcce63980e50b475cb01a606d/moontv/config_2025-09-23.json - 作者: wokaotianshi123, 更新时间: unknown, 大小: 0.0 KB
[2025-09-27 01:20:39] ✅ 解析成功 - https://raw.githubusercontent.com/xuyuani/moontv/ea3d1065e8bbdfde379700bf74eb634e88915ab2/config.json - 作者: xuyuani, 更新时间: unknown, 大小: 0.0 KB
[2025-09-27 01:20:39] ✅ 解析成功 - https://raw.githubusercontent.com/lovevampplus/cfdata/48ae504408e44ef0a64d175cca50bc57efde28b7/96.json - 作者: lovevampplus, 更新时间: unknown, 大小: 0.0 KB
[2025-09-27 01:20:39] ❌ JSON语法错误 - https://raw.githubusercontent.com/hafrey1/MoonTV1.1.1/614f381e5312d9821bd5fe058f9eed9426e96d23/config.json - Expecting value: line 151 column 1 (char 5001)
[2025-09-27 01:20:39] ✅ 解析成功 - https://raw.githubusercontent.com/wokaotianshi123/jgcj/50d1b6839de5b91c92c8d7619517f55df674b59e/libretv.json - 作者: wokaotianshi123, 更新时间: unknown, 大小: 0.0 KB
[2025-09-27 01:20:39] ✅ 解析成功 - https://raw.githubusercontent.com/sammy0101/myself/061a575bad1692315c8e41d97837db8bc1649855/MoonTV-config.json - 作者: sammy0101, 更新时间: unknown, 大小: 0.0 KB
[2025-09-27 01:20:39] ✅ 解析成功 - https://raw.githubusercontent.com/SCXSVIP/TV/e7bc32117505d2bda3b31ade3dc96114c6ce623c/MoonTV/MoonTV-xs.json - 作者: SCXSVIP, 更新时间: unknown, 大小: 0.0 KB
[2025-09-27 01:20:40] ✅ 解析成功 - https://raw.githubusercontent.com/Jonney111/jonney_clash/2a8545f0367a753599af049d670f0d37c17b5738/moontv.json - 作者: Jonney111, 更新时间: unknown, 大小: 0.0 KB
[2025-09-27 01:20:40] ✅ 解析成功 - https://raw.githubusercontent.com/hafrey1/LunaTV-config/246fe404ebb3294e14533cecc225b29d3bd79217/LunaTV-config.json - 作者: hafrey1, 更新时间: unknown, 大小: 0.0 KB
[2025-09-27 01:20:40] ✅ 解析成功 - https://raw.githubusercontent.com/xqrock/openfile/d5499b069e4901c98e674935c5d2b295413d9d5b/config/vod.json - 作者: xqrock, 更新时间: unknown, 大小: 0.0 KB
[2025-09-27 01:20:40] ✅ 解析成功 - https://raw.githubusercontent.com/louis779/moontyv/0fe913bafef02036b393feed5683349145c9480a/config.json - 作者: louis779, 更新时间: unknown, 大小: 0.0 KB
[2025-09-27 01:20:40] ❌ JSON语法错误 - https://raw.githubusercontent.com/Na5h1ra/s0meth1ng/f787d224cb2f1cadf51615d188ed89ce16653826/med1a_sub/Others/MoonTV_AV_config_og.json - Expecting property name enclosed in double quotes: line 7 column 9 (char 161)
[2025-09-27 01:20:40] ✅ 解析成功 - https://raw.githubusercontent.com/Stardm0/MoonTV/173c31a01906c86911e43536922e68f1b6f444ec/config.json - 作者: Stardm0, 更新时间: unknown, 大小: 0.0 KB
[2025-09-27 01:20:40] ✅ 解析成功 - https://raw.githubusercontent.com/yutian81/data-source/97c13655052a73d5f455801eed3d366b97acf3ce/OrionTV/config.json - 作者: yutian81, 更新时间: unknown, 大小: 0.0 KB
[2025-09-27 01:20:41] ✅ 解析成功 - https://raw.githubusercontent.com/zhumengkang/edgeone-moontv/262ce332a93ba34966adb07761e7bfab8faab7bf/config.json - 作者: zhumengkang, 更新时间: unknown, 大小: 0.0 KB
[2025-09-27 01:20:41] ✅ 解析成功 - https://raw.githubusercontent.com/adminlove520/ZySource-Collector/7338efa8ac27c42ca3f1a07ca3042b3a62cdcd2e/TV_collector/config_isadult.json - 作者: adminlove520, 更新时间: unknown, 大小: 0.0 KB
[2025-09-27 01:20:41] ✅ 解析成功 - https://raw.githubusercontent.com/webshellren/XMoonTV/ef052045a4f7a3a10c5907da4d30e3a90984b03b/config.json - 作者: webshellren, 更新时间: unknown, 大小: 0.0 KB
[2025-09-28 01:39:02] ✅ 解析成功 - https://raw.githubusercontent.com/samqin123/MoonTV/c0bba763d16fb5cd830a808d58329025337491cf/config.json - 作者: samqin123, 更新时间: unknown, 大小: 0.0 KB
[2025-09-28 01:39:02] ✅ 解析成功 - https://raw.githubusercontent.com/hafrey1/LunaTV-config/8720f423f89fa9c49221273cc22192d324e0fdf7/jinhuang.json - 作者: hafrey1, 更新时间: unknown, 大小: 0.0 KB
[2025-09-28 01:39:03] ✅ 解析成功 - https://raw.githubusercontent.com/katelya77/KatelyaTV/3ce1bd1ce4be0e8663766959e18c16387f573fac/config.example.json - 作者: katelya77, 更新时间: unknown, 大小: 0.0 KB
[2025-09-28 01:39:03] ✅ 解析成功 - https://raw.githubusercontent.com/Pundsup/Live/66cd2ff3528f299f896722a63e9061b425faa3a4/yszyby.json - 作者: Pundsup, 更新时间: unknown, 大小: 0.0 KB
[2025-09-28 01:39:03] ✅ 解析成功 - https://raw.githubusercontent.com/chat263/tvjson/45dbc00aebda1642a95c20be2b5a0bda61a60e78/m.json - 作者: chat263, 更新时间: unknown, 大小: 0.0 KB
[2025-09-28 01:39:03] ✅ 解析成功 - https://raw.githubusercontent.com/zhumengkang/edgeone-moontv/262ce332a93ba34966adb07761e7bfab8faab7bf/config.json - 作者: zhumengkang, 更新时间: unknown, 大小: 0.0 KB
[2025-09-28 01:39:04] ✅ 解析成功 - https://raw.githubusercontent.com/PAICNI/Videos_PLUS/b51ff1521a1e77f17ad538ccfd3c100cc42e0663/MoonTV%E8%A7%86%E9%A2%91%E6%BA%90Plus%E7%89%88.json - 作者: PAICNI, 更新时间: unknown, 大小: 0.0 KB
[2025-09-28 01:39:04] ✅ 解析成功 - https://raw.githubusercontent.com/Jonney111/jonney_clash/2a8545f0367a753599af049d670f0d37c17b5738/moontv.json - 作者: Jonney111, 更新时间: unknown, 大小: 0.0 KB
[2025-09-28 01:39:04] ✅ 解析成功 - https://raw.githubusercontent.com/lovevampplus/cfdata/48ae504408e44ef0a64d175cca50bc57efde28b7/96.json - 作者: lovevampplus, 更新时间: unknown, 大小: 0.0 KB
[2025-09-28 01:39:04] ✅ 解析成功 - https://raw.githubusercontent.com/SCXSVIP/TV/e7bc32117505d2bda3b31ade3dc96114c6ce623c/MoonTV/MoonTV-xs.json - 作者: SCXSVIP, 更新时间: unknown, 大小: 0.0 KB
[2025-09-28 01:39:05] ✅ 解析成功 - https://raw.githubusercontent.com/adminlove520/ZySource-Collector/7338efa8ac27c42ca3f1a07ca3042b3a62cdcd2e/TV_collector/config_isadult.json - 作者: adminlove520, 更新时间: unknown, 大小: 0.0 KB
[2025-09-28 01:39:05] ✅ 解析成功 - https://raw.githubusercontent.com/wokaotianshi123/wokaotianshi123.github.io/3bd4e325d30e18fbcce63980e50b475cb01a606d/moontv/config_2025-09-23.json - 作者: wokaotianshi123, 更新时间: unknown, 大小: 0.0 KB
[2025-09-28 01:39:05] ✅ 解析成功 - https://raw.githubusercontent.com/webshellren/XMoonTV/ef052045a4f7a3a10c5907da4d30e3a90984b03b/config.json - 作者: webshellren, 更新时间: unknown, 大小: 0.0 KB
[2025-09-28 01:39:05] ✅ 解析成功 - https://raw.githubusercontent.com/xqrock/openfile/d5499b069e4901c98e674935c5d2b295413d9d5b/config/vod.json - 作者: xqrock, 更新时间: unknown, 大小: 0.0 KB
[2025-09-28 01:39:06] ✅ 解析成功 - https://raw.githubusercontent.com/wenxiblog/WenXiTV/858aa80242728dbcb74a4b913eb92ebcaf6da04a/config.json - 作者: wenxiblog, 更新时间: unknown, 大小: 0.0 KB
[2025-09-28 01:39:06] ✅ 解析成功 - https://raw.githubusercontent.com/wokaotianshi123/jgcj/c7a3580e83fd70f02a42c61a4205aa4c812c0df8/libretv.json - 作者: wokaotianshi123, 更新时间: unknown, 大小: 0.0 KB
[2025-09-28 01:39:06] ✅ 解析成功 - https://raw.githubusercontent.com/Stardm0/MoonTV/173c31a01906c86911e43536922e68f1b6f444ec/config.json - 作者: Stardm0, 更新时间: unknown, 大小: 0.0 KB
[2025-09-28 01:39:06] ✅ 解析成功 - https://raw.githubusercontent.com/yjh800307/yjh800307.github.io/4b825da4ab5059eae4f36ffc59877d0b5a76ea63/moontv.json - 作者: yjh800307, 更新时间: unknown, 大小: 0.0 KB
[2025-09-28 01:39:07] ✅ 解析成功 - https://raw.githubusercontent.com/moli-xia/MoonTV-app/aea64cc2504b56ea05e23fc2af49c7ed5a305dea/config.json - 作者: moli-xia, 更新时间: unknown, 大小: 0.0 KB
[2025-09-28 01:39:07] ✅ 解析成功 - https://raw.githubusercontent.com/sk3879921/tvjson/2670d28c000842648a6b4ae3746b0c7c45f17c58/q.json - 作者: sk3879921, 更新时间: unknown, 大小: 0.0 KB
[2025-09-28 01:39:07] ✅ 解析成功 - https://raw.githubusercontent.com/sammy0101/myself/061a575bad1692315c8e41d97837db8bc1649855/MoonTV-config.json - 作者: sammy0101, 更新时间: unknown, 大小: 0.0 KB
[2025-09-28 01:39:07] ✅ 解析成功 - https://raw.githubusercontent.com/hanzhenya/hzyiptv/00923a1043db8e531f730912d565eb8619b5675f/config(%E8%80%81).json - 作者: hanzhenya, 更新时间: unknown, 大小: 0.0 KB
[2025-09-28 01:39:08] ✅ 解析成功 - https://raw.githubusercontent.com/hafrey1/LunaTV-config/8720f423f89fa9c49221273cc22192d324e0fdf7/LunaTV-config.json - 作者: hafrey1, 更新时间: unknown, 大小: 0.0 KB
[2025-09-28 01:39:08] ✅ 解析成功 - https://raw.githubusercontent.com/gxnas/TvBox/73fe7b54b2ac132896f821f76e6a877079250c81/20250823.json - 作者: gxnas, 更新时间: unknown, 大小: 0.0 KB
[2025-09-28 01:39:08] ✅ 解析成功 - https://raw.githubusercontent.com/hjdhnx/drpy-node/6630441cc0ac8466be959b13bc6b714a4d17ec25/scripts/mjs/moontv.json - 作者: hjdhnx, 更新时间: unknown, 大小: 0.0 KB
[2025-09-28 01:39:08] ✅ 解析成功 - https://raw.githubusercontent.com/yutian81/data-source/97c13655052a73d5f455801eed3d366b97acf3ce/OrionTV/config.json - 作者: yutian81, 更新时间: unknown, 大小: 0.0 KB
[2025-09-28 01:39:08] ✅ 解析成功 - https://raw.githubusercontent.com/Pundsup/Live/66cd2ff3528f299f896722a63e9061b425faa3a4/yszy.json - 作者: Pundsup, 更新时间: unknown, 大小: 0.0 KB
[2025-09-28 01:39:09] ✅ 解析成功 - https://raw.githubusercontent.com/chisenin/rules-template/949dd70f0d2de4f29cd6300aed8168fb4a9442dd/config.json - 作者: chisenin, 更新时间: unknown, 大小: 0.0 KB
[2025-09-28 01:39:09] ✅ 解析成功 - https://raw.githubusercontent.com/lovevampplus/cfdata/48ae504408e44ef0a64d175cca50bc57efde28b7/moontv-config.json - 作者: lovevampplus, 更新时间: unknown, 大小: 0.0 KB
[2025-09-28 01:39:09] ✅ 解析成功 - https://raw.githubusercontent.com/kpsmail/new/7b0c540266a7a0797eb4c127447a45d456e387ec/config.json - 作者: kpsmail, 更新时间: unknown, 大小: 0.0 KB
[2025-09-29 01:25:57] ✅ 解析成功 - https://raw.githubusercontent.com/samqin123/MoonTV/c0bba763d16fb5cd830a808d58329025337491cf/config.json - 作者: samqin123, 更新时间: unknown, 大小: 0.0 KB
[2025-09-29 01:25:57] ✅ 解析成功 - https://raw.githubusercontent.com/hafrey1/LunaTV-config/9e465e6f257955976627182c2f8fd8e78b4ae7b7/jinhuang.json - 作者: hafrey1, 更新时间: unknown, 大小: 0.0 KB
[2025-09-29 01:25:57] ✅ 解析成功 - https://raw.githubusercontent.com/katelya77/KatelyaTV/3ce1bd1ce4be0e8663766959e18c16387f573fac/config.example.json - 作者: katelya77, 更新时间: unknown, 大小: 0.0 KB
[2025-09-29 01:25:57] ✅ 解析成功 - https://raw.githubusercontent.com/Pundsup/Live/66cd2ff3528f299f896722a63e9061b425faa3a4/yszyby.json - 作者: Pundsup, 更新时间: unknown, 大小: 0.0 KB
[2025-09-29 01:25:58] ✅ 解析成功 - https://raw.githubusercontent.com/chat263/tvjson/45dbc00aebda1642a95c20be2b5a0bda61a60e78/m.json - 作者: chat263, 更新时间: unknown, 大小: 0.0 KB
[2025-09-29 01:25:58] ✅ 解析成功 - https://raw.githubusercontent.com/sk3879921/tvjson/2670d28c000842648a6b4ae3746b0c7c45f17c58/q.json - 作者: sk3879921, 更新时间: unknown, 大小: 0.0 KB
[2025-09-29 01:25:58] ✅ 解析成功 - https://raw.githubusercontent.com/PAICNI/Videos_PLUS/b51ff1521a1e77f17ad538ccfd3c100cc42e0663/MoonTV%E8%A7%86%E9%A2%91%E6%BA%90Plus%E7%89%88.json - 作者: PAICNI, 更新时间: unknown, 大小: 0.0 KB
[2025-09-29 01:25:58] ✅ 解析成功 - https://raw.githubusercontent.com/Jonney111/jonney_clash/2a8545f0367a753599af049d670f0d37c17b5738/moontv.json - 作者: Jonney111, 更新时间: unknown, 大小: 0.0 KB
[2025-09-29 01:25:59] ✅ 解析成功 - https://raw.githubusercontent.com/lovevampplus/cfdata/48ae504408e44ef0a64d175cca50bc57efde28b7/96.json - 作者: lovevampplus, 更新时间: unknown, 大小: 0.0 KB
[2025-09-29 01:25:59] ✅ 解析成功 - https://raw.githubusercontent.com/hanzhenya/hzyiptv/00923a1043db8e531f730912d565eb8619b5675f/config(%E8%80%81).json - 作者: hanzhenya, 更新时间: unknown, 大小: 0.0 KB
[2025-09-29 01:25:59] ✅ 解析成功 - https://raw.githubusercontent.com/hjdhnx/drpy-node/e12ad8c64086406599c456436351abde51833dad/scripts/mjs/moontv.json - 作者: hjdhnx, 更新时间: unknown, 大小: 0.0 KB
[2025-09-29 01:25:59] ✅ 解析成功 - https://raw.githubusercontent.com/hafrey1/LunaTV-config/9e465e6f257955976627182c2f8fd8e78b4ae7b7/LunaTV-config.json - 作者: hafrey1, 更新时间: unknown, 大小: 0.0 KB
[2025-09-29 01:26:00] ✅ 解析成功 - https://raw.githubusercontent.com/gxnas/TvBox/73fe7b54b2ac132896f821f76e6a877079250c81/20250823.json - 作者: gxnas, 更新时间: unknown, 大小: 0.0 KB
[2025-09-29 01:26:00] ✅ 解析成功 - https://raw.githubusercontent.com/oooopera/moontv_config/ba5340c29fde315a241fcfd00ea536ce21ddfefe/config%E5%88%9D%E5%A7%8B.json - 作者: oooopera, 更新时间: unknown, 大小: 0.0 KB
[2025-09-29 01:26:00] ✅ 解析成功 - https://raw.githubusercontent.com/SCXSVIP/TV/e7bc32117505d2bda3b31ade3dc96114c6ce623c/MoonTV/MoonTV-xs.json - 作者: SCXSVIP, 更新时间: unknown, 大小: 0.0 KB
[2025-09-29 01:26:01] ✅ 解析成功 - https://raw.githubusercontent.com/wokaotianshi123/jgcj/c7a3580e83fd70f02a42c61a4205aa4c812c0df8/libretv.json - 作者: wokaotianshi123, 更新时间: unknown, 大小: 0.0 KB
[2025-09-29 01:26:01] ✅ 解析成功 - https://raw.githubusercontent.com/webshellren/XMoonTV/ef052045a4f7a3a10c5907da4d30e3a90984b03b/config.json - 作者: webshellren, 更新时间: unknown, 大小: 0.0 KB
[2025-09-29 01:26:01] ✅ 解析成功 - https://raw.githubusercontent.com/jeffliub/MoonTV2/0a23fd92f0523ba828a445dfbe41f563eec65d66/config.json - 作者: jeffliub, 更新时间: unknown, 大小: 0.0 KB
[2025-09-29 01:26:01] ✅ 解析成功 - https://raw.githubusercontent.com/wokaotianshi123/wokaotianshi123.github.io/3bd4e325d30e18fbcce63980e50b475cb01a606d/moontv/config_2025-09-23.json - 作者: wokaotianshi123, 更新时间: unknown, 大小: 0.0 KB
[2025-09-29 01:26:02] ✅ 解析成功 - https://raw.githubusercontent.com/Stardm0/MoonTV/173c31a01906c86911e43536922e68f1b6f444ec/config.json - 作者: Stardm0, 更新时间: unknown, 大小: 0.0 KB
[2025-09-29 01:26:02] ✅ 解析成功 - https://raw.githubusercontent.com/louis779/moontyv/0fe913bafef02036b393feed5683349145c9480a/config.json - 作者: louis779, 更新时间: unknown, 大小: 0.0 KB
[2025-09-29 01:26:02] ✅ 解析成功 - https://raw.githubusercontent.com/sammy0101/myself/061a575bad1692315c8e41d97837db8bc1649855/MoonTV-config.json - 作者: sammy0101, 更新时间: unknown, 大小: 0.0 KB
[2025-09-29 01:26:02] ✅ 解析成功 - https://raw.githubusercontent.com/katelya77/KatelyaTV/3ce1bd1ce4be0e8663766959e18c16387f573fac/config.json - 作者: katelya77, 更新时间: unknown, 大小: 0.0 KB
[2025-09-29 01:26:03] ✅ 解析成功 - https://raw.githubusercontent.com/yjh800307/yjh800307.github.io/4b825da4ab5059eae4f36ffc59877d0b5a76ea63/moontv.json - 作者: yjh800307, 更新时间: unknown, 大小: 0.0 KB
[2025-09-29 01:26:03] ✅ 解析成功 - https://raw.githubusercontent.com/xqrock/openfile/d5499b069e4901c98e674935c5d2b295413d9d5b/config/vod.json - 作者: xqrock, 更新时间: unknown, 大小: 0.0 KB
[2025-09-29 01:26:03] ✅ 解析成功 - https://raw.githubusercontent.com/oooopera/moontv_config/ba5340c29fde315a241fcfd00ea536ce21ddfefe/input.json - 作者: oooopera, 更新时间: unknown, 大小: 0.0 KB
[2025-09-29 01:26:04] ✅ 解析成功 - https://raw.githubusercontent.com/xf959211192/xf-tv/e72c802958a022efc31970bd5286e90c61facd3a/config.json - 作者: xf959211192, 更新时间: unknown, 大小: 0.0 KB
[2025-09-29 01:26:04] ✅ 解析成功 - https://raw.githubusercontent.com/zhumengkang/edgeone-moontv/262ce332a93ba34966adb07761e7bfab8faab7bf/config.json - 作者: zhumengkang, 更新时间: unknown, 大小: 0.0 KB
[2025-09-29 01:26:04] ✅ 解析成功 - https://raw.githubusercontent.com/zhangxiaofeng05/zdocker/4e8c2ff67085ca703a28d003b465f6150c8df9b4/data/katelyatv/config.json - 作者: zhangxiaofeng05, 更新时间: unknown, 大小: 0.0 KB
[2025-09-29 01:26:04] ✅ 解析成功 - https://raw.githubusercontent.com/yutian81/data-source/97c13655052a73d5f455801eed3d366b97acf3ce/OrionTV/config.json - 作者: yutian81, 更新时间: unknown, 大小: 0.0 KB
[2025-09-30 01:24:14] ✅ 解析成功 - https://raw.githubusercontent.com/samqin123/MoonTV/c0bba763d16fb5cd830a808d58329025337491cf/config.json - 作者: samqin123, 更新时间: unknown, 大小: 0.0 KB
[2025-09-30 01:24:14] ✅ 解析成功 - https://raw.githubusercontent.com/hafrey1/LunaTV-config/cff09c4150cee44ac2d35713e0295f3052b95202/jinhuang.json - 作者: hafrey1, 更新时间: unknown, 大小: 0.0 KB
[2025-09-30 01:24:15] ✅ 解析成功 - https://raw.githubusercontent.com/katelya77/KatelyaTV/3ce1bd1ce4be0e8663766959e18c16387f573fac/config.example.json - 作者: katelya77, 更新时间: unknown, 大小: 0.0 KB
[2025-09-30 01:24:15] ✅ 解析成功 - https://raw.githubusercontent.com/Pundsup/Live/66cd2ff3528f299f896722a63e9061b425faa3a4/yszyby.json - 作者: Pundsup, 更新时间: unknown, 大小: 0.0 KB
[2025-09-30 01:24:15] ✅ 解析成功 - https://raw.githubusercontent.com/chat263/tvjson/45dbc00aebda1642a95c20be2b5a0bda61a60e78/m.json - 作者: chat263, 更新时间: unknown, 大小: 0.0 KB
[2025-09-30 01:24:15] ✅ 解析成功 - https://raw.githubusercontent.com/sk3879921/tvjson/2670d28c000842648a6b4ae3746b0c7c45f17c58/q.json - 作者: sk3879921, 更新时间: unknown, 大小: 0.0 KB
[2025-09-30 01:24:15] ✅ 解析成功 - https://raw.githubusercontent.com/PAICNI/Videos_PLUS/b51ff1521a1e77f17ad538ccfd3c100cc42e0663/MoonTV%E8%A7%86%E9%A2%91%E6%BA%90Plus%E7%89%88.json - 作者: PAICNI, 更新时间: unknown, 大小: 0.0 KB
[2025-09-30 01:24:16] ✅ 解析成功 - https://raw.githubusercontent.com/Jonney111/jonney_clash/2a8545f0367a753599af049d670f0d37c17b5738/moontv.json - 作者: Jonney111, 更新时间: unknown, 大小: 0.0 KB
[2025-09-30 01:24:16] ✅ 解析成功 - https://raw.githubusercontent.com/lovevampplus/cfdata/48ae504408e44ef0a64d175cca50bc57efde28b7/96.json - 作者: lovevampplus, 更新时间: unknown, 大小: 0.0 KB
[2025-09-30 01:24:16] ✅ 解析成功 - https://raw.githubusercontent.com/hanzhenya/hzyiptv/00923a1043db8e531f730912d565eb8619b5675f/config(%E8%80%81).json - 作者: hanzhenya, 更新时间: unknown, 大小: 0.0 KB
[2025-09-30 01:24:16] ✅ 解析成功 - https://raw.githubusercontent.com/hjdhnx/drpy-node/a6a8a9f04392b714caedbbdc294bc7b44e855c95/scripts/mjs/moontv.json - 作者: hjdhnx, 更新时间: unknown, 大小: 0.0 KB
[2025-09-30 01:24:16] ✅ 解析成功 - https://raw.githubusercontent.com/hafrey1/LunaTV-config/cff09c4150cee44ac2d35713e0295f3052b95202/LunaTV-config.json - 作者: hafrey1, 更新时间: unknown, 大小: 0.0 KB
[2025-09-30 01:24:17] ✅ 解析成功 - https://raw.githubusercontent.com/gxnas/TvBox/73fe7b54b2ac132896f821f76e6a877079250c81/20250823.json - 作者: gxnas, 更新时间: unknown, 大小: 0.0 KB
[2025-09-30 01:24:17] ✅ 解析成功 - https://raw.githubusercontent.com/oooopera/moontv_config/07d170728f7c732afa5dfb3b883f1457996e07c3/config%E5%88%9D%E5%A7%8B.json - 作者: oooopera, 更新时间: unknown, 大小: 0.0 KB
[2025-09-30 01:24:17] ✅ 解析成功 - https://raw.githubusercontent.com/SCXSVIP/TV/e7bc32117505d2bda3b31ade3dc96114c6ce623c/MoonTV/MoonTV-xs.json - 作者: SCXSVIP, 更新时间: unknown, 大小: 0.0 KB
[2025-09-30 01:24:17] ✅ 解析成功 - https://raw.githubusercontent.com/wokaotianshi123/jgcj/c7a3580e83fd70f02a42c61a4205aa4c812c0df8/libretv.json - 作者: wokaotianshi123, 更新时间: unknown, 大小: 0.0 KB
[2025-09-30 01:24:17] ✅ 解析成功 - https://raw.githubusercontent.com/webshellren/XMoonTV/ef052045a4f7a3a10c5907da4d30e3a90984b03b/config.json - 作者: webshellren, 更新时间: unknown, 大小: 0.0 KB
[2025-09-30 01:24:18] ✅ 解析成功 - https://raw.githubusercontent.com/jeffliub/MoonTV2/0a23fd92f0523ba828a445dfbe41f563eec65d66/config.json - 作者: jeffliub, 更新时间: unknown, 大小: 0.0 KB
[2025-09-30 01:24:18] ✅ 解析成功 - https://raw.githubusercontent.com/wokaotianshi123/wokaotianshi123.github.io/3bd4e325d30e18fbcce63980e50b475cb01a606d/moontv/config_2025-09-23.json - 作者: wokaotianshi123, 更新时间: unknown, 大小: 0.0 KB
[2025-09-30 01:24:18] ✅ 解析成功 - https://raw.githubusercontent.com/Stardm0/MoonTV/6da6c71f4c2860bf6fa7a3cc67f7c9465fe0d365/config.json - 作者: Stardm0, 更新时间: unknown, 大小: 0.0 KB
[2025-09-30 01:24:18] ✅ 解析成功 - https://raw.githubusercontent.com/louis779/moontyv/0fe913bafef02036b393feed5683349145c9480a/config.json - 作者: louis779, 更新时间: unknown, 大小: 0.0 KB
[2025-09-30 01:24:18] ✅ 解析成功 - https://raw.githubusercontent.com/sammy0101/myself/061a575bad1692315c8e41d97837db8bc1649855/MoonTV-config.json - 作者: sammy0101, 更新时间: unknown, 大小: 0.0 KB
[2025-09-30 01:24:19] ✅ 解析成功 - https://raw.githubusercontent.com/katelya77/KatelyaTV/3ce1bd1ce4be0e8663766959e18c16387f573fac/config.json - 作者: katelya77, 更新时间: unknown, 大小: 0.0 KB
[2025-09-30 01:24:19] ✅ 解析成功 - https://raw.githubusercontent.com/yjh800307/yjh800307.github.io/4b825da4ab5059eae4f36ffc59877d0b5a76ea63/moontv.json - 作者: yjh800307, 更新时间: unknown, 大小: 0.0 KB
[2025-09-30 01:24:19] ✅ 解析成功 - https://raw.githubusercontent.com/xqrock/openfile/d5499b069e4901c98e674935c5d2b295413d9d5b/config/vod.json - 作者: xqrock, 更新时间: unknown, 大小: 0.0 KB
[2025-09-30 01:24:19] ✅ 解析成功 - https://raw.githubusercontent.com/oooopera/moontv_config/07d170728f7c732afa5dfb3b883f1457996e07c3/input.json - 作者: oooopera, 更新时间: unknown, 大小: 0.0 KB
[2025-09-30 01:24:19] ✅ 解析成功 - https://raw.githubusercontent.com/xf959211192/xf-tv/e72c802958a022efc31970bd5286e90c61facd3a/config.json - 作者: xf959211192, 更新时间: unknown, 大小: 0.0 KB
[2025-09-30 01:24:19] ✅ 解析成功 - https://raw.githubusercontent.com/zhumengkang/edgeone-moontv/262ce332a93ba34966adb07761e7bfab8faab7bf/config.json - 作者: zhumengkang, 更新时间: unknown, 大小: 0.0 KB
[2025-09-30 01:24:20] ✅ 解析成功 - https://raw.githubusercontent.com/zhangxiaofeng05/zdocker/4e8c2ff67085ca703a28d003b465f6150c8df9b4/data/katelyatv/config.json - 作者: zhangxiaofeng05, 更新时间: unknown, 大小: 0.0 KB
[2025-09-30 01:24:20] ✅ 解析成功 - https://raw.githubusercontent.com/yutian81/data-source/97c13655052a73d5f455801eed3d366b97acf3ce/OrionTV/config.json - 作者: yutian81, 更新时间: unknown, 大小: 0.0 KB
[2025-10-01 01:40:58] ✅ 解析成功 - https://raw.githubusercontent.com/samqin123/MoonTV/c0bba763d16fb5cd830a808d58329025337491cf/config.json - 作者: samqin123, 更新时间: unknown, 大小: 0.0 KB
[2025-10-01 01:40:58] ✅ 解析成功 - https://raw.githubusercontent.com/hafrey1/LunaTV-config/6a471a0e9fde6698ab70080834ec4f5bfc42d136/jinhuang.json - 作者: hafrey1, 更新时间: unknown, 大小: 0.0 KB
[2025-10-01 01:40:58] ✅ 解析成功 - https://raw.githubusercontent.com/katelya77/KatelyaTV/3ce1bd1ce4be0e8663766959e18c16387f573fac/config.example.json - 作者: katelya77, 更新时间: unknown, 大小: 0.0 KB
[2025-10-01 01:40:59] ✅ 解析成功 - https://raw.githubusercontent.com/Pundsup/Live/66cd2ff3528f299f896722a63e9061b425faa3a4/yszyby.json - 作者: Pundsup, 更新时间: unknown, 大小: 0.0 KB
[2025-10-01 01:40:59] ✅ 解析成功 - https://raw.githubusercontent.com/PAICNI/Videos_PLUS/b51ff1521a1e77f17ad538ccfd3c100cc42e0663/MoonTV%E8%A7%86%E9%A2%91%E6%BA%90Plus%E7%89%88.json - 作者: PAICNI, 更新时间: unknown, 大小: 0.0 KB
[2025-10-01 01:40:59] ✅ 解析成功 - https://raw.githubusercontent.com/sk3879921/tvjson/2670d28c000842648a6b4ae3746b0c7c45f17c58/q.json - 作者: sk3879921, 更新时间: unknown, 大小: 0.0 KB
[2025-10-01 01:40:59] ✅ 解析成功 - https://raw.githubusercontent.com/Stardm0/MoonTV/598191acb019813a35c2123fd89d9936c844da3c/config.json - 作者: Stardm0, 更新时间: unknown, 大小: 0.0 KB
[2025-10-01 01:41:00] ✅ 解析成功 - https://raw.githubusercontent.com/wokaotianshi123/wokaotianshi123.github.io/3bd4e325d30e18fbcce63980e50b475cb01a606d/moontv/config_2025-09-23.json - 作者: wokaotianshi123, 更新时间: unknown, 大小: 0.0 KB
[2025-10-01 01:41:00] ✅ 解析成功 - https://raw.githubusercontent.com/louis779/moontyv/0fe913bafef02036b393feed5683349145c9480a/config.json - 作者: louis779, 更新时间: unknown, 大小: 0.0 KB
[2025-10-01 01:41:00] ✅ 解析成功 - https://raw.githubusercontent.com/lovevampplus/cfdata/48ae504408e44ef0a64d175cca50bc57efde28b7/96.json - 作者: lovevampplus, 更新时间: unknown, 大小: 0.0 KB
[2025-10-01 01:41:00] ✅ 解析成功 - https://raw.githubusercontent.com/xqrock/openfile/d5499b069e4901c98e674935c5d2b295413d9d5b/config/vod.json - 作者: xqrock, 更新时间: unknown, 大小: 0.0 KB
[2025-10-01 01:41:01] ✅ 解析成功 - https://raw.githubusercontent.com/hjdhnx/drpy-node/a6a8a9f04392b714caedbbdc294bc7b44e855c95/scripts/mjs/moontv.json - 作者: hjdhnx, 更新时间: unknown, 大小: 0.0 KB
[2025-10-01 01:41:01] ✅ 解析成功 - https://raw.githubusercontent.com/wokaotianshi123/jgcj/ec6aa3ddce43eb7d71c63b88468afe2b6b9ae647/libretv.json - 作者: wokaotianshi123, 更新时间: unknown, 大小: 0.0 KB
[2025-10-01 01:41:01] ✅ 解析成功 - https://raw.githubusercontent.com/SCXSVIP/TV/e7bc32117505d2bda3b31ade3dc96114c6ce623c/MoonTV/MoonTV-xs.json - 作者: SCXSVIP, 更新时间: unknown, 大小: 0.0 KB
[2025-10-01 01:41:01] ✅ 解析成功 - https://raw.githubusercontent.com/hafrey1/LunaTV-config/6a471a0e9fde6698ab70080834ec4f5bfc42d136/LunaTV-config.json - 作者: hafrey1, 更新时间: unknown, 大小: 0.0 KB
[2025-10-01 01:41:02] ✅ 解析成功 - https://raw.githubusercontent.com/Jonney111/jonney_clash/2a8545f0367a753599af049d670f0d37c17b5738/moontv.json - 作者: Jonney111, 更新时间: unknown, 大小: 0.0 KB
[2025-10-01 01:41:02] ✅ 解析成功 - https://raw.githubusercontent.com/chat263/tvjson/45dbc00aebda1642a95c20be2b5a0bda61a60e78/m.json - 作者: chat263, 更新时间: unknown, 大小: 0.0 KB
[2025-10-01 01:41:02] ✅ 解析成功 - https://raw.githubusercontent.com/xf959211192/xf-tv/e72c802958a022efc31970bd5286e90c61facd3a/config.json - 作者: xf959211192, 更新时间: unknown, 大小: 0.0 KB
[2025-10-01 01:41:02] ✅ 解析成功 - https://raw.githubusercontent.com/Pundsup/Live/66cd2ff3528f299f896722a63e9061b425faa3a4/yszy.json - 作者: Pundsup, 更新时间: unknown, 大小: 0.0 KB
[2025-10-01 01:41:03] ✅ 解析成功 - https://raw.githubusercontent.com/chisenin/rules-template/e2c928d653ca79010913a2ff5a15bbc752debf58/config.json - 作者: chisenin, 更新时间: unknown, 大小: 0.0 KB
[2025-10-01 01:41:03] ✅ 解析成功 - https://raw.githubusercontent.com/oooopera/moontv_config/69653fc0059acb449b42ca3499e157be8aee692d/input.json - 作者: oooopera, 更新时间: unknown, 大小: 0.0 KB
[2025-10-01 01:41:03] ✅ 解析成功 - https://raw.githubusercontent.com/adminlove520/ZySource-Collector/7338efa8ac27c42ca3f1a07ca3042b3a62cdcd2e/TV_collector/config_isadult.json - 作者: adminlove520, 更新时间: unknown, 大小: 0.0 KB
[2025-10-01 01:41:03] ✅ 解析成功 - https://raw.githubusercontent.com/zhumengkang/edgeone-moontv/262ce332a93ba34966adb07761e7bfab8faab7bf/config.json - 作者: zhumengkang, 更新时间: unknown, 大小: 0.0 KB
[2025-10-01 01:41:04] ✅ 解析成功 - https://raw.githubusercontent.com/hanzhenya/hzyiptv/00923a1043db8e531f730912d565eb8619b5675f/config(%E8%80%81).json - 作者: hanzhenya, 更新时间: unknown, 大小: 0.0 KB
[2025-10-01 01:41:04] ✅ 解析成功 - https://raw.githubusercontent.com/yutian81/data-source/97c13655052a73d5f455801eed3d366b97acf3ce/OrionTV/config.json - 作者: yutian81, 更新时间: unknown, 大小: 0.0 KB
[2025-10-01 01:41:04] ✅ 解析成功 - https://raw.githubusercontent.com/webshellren/XMoonTV/ef052045a4f7a3a10c5907da4d30e3a90984b03b/config.json - 作者: webshellren, 更新时间: unknown, 大小: 0.0 KB
[2025-10-01 01:41:04] ✅ 解析成功 - https://raw.githubusercontent.com/lovevampplus/cfdata/48ae504408e44ef0a64d175cca50bc57efde28b7/moontv-config.json - 作者: lovevampplus, 更新时间: unknown, 大小: 0.0 KB
[2025-10-01 01:41:05] ✅ 解析成功 - https://raw.githubusercontent.com/xuyuani/moontv/ea3d1065e8bbdfde379700bf74eb634e88915ab2/config.json - 作者: xuyuani, 更新时间: unknown, 大小: 0.0 KB
[2025-10-01 01:41:05] ✅ 解析成功 - https://raw.githubusercontent.com/zhangxiaofeng05/zdocker/4e8c2ff67085ca703a28d003b465f6150c8df9b4/data/katelyatv/config.json - 作者: zhangxiaofeng05, 更新时间: unknown, 大小: 0.0 KB
[2025-10-01 01:41:05] ✅ 解析成功 - https://raw.githubusercontent.com/869203553/guize/eb8fa7240b289603d833d3d4ae4201f74bcb1bd4/config.json - 作者: 869203553, 更新时间: unknown, 大小: 0.0 KB
[2025-10-02 01:22:13] ✅ 解析成功 - https://raw.githubusercontent.com/katelya77/KatelyaTV/fc78bb11c026285d1b66e841b227e6171574956c/config.json - 作者: katelya77, 更新时间: unknown, 大小: 0.0 KB
[2025-10-02 01:22:13] ✅ 解析成功 - https://raw.githubusercontent.com/hafrey1/LunaTV-config/783aa99e1463f17320798d20a6d3dd9085b16caa/jinhuang.json - 作者: hafrey1, 更新时间: unknown, 大小: 0.0 KB
[2025-10-02 01:22:13] ✅ 解析成功 - https://raw.githubusercontent.com/SCXSVIP/TV/e7bc32117505d2bda3b31ade3dc96114c6ce623c/MoonTV/MoonTV-xs.json - 作者: SCXSVIP, 更新时间: unknown, 大小: 0.0 KB
[2025-10-02 01:22:14] ✅ 解析成功 - https://raw.githubusercontent.com/hjdhnx/drpy-node/068b84e10bd9ec9c5bbdf5a1d5e032bd92548c0a/scripts/mjs/moontv.json - 作者: hjdhnx, 更新时间: unknown, 大小: 0.0 KB
[2025-10-02 01:22:14] ✅ 解析成功 - https://raw.githubusercontent.com/PAICNI/Videos_PLUS/b51ff1521a1e77f17ad538ccfd3c100cc42e0663/MoonTV%E8%A7%86%E9%A2%91%E6%BA%90Plus%E7%89%88.json - 作者: PAICNI, 更新时间: unknown, 大小: 0.0 KB
[2025-10-02 01:22:14] ✅ 解析成功 - https://raw.githubusercontent.com/webshellren/XMoonTV/ef052045a4f7a3a10c5907da4d30e3a90984b03b/config.json - 作者: webshellren, 更新时间: unknown, 大小: 0.0 KB
[2025-10-02 01:22:14] ✅ 解析成功 - https://raw.githubusercontent.com/adminlove520/ZySource-Collector/7338efa8ac27c42ca3f1a07ca3042b3a62cdcd2e/TV_collector/config_isadult.json - 作者: adminlove520, 更新时间: unknown, 大小: 0.0 KB
[2025-10-02 01:22:14] ✅ 解析成功 - https://raw.githubusercontent.com/Pundsup/Live/66cd2ff3528f299f896722a63e9061b425faa3a4/yszyby.json - 作者: Pundsup, 更新时间: unknown, 大小: 0.0 KB
[2025-10-02 01:22:15] ✅ 解析成功 - https://raw.githubusercontent.com/wokaotianshi123/jgcj/ec6aa3ddce43eb7d71c63b88468afe2b6b9ae647/libretv.json - 作者: wokaotianshi123, 更新时间: unknown, 大小: 0.0 KB
[2025-10-02 01:22:15] ✅ 解析成功 - https://raw.githubusercontent.com/lovevampplus/cfdata/48ae504408e44ef0a64d175cca50bc57efde28b7/96.json - 作者: lovevampplus, 更新时间: unknown, 大小: 0.0 KB
[2025-10-02 01:22:15] ❌ JSON语法错误 - https://raw.githubusercontent.com/hafrey1/MoonTV1.1.1/614f381e5312d9821bd5fe058f9eed9426e96d23/config.json - Expecting value: line 151 column 1 (char 5001)
[2025-10-02 01:22:15] ✅ 解析成功 - https://raw.githubusercontent.com/samqin123/MoonTV/c0bba763d16fb5cd830a808d58329025337491cf/config.json - 作者: samqin123, 更新时间: unknown, 大小: 0.0 KB
[2025-10-02 01:22:15] ✅ 解析成功 - https://raw.githubusercontent.com/chat263/tvjson/45dbc00aebda1642a95c20be2b5a0bda61a60e78/m.json - 作者: chat263, 更新时间: unknown, 大小: 0.0 KB
[2025-10-02 01:22:16] ✅ 解析成功 - https://raw.githubusercontent.com/sk3879921/tvjson/3e5394dfbc292321326e218e7bc303716f3f5336/q.json - 作者: sk3879921, 更新时间: unknown, 大小: 0.0 KB
[2025-10-02 01:22:16] ✅ 解析成功 - https://raw.githubusercontent.com/zhumengkang/edgeone-moontv/262ce332a93ba34966adb07761e7bfab8faab7bf/config.json - 作者: zhumengkang, 更新时间: unknown, 大小: 0.0 KB
[2025-10-02 01:22:16] ✅ 解析成功 - https://raw.githubusercontent.com/gxnas/TvBox/73fe7b54b2ac132896f821f76e6a877079250c81/20250823.json - 作者: gxnas, 更新时间: unknown, 大小: 0.0 KB
[2025-10-02 01:22:16] ✅ 解析成功 - https://raw.githubusercontent.com/wokaotianshi123/wokaotianshi123.github.io/3bd4e325d30e18fbcce63980e50b475cb01a606d/moontv/config_2025-09-23.json - 作者: wokaotianshi123, 更新时间: unknown, 大小: 0.0 KB
[2025-10-02 01:22:16] ✅ 解析成功 - https://raw.githubusercontent.com/xqrock/openfile/d5499b069e4901c98e674935c5d2b295413d9d5b/config/vod.json - 作者: xqrock, 更新时间: unknown, 大小: 0.0 KB
[2025-10-02 01:22:17] ✅ 解析成功 - https://raw.githubusercontent.com/869203553/guize/eb8fa7240b289603d833d3d4ae4201f74bcb1bd4/config.json - 作者: 869203553, 更新时间: unknown, 大小: 0.0 KB
[2025-10-02 01:22:17] ✅ 解析成功 - https://raw.githubusercontent.com/Jonney111/jonney_clash/2a8545f0367a753599af049d670f0d37c17b5738/moontv.json - 作者: Jonney111, 更新时间: unknown, 大小: 0.0 KB
[2025-10-02 01:22:17] ✅ 解析成功 - https://raw.githubusercontent.com/oooopera/moontv_config/a3e528c0e28be38e351ede566b3bbd90ae31a42f/input.json - 作者: oooopera, 更新时间: unknown, 大小: 0.0 KB
[2025-10-02 01:22:17] ✅ 解析成功 - https://raw.githubusercontent.com/Stardm0/MoonTV/245d163026f399c4fb75ea05b821d3395605fb10/config.json - 作者: Stardm0, 更新时间: unknown, 大小: 0.0 KB
[2025-10-02 01:22:18] ✅ 解析成功 - https://raw.githubusercontent.com/katelya77/KatelyaTV/fc78bb11c026285d1b66e841b227e6171574956c/config.example.json - 作者: katelya77, 更新时间: unknown, 大小: 0.0 KB
[2025-10-02 01:22:18] ✅ 解析成功 - https://raw.githubusercontent.com/zhangxiaofeng05/zdocker/4e8c2ff67085ca703a28d003b465f6150c8df9b4/data/katelyatv/config.json - 作者: zhangxiaofeng05, 更新时间: unknown, 大小: 0.0 KB
[2025-10-02 01:22:18] ✅ 解析成功 - https://raw.githubusercontent.com/wenxiblog/WenXiTV/858aa80242728dbcb74a4b913eb92ebcaf6da04a/config.json - 作者: wenxiblog, 更新时间: unknown, 大小: 0.0 KB
[2025-10-02 01:22:18] ✅ 解析成功 - https://raw.githubusercontent.com/hanzhenya/hzyiptv/00923a1043db8e531f730912d565eb8619b5675f/config(%E8%80%81).json - 作者: hanzhenya, 更新时间: unknown, 大小: 0.0 KB
[2025-10-02 01:22:19] ✅ 解析成功 - https://raw.githubusercontent.com/xf959211192/xf-tv/e72c802958a022efc31970bd5286e90c61facd3a/config.json - 作者: xf959211192, 更新时间: unknown, 大小: 0.0 KB
[2025-10-02 01:22:19] ✅ 解析成功 - https://raw.githubusercontent.com/lovevampplus/cfdata/48ae504408e44ef0a64d175cca50bc57efde28b7/moontv-config.json - 作者: lovevampplus, 更新时间: unknown, 大小: 0.0 KB
[2025-10-02 01:22:19] ✅ 解析成功 - https://raw.githubusercontent.com/oooopera/moontv_config/a3e528c0e28be38e351ede566b3bbd90ae31a42f/config%E5%88%9D%E5%A7%8B.json - 作者: oooopera, 更新时间: unknown, 大小: 0.0 KB
[2025-10-02 01:22:19] ✅ 解析成功 - https://raw.githubusercontent.com/Pundsup/Live/66cd2ff3528f299f896722a63e9061b425faa3a4/yszy.json - 作者: Pundsup, 更新时间: unknown, 大小: 0.0 KB
[2025-10-03 01:21:58] ✅ 解析成功 - https://raw.githubusercontent.com/katelya77/KatelyaTV/fc78bb11c026285d1b66e841b227e6171574956c/config.json - 作者: katelya77, 更新时间: unknown, 大小: 0.0 KB
[2025-10-03 01:21:58] ✅ 解析成功 - https://raw.githubusercontent.com/hafrey1/LunaTV-config/c5fe6b510f2e66983a4c368881eb2e2939976d2d/jingjian.json - 作者: hafrey1, 更新时间: unknown, 大小: 0.0 KB
[2025-10-03 01:21:58] ✅ 解析成功 - https://raw.githubusercontent.com/SCXSVIP/TV/e7bc32117505d2bda3b31ade3dc96114c6ce623c/MoonTV/MoonTV-xs.json - 作者: SCXSVIP, 更新时间: unknown, 大小: 0.0 KB
[2025-10-03 01:21:59] ✅ 解析成功 - https://raw.githubusercontent.com/hjdhnx/drpy-node/068b84e10bd9ec9c5bbdf5a1d5e032bd92548c0a/scripts/mjs/moontv.json - 作者: hjdhnx, 更新时间: unknown, 大小: 0.0 KB
[2025-10-03 01:21:59] ✅ 解析成功 - https://raw.githubusercontent.com/gxnas/TvBox/73fe7b54b2ac132896f821f76e6a877079250c81/20250823.json - 作者: gxnas, 更新时间: unknown, 大小: 0.0 KB
[2025-10-03 01:21:59] ✅ 解析成功 - https://raw.githubusercontent.com/wokaotianshi123/wokaotianshi123.github.io/3bd4e325d30e18fbcce63980e50b475cb01a606d/moontv/config_2025-09-23.json - 作者: wokaotianshi123, 更新时间: unknown, 大小: 0.0 KB
[2025-10-03 01:22:00] ✅ 解析成功 - https://raw.githubusercontent.com/lovevampplus/cfdata/48ae504408e44ef0a64d175cca50bc57efde28b7/96.json - 作者: lovevampplus, 更新时间: unknown, 大小: 0.0 KB
[2025-10-03 01:22:00] ✅ 解析成功 - https://raw.githubusercontent.com/yutian81/data-source/97c13655052a73d5f455801eed3d366b97acf3ce/OrionTV/config.json - 作者: yutian81, 更新时间: unknown, 大小: 0.0 KB
[2025-10-03 01:22:00] ✅ 解析成功 - https://raw.githubusercontent.com/Pundsup/Live/66cd2ff3528f299f896722a63e9061b425faa3a4/yszy.json - 作者: Pundsup, 更新时间: unknown, 大小: 0.0 KB
[2025-10-03 01:22:00] ✅ 解析成功 - https://raw.githubusercontent.com/Stardm0/MoonTV/541659bd1f8b2260f5e1a2f6cab1dd2111755352/config.json - 作者: Stardm0, 更新时间: unknown, 大小: 0.0 KB
[2025-10-03 01:22:00] ❌ JSON语法错误 - https://raw.githubusercontent.com/hafrey1/MoonTV1.1.1/614f381e5312d9821bd5fe058f9eed9426e96d23/config.json - Expecting value: line 151 column 1 (char 5001)
[2025-10-03 01:22:01] ✅ 解析成功 - https://raw.githubusercontent.com/yjh800307/yjh800307.github.io/4b825da4ab5059eae4f36ffc59877d0b5a76ea63/moontv.json - 作者: yjh800307, 更新时间: unknown, 大小: 0.0 KB
[2025-10-03 01:22:01] ✅ 解析成功 - https://raw.githubusercontent.com/wokaotianshi123/jgcj/ec6aa3ddce43eb7d71c63b88468afe2b6b9ae647/libretv.json - 作者: wokaotianshi123, 更新时间: unknown, 大小: 0.0 KB
[2025-10-03 01:22:01] ✅ 解析成功 - https://raw.githubusercontent.com/Pundsup/Live/66cd2ff3528f299f896722a63e9061b425faa3a4/yszyby.json - 作者: Pundsup, 更新时间: unknown, 大小: 0.0 KB
[2025-10-03 01:22:02] ✅ 解析成功 - https://raw.githubusercontent.com/hafrey1/LunaTV-config/c5fe6b510f2e66983a4c368881eb2e2939976d2d/LunaTV-config.json - 作者: hafrey1, 更新时间: unknown, 大小: 0.0 KB
[2025-10-03 01:22:02] ✅ 解析成功 - https://raw.githubusercontent.com/hanzhenya/hzyiptv/00923a1043db8e531f730912d565eb8619b5675f/config(%E8%80%81).json - 作者: hanzhenya, 更新时间: unknown, 大小: 0.0 KB
[2025-10-03 01:22:02] ✅ 解析成功 - https://raw.githubusercontent.com/oooopera/moontv_config/637439115b7ea00a338ca3bf95560d594f6dafec/config%E5%88%9D%E5%A7%8B.json - 作者: oooopera, 更新时间: unknown, 大小: 0.0 KB
[2025-10-03 01:22:02] ✅ 解析成功 - https://raw.githubusercontent.com/adminlove520/ZySource-Collector/7338efa8ac27c42ca3f1a07ca3042b3a62cdcd2e/TV_collector/config_isadult.json - 作者: adminlove520, 更新时间: unknown, 大小: 0.0 KB
[2025-10-03 01:22:03] ✅ 解析成功 - https://raw.githubusercontent.com/sk3879921/tvjson/3e5394dfbc292321326e218e7bc303716f3f5336/q.json - 作者: sk3879921, 更新时间: unknown, 大小: 0.0 KB
[2025-10-03 01:22:03] ✅ 解析成功 - https://raw.githubusercontent.com/PAICNI/Videos_PLUS/b51ff1521a1e77f17ad538ccfd3c100cc42e0663/MoonTV%E8%A7%86%E9%A2%91%E6%BA%90Plus%E7%89%88.json - 作者: PAICNI, 更新时间: unknown, 大小: 0.0 KB
[2025-10-03 01:22:03] ✅ 解析成功 - https://raw.githubusercontent.com/Jonney111/jonney_clash/2a8545f0367a753599af049d670f0d37c17b5738/moontv.json - 作者: Jonney111, 更新时间: unknown, 大小: 0.0 KB
[2025-10-03 01:22:04] ✅ 解析成功 - https://raw.githubusercontent.com/jeffliub/MoonTV2/0a23fd92f0523ba828a445dfbe41f563eec65d66/config.json - 作者: jeffliub, 更新时间: unknown, 大小: 0.0 KB
[2025-10-03 01:22:04] ✅ 解析成功 - https://raw.githubusercontent.com/xqrock/openfile/d5499b069e4901c98e674935c5d2b295413d9d5b/config/vod.json - 作者: xqrock, 更新时间: unknown, 大小: 0.0 KB
[2025-10-03 01:22:04] ✅ 解析成功 - https://raw.githubusercontent.com/oooopera/moontv_config/637439115b7ea00a338ca3bf95560d594f6dafec/input.json - 作者: oooopera, 更新时间: unknown, 大小: 0.0 KB
[2025-10-03 01:22:04] ✅ 解析成功 - https://raw.githubusercontent.com/zhangxiaofeng05/zdocker/4e8c2ff67085ca703a28d003b465f6150c8df9b4/data/katelyatv/config.json - 作者: zhangxiaofeng05, 更新时间: unknown, 大小: 0.0 KB
[2025-10-03 01:22:05] ✅ 解析成功 - https://raw.githubusercontent.com/869203553/guize/eb8fa7240b289603d833d3d4ae4201f74bcb1bd4/config.json - 作者: 869203553, 更新时间: unknown, 大小: 0.0 KB
[2025-10-03 01:22:05] ✅ 解析成功 - https://raw.githubusercontent.com/chisenin/rules-template/63ba990f89697eb19c71029fc2cf76d9af8edd61/config.json - 作者: chisenin, 更新时间: unknown, 大小: 0.0 KB
[2025-10-03 01:22:05] ✅ 解析成功 - https://raw.githubusercontent.com/wenxiblog/WenXiTV/858aa80242728dbcb74a4b913eb92ebcaf6da04a/config.json - 作者: wenxiblog, 更新时间: unknown, 大小: 0.0 KB
[2025-10-03 01:22:05] ✅ 解析成功 - https://raw.githubusercontent.com/zhumengkang/edgeone-moontv/262ce332a93ba34966adb07761e7bfab8faab7bf/config.json - 作者: zhumengkang, 更新时间: unknown, 大小: 0.0 KB
[2025-10-03 01:22:06] ✅ 解析成功 - https://raw.githubusercontent.com/chat263/tvjson/45dbc00aebda1642a95c20be2b5a0bda61a60e78/m.json - 作者: chat263, 更新时间: unknown, 大小: 0.0 KB
[2025-10-04 01:19:50] ✅ 解析成功 - https://raw.githubusercontent.com/katelya77/KatelyaTV/fc78bb11c026285d1b66e841b227e6171574956c/config.json - 作者: katelya77, 更新时间: unknown, 大小: 0.0 KB
[2025-10-04 01:19:50] ✅ 解析成功 - https://raw.githubusercontent.com/hafrey1/LunaTV-config/eb59aab8b6d3289036cbfcfea6692f7173ed1b2e/jingjian.json - 作者: hafrey1, 更新时间: unknown, 大小: 0.0 KB
[2025-10-04 01:19:50] ✅ 解析成功 - https://raw.githubusercontent.com/SCXSVIP/TV/e7bc32117505d2bda3b31ade3dc96114c6ce623c/MoonTV/MoonTV-xs.json - 作者: SCXSVIP, 更新时间: unknown, 大小: 0.0 KB
[2025-10-04 01:19:50] ✅ 解析成功 - https://raw.githubusercontent.com/hjdhnx/drpy-node/274173b18a29e3d562dae16f477a54fb9e0bfdb1/scripts/mjs/moontv.json - 作者: hjdhnx, 更新时间: unknown, 大小: 0.0 KB
[2025-10-04 01:19:50] ✅ 解析成功 - https://raw.githubusercontent.com/gxnas/TvBox/73fe7b54b2ac132896f821f76e6a877079250c81/20250823.json - 作者: gxnas, 更新时间: unknown, 大小: 0.0 KB
[2025-10-04 01:19:51] ✅ 解析成功 - https://raw.githubusercontent.com/Pundsup/Live/66cd2ff3528f299f896722a63e9061b425faa3a4/yszyby.json - 作者: Pundsup, 更新时间: unknown, 大小: 0.0 KB
[2025-10-04 01:19:51] ✅ 解析成功 - https://raw.githubusercontent.com/lovevampplus/cfdata/48ae504408e44ef0a64d175cca50bc57efde28b7/96.json - 作者: lovevampplus, 更新时间: unknown, 大小: 0.0 KB
[2025-10-04 01:19:51] ✅ 解析成功 - https://raw.githubusercontent.com/webshellren/XMoonTV/ef052045a4f7a3a10c5907da4d30e3a90984b03b/config.json - 作者: webshellren, 更新时间: unknown, 大小: 0.0 KB
[2025-10-04 01:19:51] ✅ 解析成功 - https://raw.githubusercontent.com/adminlove520/ZySource-Collector/da742cf03ac5927717271a0e935392fd2cfd6962/TV_collector/config_isadult.json - 作者: adminlove520, 更新时间: unknown, 大小: 0.0 KB
[2025-10-04 01:19:51] ✅ 解析成功 - https://raw.githubusercontent.com/wokaotianshi123/jgcj/9d02336d23dd969ab1de8eaf9e4a2e78b3a0bb50/libretv.json - 作者: wokaotianshi123, 更新时间: unknown, 大小: 0.0 KB
[2025-10-04 01:19:52] ✅ 解析成功 - https://raw.githubusercontent.com/Jonney111/jonney_clash/2a8545f0367a753599af049d670f0d37c17b5738/moontv.json - 作者: Jonney111, 更新时间: unknown, 大小: 0.0 KB
[2025-10-04 01:19:52] ✅ 解析成功 - https://raw.githubusercontent.com/PAICNI/Videos_PLUS/b51ff1521a1e77f17ad538ccfd3c100cc42e0663/MoonTV%E8%A7%86%E9%A2%91%E6%BA%90Plus%E7%89%88.json - 作者: PAICNI, 更新时间: unknown, 大小: 0.0 KB
[2025-10-04 01:19:52] ✅ 解析成功 - https://raw.githubusercontent.com/sk3879921/tvjson/3e5394dfbc292321326e218e7bc303716f3f5336/q.json - 作者: sk3879921, 更新时间: unknown, 大小: 0.0 KB
[2025-10-04 01:19:53] ✅ 解析成功 - https://raw.githubusercontent.com/SeqCrafter/MyStaticFile/bcf26cd0a34c6ebff4a4bf6a1b355e72ea71431c/MoonTV/config.json - 作者: SeqCrafter, 更新时间: unknown, 大小: 0.0 KB
[2025-10-04 01:19:53] ✅ 解析成功 - https://raw.githubusercontent.com/Pundsup/Live/66cd2ff3528f299f896722a63e9061b425faa3a4/yszy.json - 作者: Pundsup, 更新时间: unknown, 大小: 0.0 KB
[2025-10-04 01:19:53] ✅ 解析成功 - https://raw.githubusercontent.com/yjh800307/yjh800307.github.io/4b825da4ab5059eae4f36ffc59877d0b5a76ea63/moontv.json - 作者: yjh800307, 更新时间: unknown, 大小: 0.0 KB
[2025-10-04 01:19:53] ✅ 解析成功 - https://raw.githubusercontent.com/chat263/tvjson/45dbc00aebda1642a95c20be2b5a0bda61a60e78/m.json - 作者: chat263, 更新时间: unknown, 大小: 0.0 KB
[2025-10-04 01:19:53] ✅ 解析成功 - https://raw.githubusercontent.com/haogege8888/KatelyaTV/e58837e6b5dcc4d7d112e05e1d9bda3e9b3bf992/config.json - 作者: haogege8888, 更新时间: unknown, 大小: 0.0 KB
[2025-10-04 01:19:54] ✅ 解析成功 - https://raw.githubusercontent.com/jeffliub/MoonTV2/0a23fd92f0523ba828a445dfbe41f563eec65d66/config.json - 作者: jeffliub, 更新时间: unknown, 大小: 0.0 KB
[2025-10-04 01:19:54] ✅ 解析成功 - https://raw.githubusercontent.com/oooopera/moontv_config/201eb463a10de222293482bf2695b914cdc99b1d/config%E5%88%9D%E5%A7%8B.json - 作者: oooopera, 更新时间: unknown, 大小: 0.0 KB
[2025-10-04 01:19:54] ✅ 解析成功 - https://raw.githubusercontent.com/lovevampplus/cfdata/48ae504408e44ef0a64d175cca50bc57efde28b7/moontv-config.json - 作者: lovevampplus, 更新时间: unknown, 大小: 0.0 KB
[2025-10-04 01:19:54] ✅ 解析成功 - https://raw.githubusercontent.com/hanzhenya/hzyiptv/00923a1043db8e531f730912d565eb8619b5675f/config(%E8%80%81).json - 作者: hanzhenya, 更新时间: unknown, 大小: 0.0 KB
[2025-10-04 01:19:55] ✅ 解析成功 - https://raw.githubusercontent.com/Stardm0/MoonTV/898f30c5eb7b8439ba0d864da49fd2d2d696ed34/config.json - 作者: Stardm0, 更新时间: unknown, 大小: 0.0 KB
[2025-10-04 01:19:55] ✅ 解析成功 - https://raw.githubusercontent.com/zhumengkang/edgeone-moontv/262ce332a93ba34966adb07761e7bfab8faab7bf/config.json - 作者: zhumengkang, 更新时间: unknown, 大小: 0.0 KB
[2025-10-04 01:19:55] ✅ 解析成功 - https://raw.githubusercontent.com/oooopera/moontv_config/201eb463a10de222293482bf2695b914cdc99b1d/input.json - 作者: oooopera, 更新时间: unknown, 大小: 0.0 KB
[2025-10-04 01:19:55] ✅ 解析成功 - https://raw.githubusercontent.com/wokaotianshi123/wokaotianshi123.github.io/3bd4e325d30e18fbcce63980e50b475cb01a606d/moontv/config_2025-09-23.json - 作者: wokaotianshi123, 更新时间: unknown, 大小: 0.0 KB
[2025-10-04 01:19:55] ✅ 解析成功 - https://raw.githubusercontent.com/yutian81/data-source/97c13655052a73d5f455801eed3d366b97acf3ce/OrionTV/config.json - 作者: yutian81, 更新时间: unknown, 大小: 0.0 KB
[2025-10-04 01:19:56] ✅ 解析成功 - https://raw.githubusercontent.com/moli-xia/MoonTV-app/aea64cc2504b56ea05e23fc2af49c7ed5a305dea/config.json - 作者: moli-xia, 更新时间: unknown, 大小: 0.0 KB
[2025-10-04 01:19:56] ✅ 解析成功 - https://raw.githubusercontent.com/katelya77/KatelyaTV/fc78bb11c026285d1b66e841b227e6171574956c/config.example.json - 作者: katelya77, 更新时间: unknown, 大小: 0.0 KB
[2025-10-04 01:19:56] ✅ 解析成功 - https://raw.githubusercontent.com/chisenin/rules-template/552e34260c474175dd300c363f69bc424d6df00b/config.json - 作者: chisenin, 更新时间: unknown, 大小: 0.0 KB
[2025-10-05 01:38:08] ✅ 解析成功 - https://raw.githubusercontent.com/katelya77/KatelyaTV/fc78bb11c026285d1b66e841b227e6171574956c/config.json - 作者: katelya77, 更新时间: unknown, 大小: 0.0 KB
[2025-10-05 01:38:08] ✅ 解析成功 - https://raw.githubusercontent.com/hafrey1/LunaTV-config/e9849d937afef984747b1b0e0f1bbc5078946d91/jingjian.json - 作者: hafrey1, 更新时间: unknown, 大小: 0.0 KB
[2025-10-05 01:38:09] ✅ 解析成功 - https://raw.githubusercontent.com/SCXSVIP/TV/e7bc32117505d2bda3b31ade3dc96114c6ce623c/MoonTV/MoonTV-xs.json - 作者: SCXSVIP, 更新时间: unknown, 大小: 0.0 KB
[2025-10-05 01:38:09] ✅ 解析成功 - https://raw.githubusercontent.com/hjdhnx/drpy-node/3604b43d902579d8b8ebc8f97ce32da9dc8441a8/scripts/mjs/moontv.json - 作者: hjdhnx, 更新时间: unknown, 大小: 0.0 KB
[2025-10-05 01:38:09] ✅ 解析成功 - https://raw.githubusercontent.com/gxnas/TvBox/73fe7b54b2ac132896f821f76e6a877079250c81/20250823.json - 作者: gxnas, 更新时间: unknown, 大小: 0.0 KB
[2025-10-05 01:38:09] ✅ 解析成功 - https://raw.githubusercontent.com/Pundsup/Live/66cd2ff3528f299f896722a63e9061b425faa3a4/yszyby.json - 作者: Pundsup, 更新时间: unknown, 大小: 0.0 KB
[2025-10-05 01:38:10] ✅ 解析成功 - https://raw.githubusercontent.com/lovevampplus/cfdata/48ae504408e44ef0a64d175cca50bc57efde28b7/96.json - 作者: lovevampplus, 更新时间: unknown, 大小: 0.0 KB
[2025-10-05 01:38:10] ✅ 解析成功 - https://raw.githubusercontent.com/webshellren/XMoonTV/ef052045a4f7a3a10c5907da4d30e3a90984b03b/config.json - 作者: webshellren, 更新时间: unknown, 大小: 0.0 KB
[2025-10-05 01:38:10] ✅ 解析成功 - https://raw.githubusercontent.com/adminlove520/ZySource-Collector/da742cf03ac5927717271a0e935392fd2cfd6962/TV_collector/config_isadult.json - 作者: adminlove520, 更新时间: unknown, 大小: 0.0 KB
[2025-10-05 01:38:10] ✅ 解析成功 - https://raw.githubusercontent.com/wokaotianshi123/jgcj/9d02336d23dd969ab1de8eaf9e4a2e78b3a0bb50/libretv.json - 作者: wokaotianshi123, 更新时间: unknown, 大小: 0.0 KB
[2025-10-05 01:38:11] ✅ 解析成功 - https://raw.githubusercontent.com/Jonney111/jonney_clash/2a8545f0367a753599af049d670f0d37c17b5738/moontv.json - 作者: Jonney111, 更新时间: unknown, 大小: 0.0 KB
[2025-10-05 01:38:11] ✅ 解析成功 - https://raw.githubusercontent.com/PAICNI/Videos_PLUS/b51ff1521a1e77f17ad538ccfd3c100cc42e0663/MoonTV%E8%A7%86%E9%A2%91%E6%BA%90Plus%E7%89%88.json - 作者: PAICNI, 更新时间: unknown, 大小: 0.0 KB
[2025-10-05 01:38:11] ✅ 解析成功 - https://raw.githubusercontent.com/sk3879921/tvjson/3e5394dfbc292321326e218e7bc303716f3f5336/q.json - 作者: sk3879921, 更新时间: unknown, 大小: 0.0 KB
[2025-10-05 01:38:11] ✅ 解析成功 - https://raw.githubusercontent.com/SeqCrafter/MyStaticFile/bcf26cd0a34c6ebff4a4bf6a1b355e72ea71431c/MoonTV/config.json - 作者: SeqCrafter, 更新时间: unknown, 大小: 0.0 KB
[2025-10-05 01:38:12] ✅ 解析成功 - https://raw.githubusercontent.com/Pundsup/Live/66cd2ff3528f299f896722a63e9061b425faa3a4/yszy.json - 作者: Pundsup, 更新时间: unknown, 大小: 0.0 KB
[2025-10-05 01:38:12] ✅ 解析成功 - https://raw.githubusercontent.com/yjh800307/yjh800307.github.io/4b825da4ab5059eae4f36ffc59877d0b5a76ea63/moontv.json - 作者: yjh800307, 更新时间: unknown, 大小: 0.0 KB
[2025-10-05 01:38:12] ✅ 解析成功 - https://raw.githubusercontent.com/chat263/tvjson/45dbc00aebda1642a95c20be2b5a0bda61a60e78/m.json - 作者: chat263, 更新时间: unknown, 大小: 0.0 KB
[2025-10-05 01:38:12] ✅ 解析成功 - https://raw.githubusercontent.com/haogege8888/KatelyaTV/e58837e6b5dcc4d7d112e05e1d9bda3e9b3bf992/config.json - 作者: haogege8888, 更新时间: unknown, 大小: 0.0 KB
[2025-10-05 01:38:13] ✅ 解析成功 - https://raw.githubusercontent.com/jeffliub/MoonTV2/0a23fd92f0523ba828a445dfbe41f563eec65d66/config.json - 作者: jeffliub, 更新时间: unknown, 大小: 0.0 KB
[2025-10-05 01:38:13] ✅ 解析成功 - https://raw.githubusercontent.com/oooopera/moontv_config/637cf5d53f1f9bc062d4a6638154176cea0cbe3a/config%E5%88%9D%E5%A7%8B.json - 作者: oooopera, 更新时间: unknown, 大小: 0.0 KB
[2025-10-05 01:38:13] ✅ 解析成功 - https://raw.githubusercontent.com/lovevampplus/cfdata/48ae504408e44ef0a64d175cca50bc57efde28b7/moontv-config.json - 作者: lovevampplus, 更新时间: unknown, 大小: 0.0 KB
[2025-10-05 01:38:13] ✅ 解析成功 - https://raw.githubusercontent.com/hanzhenya/hzyiptv/00923a1043db8e531f730912d565eb8619b5675f/config(%E8%80%81).json - 作者: hanzhenya, 更新时间: unknown, 大小: 0.0 KB
[2025-10-05 01:38:14] ✅ 解析成功 - https://raw.githubusercontent.com/Stardm0/MoonTV/77850d3067321c477056aa31335c59ae6bc517d4/config.json - 作者: Stardm0, 更新时间: unknown, 大小: 0.0 KB
[2025-10-05 01:38:14] ✅ 解析成功 - https://raw.githubusercontent.com/zhumengkang/edgeone-moontv/262ce332a93ba34966adb07761e7bfab8faab7bf/config.json - 作者: zhumengkang, 更新时间: unknown, 大小: 0.0 KB
[2025-10-05 01:38:14] ✅ 解析成功 - https://raw.githubusercontent.com/oooopera/moontv_config/637cf5d53f1f9bc062d4a6638154176cea0cbe3a/input.json - 作者: oooopera, 更新时间: unknown, 大小: 0.0 KB
[2025-10-05 01:38:14] ✅ 解析成功 - https://raw.githubusercontent.com/wokaotianshi123/wokaotianshi123.github.io/3024e1b3e8f70253db752792d5b5f0707c0ce7a3/moontv/config_2025-09-23.json - 作者: wokaotianshi123, 更新时间: unknown, 大小: 0.0 KB
[2025-10-05 01:38:15] ✅ 解析成功 - https://raw.githubusercontent.com/yutian81/data-source/97c13655052a73d5f455801eed3d366b97acf3ce/OrionTV/config.json - 作者: yutian81, 更新时间: unknown, 大小: 0.0 KB
[2025-10-05 01:38:15] ✅ 解析成功 - https://raw.githubusercontent.com/moli-xia/MoonTV-app/aea64cc2504b56ea05e23fc2af49c7ed5a305dea/config.json - 作者: moli-xia, 更新时间: unknown, 大小: 0.0 KB
[2025-10-05 01:38:15] ✅ 解析成功 - https://raw.githubusercontent.com/katelya77/KatelyaTV/fc78bb11c026285d1b66e841b227e6171574956c/config.example.json - 作者: katelya77, 更新时间: unknown, 大小: 0.0 KB
[2025-10-05 01:38:15] ✅ 解析成功 - https://raw.githubusercontent.com/chisenin/rules-template/d81b451e60c7aa8178d84c025c8f14d3e9d7daef/config.json - 作者: chisenin, 更新时间: unknown, 大小: 0.0 KB
[2025-10-06 01:24:31] ✅ 解析成功 - https://raw.githubusercontent.com/katelya77/KatelyaTV/fc78bb11c026285d1b66e841b227e6171574956c/config.json - 作者: katelya77, 更新时间: unknown, 大小: 0.0 KB
[2025-10-06 01:24:31] ✅ 解析成功 - https://raw.githubusercontent.com/hafrey1/LunaTV-config/3444af3006efd9a69d23b5f35fbabfe08ae49916/jingjian.json - 作者: hafrey1, 更新时间: unknown, 大小: 0.0 KB
[2025-10-06 01:24:32] ✅ 解析成功 - https://raw.githubusercontent.com/SCXSVIP/TV/e7bc32117505d2bda3b31ade3dc96114c6ce623c/MoonTV/MoonTV-xs.json - 作者: SCXSVIP, 更新时间: unknown, 大小: 0.0 KB
[2025-10-06 01:24:32] ✅ 解析成功 - https://raw.githubusercontent.com/hjdhnx/drpy-node/92f5d8fbc819b6528088f21c2cab4fbc538a5890/scripts/mjs/moontv.json - 作者: hjdhnx, 更新时间: unknown, 大小: 0.0 KB
[2025-10-06 01:24:32] ✅ 解析成功 - https://raw.githubusercontent.com/gxnas/TvBox/73fe7b54b2ac132896f821f76e6a877079250c81/20250823.json - 作者: gxnas, 更新时间: unknown, 大小: 0.0 KB
[2025-10-06 01:24:32] ✅ 解析成功 - https://raw.githubusercontent.com/Pundsup/Live/66cd2ff3528f299f896722a63e9061b425faa3a4/yszyby.json - 作者: Pundsup, 更新时间: unknown, 大小: 0.0 KB
[2025-10-06 01:24:33] ✅ 解析成功 - https://raw.githubusercontent.com/lovevampplus/cfdata/48ae504408e44ef0a64d175cca50bc57efde28b7/96.json - 作者: lovevampplus, 更新时间: unknown, 大小: 0.0 KB
[2025-10-06 01:24:33] ✅ 解析成功 - https://raw.githubusercontent.com/webshellren/XMoonTV/ef052045a4f7a3a10c5907da4d30e3a90984b03b/config.json - 作者: webshellren, 更新时间: unknown, 大小: 0.0 KB
[2025-10-06 01:24:33] ✅ 解析成功 - https://raw.githubusercontent.com/adminlove520/ZySource-Collector/da742cf03ac5927717271a0e935392fd2cfd6962/TV_collector/config_isadult.json - 作者: adminlove520, 更新时间: unknown, 大小: 0.0 KB
[2025-10-06 01:24:33] ✅ 解析成功 - https://raw.githubusercontent.com/chat263/tvjson/45dbc00aebda1642a95c20be2b5a0bda61a60e78/m.json - 作者: chat263, 更新时间: unknown, 大小: 0.0 KB
[2025-10-06 01:24:34] ✅ 解析成功 - https://raw.githubusercontent.com/louis779/moontyv/0fe913bafef02036b393feed5683349145c9480a/config.json - 作者: louis779, 更新时间: unknown, 大小: 0.0 KB
[2025-10-06 01:24:34] ✅ 解析成功 - https://raw.githubusercontent.com/katelya77/KatelyaTV/fc78bb11c026285d1b66e841b227e6171574956c/config.example.json - 作者: katelya77, 更新时间: unknown, 大小: 0.0 KB
[2025-10-06 01:24:34] ✅ 解析成功 - https://raw.githubusercontent.com/jeffliub/MoonTV2/0a23fd92f0523ba828a445dfbe41f563eec65d66/config.json - 作者: jeffliub, 更新时间: unknown, 大小: 0.0 KB
[2025-10-06 01:24:34] ✅ 解析成功 - https://raw.githubusercontent.com/Jonney111/jonney_clash/2a8545f0367a753599af049d670f0d37c17b5738/moontv.json - 作者: Jonney111, 更新时间: unknown, 大小: 0.0 KB
[2025-10-06 01:24:35] ✅ 解析成功 - https://raw.githubusercontent.com/hafrey1/LunaTV-config/3444af3006efd9a69d23b5f35fbabfe08ae49916/LunaTV-config.json - 作者: hafrey1, 更新时间: unknown, 大小: 0.0 KB
[2025-10-06 01:24:35] ✅ 解析成功 - https://raw.githubusercontent.com/zhumengkang/edgeone-moontv/262ce332a93ba34966adb07761e7bfab8faab7bf/config.json - 作者: zhumengkang, 更新时间: unknown, 大小: 0.0 KB
[2025-10-06 01:24:35] ✅ 解析成功 - https://raw.githubusercontent.com/lovevampplus/cfdata/48ae504408e44ef0a64d175cca50bc57efde28b7/moontv-config.json - 作者: lovevampplus, 更新时间: unknown, 大小: 0.0 KB
[2025-10-06 01:24:36] ✅ 解析成功 - https://raw.githubusercontent.com/hanzhenya/hzyiptv/00923a1043db8e531f730912d565eb8619b5675f/config(%E8%80%81).json - 作者: hanzhenya, 更新时间: unknown, 大小: 0.0 KB
[2025-10-06 01:24:36] ✅ 解析成功 - https://raw.githubusercontent.com/wokaotianshi123/jgcj/9d02336d23dd969ab1de8eaf9e4a2e78b3a0bb50/libretv.json - 作者: wokaotianshi123, 更新时间: unknown, 大小: 0.0 KB
[2025-10-06 01:24:36] ✅ 解析成功 - https://raw.githubusercontent.com/oooopera/moontv_config/f613eed049186c784d755cbcc15757e84eda8cd7/input.json - 作者: oooopera, 更新时间: unknown, 大小: 0.0 KB
[2025-10-06 01:24:36] ✅ 解析成功 - https://raw.githubusercontent.com/wokaotianshi123/wokaotianshi123.github.io/3024e1b3e8f70253db752792d5b5f0707c0ce7a3/moontv/config_2025-09-23.json - 作者: wokaotianshi123, 更新时间: unknown, 大小: 0.0 KB
[2025-10-06 01:24:36] ✅ 解析成功 - https://raw.githubusercontent.com/yjh800307/yjh800307.github.io/4b825da4ab5059eae4f36ffc59877d0b5a76ea63/moontv.json - 作者: yjh800307, 更新时间: unknown, 大小: 0.0 KB
[2025-10-06 01:24:37] ✅ 解析成功 - https://raw.githubusercontent.com/sk3879921/tvjson/3e5394dfbc292321326e218e7bc303716f3f5336/q.json - 作者: sk3879921, 更新时间: unknown, 大小: 0.0 KB
[2025-10-06 01:24:37] ✅ 解析成功 - https://raw.githubusercontent.com/PAICNI/Videos_PLUS/b51ff1521a1e77f17ad538ccfd3c100cc42e0663/MoonTV%E8%A7%86%E9%A2%91%E6%BA%90Plus%E7%89%88.json - 作者: PAICNI, 更新时间: unknown, 大小: 0.0 KB
[2025-10-06 01:24:37] ✅ 解析成功 - https://raw.githubusercontent.com/moli-xia/MoonTV-app/aea64cc2504b56ea05e23fc2af49c7ed5a305dea/config.json - 作者: moli-xia, 更新时间: unknown, 大小: 0.0 KB
[2025-10-06 01:24:38] ✅ 解析成功 - https://raw.githubusercontent.com/zhangxiaofeng05/zdocker/4e8c2ff67085ca703a28d003b465f6150c8df9b4/data/katelyatv/config.json - 作者: zhangxiaofeng05, 更新时间: unknown, 大小: 0.0 KB
[2025-10-06 01:24:38] ✅ 解析成功 - https://raw.githubusercontent.com/Pundsup/Live/66cd2ff3528f299f896722a63e9061b425faa3a4/yszy.json - 作者: Pundsup, 更新时间: unknown, 大小: 0.0 KB
[2025-10-06 01:24:38] ✅ 解析成功 - https://raw.githubusercontent.com/xqrock/openfile/d5499b069e4901c98e674935c5d2b295413d9d5b/config/vod.json - 作者: xqrock, 更新时间: unknown, 大小: 0.0 KB
[2025-10-06 01:24:38] ✅ 解析成功 - https://raw.githubusercontent.com/haogege8888/KatelyaTV/e58837e6b5dcc4d7d112e05e1d9bda3e9b3bf992/config.json - 作者: haogege8888, 更新时间: unknown, 大小: 0.0 KB
[2025-10-06 01:24:39] ✅ 解析成功 - https://raw.githubusercontent.com/869203553/guize/eb8fa7240b289603d833d3d4ae4201f74bcb1bd4/config.json - 作者: 869203553, 更新时间: unknown, 大小: 0.0 KB
[2025-10-07 01:23:12] ✅ 解析成功 - https://raw.githubusercontent.com/katelya77/KatelyaTV/fc78bb11c026285d1b66e841b227e6171574956c/config.json - 作者: katelya77, 更新时间: unknown, 大小: 0.0 KB
[2025-10-07 01:23:12] ✅ 解析成功 - https://raw.githubusercontent.com/hafrey1/LunaTV-config/e0813268d5891d5b0124fe4e82e30ba29f38a09d/jingjian.json - 作者: hafrey1, 更新时间: unknown, 大小: 0.0 KB
[2025-10-07 01:23:12] ✅ 解析成功 - https://raw.githubusercontent.com/SCXSVIP/TV/e7bc32117505d2bda3b31ade3dc96114c6ce623c/MoonTV/MoonTV-xs.json - 作者: SCXSVIP, 更新时间: unknown, 大小: 0.0 KB
[2025-10-07 01:23:13] ✅ 解析成功 - https://raw.githubusercontent.com/hjdhnx/drpy-node/1ce567b07a0cb3b26192133584c693eb048dd064/scripts/mjs/moontv.json - 作者: hjdhnx, 更新时间: unknown, 大小: 0.0 KB
[2025-10-07 01:23:13] ✅ 解析成功 - https://raw.githubusercontent.com/gxnas/TvBox/73fe7b54b2ac132896f821f76e6a877079250c81/20250823.json - 作者: gxnas, 更新时间: unknown, 大小: 0.0 KB
[2025-10-07 01:23:13] ✅ 解析成功 - https://raw.githubusercontent.com/Pundsup/Live/a6f0c6764c09d1a3c61665a3f3787d0c912865ab/yszyby.json - 作者: Pundsup, 更新时间: unknown, 大小: 0.0 KB
[2025-10-07 01:23:13] ✅ 解析成功 - https://raw.githubusercontent.com/chat263/tvjson/45dbc00aebda1642a95c20be2b5a0bda61a60e78/m.json - 作者: chat263, 更新时间: unknown, 大小: 0.0 KB
[2025-10-07 01:23:13] ✅ 解析成功 - https://raw.githubusercontent.com/lovevampplus/cfdata/48ae504408e44ef0a64d175cca50bc57efde28b7/moontv-config.json - 作者: lovevampplus, 更新时间: unknown, 大小: 0.0 KB
[2025-10-07 01:23:13] ✅ 解析成功 - https://raw.githubusercontent.com/lyqnihao/m3u8/94416cf610bdd63b08326ba8721b5e7d77d5957e/MoonTV/config.json - 作者: lyqnihao, 更新时间: unknown, 大小: 0.0 KB
[2025-10-07 01:23:14] ✅ 解析成功 - https://raw.githubusercontent.com/wokaotianshi123/wokaotianshi123.github.io/3024e1b3e8f70253db752792d5b5f0707c0ce7a3/moontv/config_2025-09-23.json - 作者: wokaotianshi123, 更新时间: unknown, 大小: 0.0 KB
[2025-10-07 01:23:14] ✅ 解析成功 - https://raw.githubusercontent.com/hanzhenya/hzyiptv/00923a1043db8e531f730912d565eb8619b5675f/config(%E8%80%81).json - 作者: hanzhenya, 更新时间: unknown, 大小: 0.0 KB
[2025-10-07 01:23:14] ✅ 解析成功 - https://raw.githubusercontent.com/yjh800307/yjh800307.github.io/4b825da4ab5059eae4f36ffc59877d0b5a76ea63/moontv.json - 作者: yjh800307, 更新时间: unknown, 大小: 0.0 KB
[2025-10-07 01:23:14] ✅ 解析成功 - https://raw.githubusercontent.com/PAICNI/Videos_PLUS/b51ff1521a1e77f17ad538ccfd3c100cc42e0663/MoonTV%E8%A7%86%E9%A2%91%E6%BA%90Plus%E7%89%88.json - 作者: PAICNI, 更新时间: unknown, 大小: 0.0 KB
[2025-10-07 01:23:14] ✅ 解析成功 - https://raw.githubusercontent.com/louis779/moontyv/0fe913bafef02036b393feed5683349145c9480a/config.json - 作者: louis779, 更新时间: unknown, 大小: 0.0 KB
[2025-10-07 01:23:15] ✅ 解析成功 - https://raw.githubusercontent.com/lovevampplus/cfdata/48ae504408e44ef0a64d175cca50bc57efde28b7/96.json - 作者: lovevampplus, 更新时间: unknown, 大小: 0.0 KB
[2025-10-07 01:23:15] ✅ 解析成功 - https://raw.githubusercontent.com/jeffliub/MoonTV2/0a23fd92f0523ba828a445dfbe41f563eec65d66/config.json - 作者: jeffliub, 更新时间: unknown, 大小: 0.0 KB
[2025-10-07 01:23:15] ✅ 解析成功 - https://raw.githubusercontent.com/wokaotianshi123/jgcj/7d3a834cbe1a6201476108ca34e7dbb2b9667246/libretv.json - 作者: wokaotianshi123, 更新时间: unknown, 大小: 0.0 KB
[2025-10-07 01:23:15] ✅ 解析成功 - https://raw.githubusercontent.com/hafrey1/LunaTV-config/e0813268d5891d5b0124fe4e82e30ba29f38a09d/LunaTV-config.json - 作者: hafrey1, 更新时间: unknown, 大小: 0.0 KB
[2025-10-07 01:23:15] ✅ 解析成功 - https://raw.githubusercontent.com/oooopera/moontv_config/f9ff4daa4c61574c802353d4514e43b58b71f61e/input.json - 作者: oooopera, 更新时间: unknown, 大小: 0.0 KB
[2025-10-07 01:23:15] ✅ 解析成功 - https://raw.githubusercontent.com/Stardm0/MoonTV/7aebd24eaa0a496169ec6d88b4f4d1be5da6524d/config.json - 作者: Stardm0, 更新时间: unknown, 大小: 0.0 KB
[2025-10-07 01:23:15] ✅ 解析成功 - https://raw.githubusercontent.com/Jonney111/jonney_clash/2a8545f0367a753599af049d670f0d37c17b5738/moontv.json - 作者: Jonney111, 更新时间: unknown, 大小: 0.0 KB
[2025-10-07 01:23:16] ✅ 解析成功 - https://raw.githubusercontent.com/sk3879921/tvjson/3e5394dfbc292321326e218e7bc303716f3f5336/q.json - 作者: sk3879921, 更新时间: unknown, 大小: 0.0 KB
[2025-10-07 01:23:16] ✅ 解析成功 - https://raw.githubusercontent.com/mhq1389/lsegou/d52db30a451fa06876f534b7e469e5b1ff2e9ee7/config.json - 作者: mhq1389, 更新时间: unknown, 大小: 0.0 KB
[2025-10-07 01:23:16] ✅ 解析成功 - https://raw.githubusercontent.com/haogege8888/KatelyaTV/e58837e6b5dcc4d7d112e05e1d9bda3e9b3bf992/config.json - 作者: haogege8888, 更新时间: unknown, 大小: 0.0 KB
[2025-10-07 01:23:16] ✅ 解析成功 - https://raw.githubusercontent.com/869203553/guize/eb8fa7240b289603d833d3d4ae4201f74bcb1bd4/config.json - 作者: 869203553, 更新时间: unknown, 大小: 0.0 KB
[2025-10-07 01:23:16] ✅ 解析成功 - https://raw.githubusercontent.com/kpsmail/new/7b0c540266a7a0797eb4c127447a45d456e387ec/config.json - 作者: kpsmail, 更新时间: unknown, 大小: 0.0 KB
[2025-10-07 01:23:16] ✅ 解析成功 - https://raw.githubusercontent.com/Pundsup/Live/a6f0c6764c09d1a3c61665a3f3787d0c912865ab/yszy.json - 作者: Pundsup, 更新时间: unknown, 大小: 0.0 KB
[2025-10-07 01:23:17] ✅ 解析成功 - https://raw.githubusercontent.com/xf959211192/xf-tv/e72c802958a022efc31970bd5286e90c61facd3a/config.json - 作者: xf959211192, 更新时间: unknown, 大小: 0.0 KB
[2025-10-07 01:23:17] ✅ 解析成功 - https://raw.githubusercontent.com/zhangxiaofeng05/zdocker/4e8c2ff67085ca703a28d003b465f6150c8df9b4/data/katelyatv/config.json - 作者: zhangxiaofeng05, 更新时间: unknown, 大小: 0.0 KB
[2025-10-07 01:23:17] ✅ 解析成功 - https://raw.githubusercontent.com/moli-xia/MoonTV-app/aea64cc2504b56ea05e23fc2af49c7ed5a305dea/config.json - 作者: moli-xia, 更新时间: unknown, 大小: 0.0 KB
[2025-10-08 01:23:21] ✅ 解析成功 - https://raw.githubusercontent.com/katelya77/KatelyaTV/fc78bb11c026285d1b66e841b227e6171574956c/config.json - 作者: katelya77, 更新时间: unknown, 大小: 0.0 KB
[2025-10-08 01:23:21] ✅ 解析成功 - https://raw.githubusercontent.com/hafrey1/LunaTV-config/9f71433381721d262ba8f98fbf8ebaaebeaa33bd/jingjian.json - 作者: hafrey1, 更新时间: unknown, 大小: 0.0 KB
[2025-10-08 01:23:21] ✅ 解析成功 - https://raw.githubusercontent.com/SCXSVIP/TV/e7bc32117505d2bda3b31ade3dc96114c6ce623c/MoonTV/MoonTV-xs.json - 作者: SCXSVIP, 更新时间: unknown, 大小: 0.0 KB
[2025-10-08 01:23:21] ✅ 解析成功 - https://raw.githubusercontent.com/hjdhnx/drpy-node/3e841f611ffb2cb9c63540e3c803e841ed935b0d/scripts/mjs/moontv.json - 作者: hjdhnx, 更新时间: unknown, 大小: 0.0 KB
[2025-10-08 01:23:22] ✅ 解析成功 - https://raw.githubusercontent.com/gxnas/TvBox/73fe7b54b2ac132896f821f76e6a877079250c81/20250823.json - 作者: gxnas, 更新时间: unknown, 大小: 0.0 KB
[2025-10-08 01:23:22] ✅ 解析成功 - https://raw.githubusercontent.com/Pundsup/Live/a6f0c6764c09d1a3c61665a3f3787d0c912865ab/yszyby.json - 作者: Pundsup, 更新时间: unknown, 大小: 0.0 KB
[2025-10-08 01:23:22] ✅ 解析成功 - https://raw.githubusercontent.com/chat263/tvjson/45dbc00aebda1642a95c20be2b5a0bda61a60e78/m.json - 作者: chat263, 更新时间: unknown, 大小: 0.0 KB
[2025-10-08 01:23:22] ✅ 解析成功 - https://raw.githubusercontent.com/lovevampplus/cfdata/48ae504408e44ef0a64d175cca50bc57efde28b7/moontv-config.json - 作者: lovevampplus, 更新时间: unknown, 大小: 0.0 KB
[2025-10-08 01:23:23] ✅ 解析成功 - https://raw.githubusercontent.com/sk3879921/tvjson/3e5394dfbc292321326e218e7bc303716f3f5336/q.json - 作者: sk3879921, 更新时间: unknown, 大小: 0.0 KB
[2025-10-08 01:23:23] ✅ 解析成功 - https://raw.githubusercontent.com/webshellren/XMoonTV/ef052045a4f7a3a10c5907da4d30e3a90984b03b/config.json - 作者: webshellren, 更新时间: unknown, 大小: 0.0 KB
[2025-10-08 01:23:23] ✅ 解析成功 - https://raw.githubusercontent.com/wokaotianshi123/wokaotianshi123.github.io/3024e1b3e8f70253db752792d5b5f0707c0ce7a3/moontv/config_2025-09-23.json - 作者: wokaotianshi123, 更新时间: unknown, 大小: 0.0 KB
[2025-10-08 01:23:23] ✅ 解析成功 - https://raw.githubusercontent.com/Jonney111/jonney_clash/2a8545f0367a753599af049d670f0d37c17b5738/moontv.json - 作者: Jonney111, 更新时间: unknown, 大小: 0.0 KB
[2025-10-08 01:23:23] ✅ 解析成功 - https://raw.githubusercontent.com/PAICNI/Videos_PLUS/b51ff1521a1e77f17ad538ccfd3c100cc42e0663/MoonTV%E8%A7%86%E9%A2%91%E6%BA%90Plus%E7%89%88.json - 作者: PAICNI, 更新时间: unknown, 大小: 0.0 KB
[2025-10-08 01:23:23] ✅ 解析成功 - https://raw.githubusercontent.com/louis779/moontyv/0fe913bafef02036b393feed5683349145c9480a/config.json - 作者: louis779, 更新时间: unknown, 大小: 0.0 KB
[2025-10-08 01:23:24] ✅ 解析成功 - https://raw.githubusercontent.com/hanzhenya/hzyiptv/00923a1043db8e531f730912d565eb8619b5675f/config(%E8%80%81).json - 作者: hanzhenya, 更新时间: unknown, 大小: 0.0 KB
[2025-10-08 01:23:24] ✅ 解析成功 - https://raw.githubusercontent.com/yjh800307/yjh800307.github.io/4b825da4ab5059eae4f36ffc59877d0b5a76ea63/moontv.json - 作者: yjh800307, 更新时间: unknown, 大小: 0.0 KB
[2025-10-08 01:23:24] ✅ 解析成功 - https://raw.githubusercontent.com/moli-xia/MoonTV-app/aea64cc2504b56ea05e23fc2af49c7ed5a305dea/config.json - 作者: moli-xia, 更新时间: unknown, 大小: 0.0 KB
[2025-10-08 01:23:24] ✅ 解析成功 - https://raw.githubusercontent.com/jeffliub/MoonTV2/0a23fd92f0523ba828a445dfbe41f563eec65d66/config.json - 作者: jeffliub, 更新时间: unknown, 大小: 0.0 KB
[2025-10-08 01:23:24] ✅ 解析成功 - https://raw.githubusercontent.com/adminlove520/ZySource-Collector/f9877e64ba4c2917524b0009550034473d8f98e5/TV_collector/config_isadult.json - 作者: adminlove520, 更新时间: unknown, 大小: 0.0 KB
[2025-10-08 01:23:25] ✅ 解析成功 - https://raw.githubusercontent.com/Stardm0/MoonTV/7aebd24eaa0a496169ec6d88b4f4d1be5da6524d/config.json - 作者: Stardm0, 更新时间: unknown, 大小: 0.0 KB
[2025-10-08 01:23:25] ✅ 解析成功 - https://raw.githubusercontent.com/Pundsup/Live/a6f0c6764c09d1a3c61665a3f3787d0c912865ab/yszy.json - 作者: Pundsup, 更新时间: unknown, 大小: 0.0 KB
[2025-10-08 01:23:25] ✅ 解析成功 - https://raw.githubusercontent.com/oooopera/moontv_config/ee5300793068edf045c5a0d941fee78f9a4b3d12/input.json - 作者: oooopera, 更新时间: unknown, 大小: 0.0 KB
[2025-10-08 01:23:25] ✅ 解析成功 - https://raw.githubusercontent.com/wokaotianshi123/jgcj/7d3a834cbe1a6201476108ca34e7dbb2b9667246/libretv.json - 作者: wokaotianshi123, 更新时间: unknown, 大小: 0.0 KB
[2025-10-08 01:23:25] ✅ 解析成功 - https://raw.githubusercontent.com/samqin123/MoonTV/c0bba763d16fb5cd830a808d58329025337491cf/config.json - 作者: samqin123, 更新时间: unknown, 大小: 0.0 KB
[2025-10-08 01:23:26] ✅ 解析成功 - https://raw.githubusercontent.com/katelya77/KatelyaTV/fc78bb11c026285d1b66e841b227e6171574956c/config.example.json - 作者: katelya77, 更新时间: unknown, 大小: 0.0 KB
[2025-10-08 01:23:26] ✅ 解析成功 - https://raw.githubusercontent.com/lyqnihao/m3u8/94416cf610bdd63b08326ba8721b5e7d77d5957e/MoonTV/config.json - 作者: lyqnihao, 更新时间: unknown, 大小: 0.0 KB
[2025-10-08 01:23:26] ✅ 解析成功 - https://raw.githubusercontent.com/mhq1389/lsegou/d52db30a451fa06876f534b7e469e5b1ff2e9ee7/config.json - 作者: mhq1389, 更新时间: unknown, 大小: 0.0 KB
[2025-10-08 01:23:26] ✅ 解析成功 - https://raw.githubusercontent.com/869203553/guize/eb8fa7240b289603d833d3d4ae4201f74bcb1bd4/config.json - 作者: 869203553, 更新时间: unknown, 大小: 0.0 KB
[2025-10-08 01:23:26] ❌ JSON语法错误 - https://raw.githubusercontent.com/hafrey1/MoonTV1.1.1/614f381e5312d9821bd5fe058f9eed9426e96d23/config.json - Expecting value: line 151 column 1 (char 5001)
[2025-10-08 01:23:27] ✅ 解析成功 - https://raw.githubusercontent.com/SeqCrafter/MyStaticFile/bcf26cd0a34c6ebff4a4bf6a1b355e72ea71431c/MoonTV/config.json - 作者: SeqCrafter, 更新时间: unknown, 大小: 0.0 KB
[2025-10-09 01:23:54] ✅ 解析成功 - https://raw.githubusercontent.com/katelya77/KatelyaTV/fc78bb11c026285d1b66e841b227e6171574956c/config.json - 作者: katelya77, 更新时间: unknown, 大小: 0.0 KB
[2025-10-09 01:23:55] ✅ 解析成功 - https://raw.githubusercontent.com/hafrey1/LunaTV-config/4ce7fad4258b26b7fea0d314981e8c4a5a6d7a6c/jingjian.json - 作者: hafrey1, 更新时间: unknown, 大小: 0.0 KB
[2025-10-09 01:23:55] ✅ 解析成功 - https://raw.githubusercontent.com/SCXSVIP/TV/e7bc32117505d2bda3b31ade3dc96114c6ce623c/MoonTV/MoonTV-xs.json - 作者: SCXSVIP, 更新时间: unknown, 大小: 0.0 KB
[2025-10-09 01:23:55] ✅ 解析成功 - https://raw.githubusercontent.com/wokaotianshi123/wokaotianshi123.github.io/3024e1b3e8f70253db752792d5b5f0707c0ce7a3/moontv/config_2025-09-23.json - 作者: wokaotianshi123, 更新时间: unknown, 大小: 0.0 KB
[2025-10-09 01:23:55] ✅ 解析成功 - https://raw.githubusercontent.com/Stardm0/MoonTV/7aebd24eaa0a496169ec6d88b4f4d1be5da6524d/config.json - 作者: Stardm0, 更新时间: unknown, 大小: 0.0 KB
[2025-10-09 01:23:56] ✅ 解析成功 - https://raw.githubusercontent.com/oooopera/moontv_config/a3ba8e6f8f31b735808f696e76f8314c02f6999e/input.json - 作者: oooopera, 更新时间: unknown, 大小: 0.0 KB
[2025-10-09 01:23:56] ✅ 解析成功 - https://raw.githubusercontent.com/hjdhnx/drpy-node/e06a0f27e01bfb157b422b9e6c8d1a8d7fe427d7/scripts/mjs/moontv.json - 作者: hjdhnx, 更新时间: unknown, 大小: 0.0 KB
[2025-10-09 01:23:56] ✅ 解析成功 - https://raw.githubusercontent.com/samqin123/MoonTV/c0bba763d16fb5cd830a808d58329025337491cf/config.json - 作者: samqin123, 更新时间: unknown, 大小: 0.0 KB
[2025-10-09 01:23:56] ✅ 解析成功 - https://raw.githubusercontent.com/hafrey1/LunaTV-config/4ce7fad4258b26b7fea0d314981e8c4a5a6d7a6c/LunaTV-config.json - 作者: hafrey1, 更新时间: unknown, 大小: 0.0 KB
[2025-10-09 01:23:57] ✅ 解析成功 - https://raw.githubusercontent.com/gxnas/TvBox/73fe7b54b2ac132896f821f76e6a877079250c81/20250823.json - 作者: gxnas, 更新时间: unknown, 大小: 0.0 KB
[2025-10-09 01:23:57] ✅ 解析成功 - https://raw.githubusercontent.com/katelya77/KatelyaTV/fc78bb11c026285d1b66e841b227e6171574956c/config.example.json - 作者: katelya77, 更新时间: unknown, 大小: 0.0 KB
[2025-10-09 01:23:57] ✅ 解析成功 - https://raw.githubusercontent.com/chat263/tvjson/45dbc00aebda1642a95c20be2b5a0bda61a60e78/m.json - 作者: chat263, 更新时间: unknown, 大小: 0.0 KB
[2025-10-09 01:23:57] ✅ 解析成功 - https://raw.githubusercontent.com/mhq1389/lsegou/d52db30a451fa06876f534b7e469e5b1ff2e9ee7/config.json - 作者: mhq1389, 更新时间: unknown, 大小: 0.0 KB
[2025-10-09 01:23:58] ✅ 解析成功 - https://raw.githubusercontent.com/Jonney111/jonney_clash/2a8545f0367a753599af049d670f0d37c17b5738/moontv.json - 作者: Jonney111, 更新时间: unknown, 大小: 0.0 KB
[2025-10-09 01:23:58] ✅ 解析成功 - https://raw.githubusercontent.com/lovevampplus/cfdata/48ae504408e44ef0a64d175cca50bc57efde28b7/96.json - 作者: lovevampplus, 更新时间: unknown, 大小: 0.0 KB
[2025-10-09 01:23:58] ✅ 解析成功 - https://raw.githubusercontent.com/zhumengkang/edgeone-moontv/262ce332a93ba34966adb07761e7bfab8faab7bf/config.json - 作者: zhumengkang, 更新时间: unknown, 大小: 0.0 KB
[2025-10-09 01:23:58] ✅ 解析成功 - https://raw.githubusercontent.com/sk3879921/tvjson/3e5394dfbc292321326e218e7bc303716f3f5336/q.json - 作者: sk3879921, 更新时间: unknown, 大小: 0.0 KB
[2025-10-09 01:23:59] ❌ JSON语法错误 - https://raw.githubusercontent.com/hafrey1/MoonTV1.1.1/614f381e5312d9821bd5fe058f9eed9426e96d23/config.json - Expecting value: line 151 column 1 (char 5001)
[2025-10-09 01:23:59] ✅ 解析成功 - https://raw.githubusercontent.com/oooopera/moontv_config/a3ba8e6f8f31b735808f696e76f8314c02f6999e/config%E5%88%9D%E5%A7%8B.json - 作者: oooopera, 更新时间: unknown, 大小: 0.0 KB
[2025-10-09 01:23:59] ✅ 解析成功 - https://raw.githubusercontent.com/Pundsup/Live/a6f0c6764c09d1a3c61665a3f3787d0c912865ab/yszyby.json - 作者: Pundsup, 更新时间: unknown, 大小: 0.0 KB
[2025-10-09 01:23:59] ✅ 解析成功 - https://raw.githubusercontent.com/jeffliub/MoonTV2/0a23fd92f0523ba828a445dfbe41f563eec65d66/config.json - 作者: jeffliub, 更新时间: unknown, 大小: 0.0 KB
[2025-10-09 01:24:00] ✅ 解析成功 - https://raw.githubusercontent.com/haogege8888/KatelyaTV/e58837e6b5dcc4d7d112e05e1d9bda3e9b3bf992/config.json - 作者: haogege8888, 更新时间: unknown, 大小: 0.0 KB
[2025-10-09 01:24:00] ✅ 解析成功 - https://raw.githubusercontent.com/lovevampplus/cfdata/48ae504408e44ef0a64d175cca50bc57efde28b7/moontv-config.json - 作者: lovevampplus, 更新时间: unknown, 大小: 0.0 KB
[2025-10-09 01:24:00] ✅ 解析成功 - https://raw.githubusercontent.com/yjh800307/yjh800307.github.io/4b825da4ab5059eae4f36ffc59877d0b5a76ea63/moontv.json - 作者: yjh800307, 更新时间: unknown, 大小: 0.0 KB
[2025-10-09 01:24:00] ✅ 解析成功 - https://raw.githubusercontent.com/wokaotianshi123/jgcj/7d3a834cbe1a6201476108ca34e7dbb2b9667246/libretv.json - 作者: wokaotianshi123, 更新时间: unknown, 大小: 0.0 KB
[2025-10-09 01:24:01] ✅ 解析成功 - https://raw.githubusercontent.com/hafrey1/LunaTV-config/4ce7fad4258b26b7fea0d314981e8c4a5a6d7a6c/jin18.json - 作者: hafrey1, 更新时间: unknown, 大小: 0.0 KB
[2025-10-09 01:24:01] ✅ 解析成功 - https://raw.githubusercontent.com/yutian81/data-source/97c13655052a73d5f455801eed3d366b97acf3ce/OrionTV/config.json - 作者: yutian81, 更新时间: unknown, 大小: 0.0 KB
[2025-10-09 01:24:01] ✅ 解析成功 - https://raw.githubusercontent.com/louis779/moontyv/0fe913bafef02036b393feed5683349145c9480a/config.json - 作者: louis779, 更新时间: unknown, 大小: 0.0 KB
[2025-10-09 01:24:01] ✅ 解析成功 - https://raw.githubusercontent.com/zhangxiaofeng05/zdocker/4e8c2ff67085ca703a28d003b465f6150c8df9b4/data/katelyatv/config.json - 作者: zhangxiaofeng05, 更新时间: unknown, 大小: 0.0 KB
[2025-10-09 01:24:02] ✅ 解析成功 - https://raw.githubusercontent.com/869203553/guize/eb8fa7240b289603d833d3d4ae4201f74bcb1bd4/config.json - 作者: 869203553, 更新时间: unknown, 大小: 0.0 KB
[2025-10-10 01:24:23] ✅ 解析成功 - https://raw.githubusercontent.com/katelya77/KatelyaTV/fc78bb11c026285d1b66e841b227e6171574956c/config.json - 作者: katelya77, 更新时间: unknown, 大小: 0.0 KB
[2025-10-10 01:24:23] ✅ 解析成功 - https://raw.githubusercontent.com/hafrey1/LunaTV-config/1a5cfb176b78c2beebd584bbc35dba03d2ef80c0/jingjian.json - 作者: hafrey1, 更新时间: unknown, 大小: 0.0 KB
[2025-10-10 01:24:23] ✅ 解析成功 - https://raw.githubusercontent.com/SCXSVIP/TV/e7bc32117505d2bda3b31ade3dc96114c6ce623c/MoonTV/MoonTV-xs.json - 作者: SCXSVIP, 更新时间: unknown, 大小: 0.0 KB
[2025-10-10 01:24:24] ✅ 解析成功 - https://raw.githubusercontent.com/wokaotianshi123/wokaotianshi123.github.io/3024e1b3e8f70253db752792d5b5f0707c0ce7a3/moontv/config_2025-09-23.json - 作者: wokaotianshi123, 更新时间: unknown, 大小: 0.0 KB
[2025-10-10 01:24:24] ✅ 解析成功 - https://raw.githubusercontent.com/Stardm0/MoonTV/7aebd24eaa0a496169ec6d88b4f4d1be5da6524d/config.json - 作者: Stardm0, 更新时间: unknown, 大小: 0.0 KB
[2025-10-10 01:24:24] ✅ 解析成功 - https://raw.githubusercontent.com/oooopera/moontv_config/d2fce7ecb145bddf07b52d4588a7d82b885838c2/input.json - 作者: oooopera, 更新时间: unknown, 大小: 0.0 KB
[2025-10-10 01:24:24] ✅ 解析成功 - https://raw.githubusercontent.com/adminlove520/ZySource-Collector/2fa90efc5073e5b462b18bfa2d6752aa60228c39/TV_collector/config_isadult.json - 作者: adminlove520, 更新时间: unknown, 大小: 0.0 KB
[2025-10-10 01:24:24] ✅ 解析成功 - https://raw.githubusercontent.com/mhq1389/lsegou/d52db30a451fa06876f534b7e469e5b1ff2e9ee7/config.json - 作者: mhq1389, 更新时间: unknown, 大小: 0.0 KB
[2025-10-10 01:24:25] ✅ 解析成功 - https://raw.githubusercontent.com/hafrey1/LunaTV-config/1a5cfb176b78c2beebd584bbc35dba03d2ef80c0/LunaTV-config.json - 作者: hafrey1, 更新时间: unknown, 大小: 0.0 KB
[2025-10-10 01:24:25] ✅ 解析成功 - https://raw.githubusercontent.com/chat263/tvjson/45dbc00aebda1642a95c20be2b5a0bda61a60e78/m.json - 作者: chat263, 更新时间: unknown, 大小: 0.0 KB
[2025-10-10 01:24:25] ✅ 解析成功 - https://raw.githubusercontent.com/Jonney111/jonney_clash/2a8545f0367a753599af049d670f0d37c17b5738/moontv.json - 作者: Jonney111, 更新时间: unknown, 大小: 0.0 KB
[2025-10-10 01:24:25] ✅ 解析成功 - https://raw.githubusercontent.com/Pundsup/Live/a6f0c6764c09d1a3c61665a3f3787d0c912865ab/yszy.json - 作者: Pundsup, 更新时间: unknown, 大小: 0.0 KB
[2025-10-10 01:24:25] ✅ 解析成功 - https://raw.githubusercontent.com/PAICNI/Videos_PLUS/b51ff1521a1e77f17ad538ccfd3c100cc42e0663/MoonTV%E8%A7%86%E9%A2%91%E6%BA%90Plus%E7%89%88.json - 作者: PAICNI, 更新时间: unknown, 大小: 0.0 KB
[2025-10-10 01:24:26] ✅ 解析成功 - https://raw.githubusercontent.com/869203553/guize/eb8fa7240b289603d833d3d4ae4201f74bcb1bd4/config.json - 作者: 869203553, 更新时间: unknown, 大小: 0.0 KB
[2025-10-10 01:24:26] ✅ 解析成功 - https://raw.githubusercontent.com/wokaotianshi123/jgcj/91d8826e57fec8090917a727acf06ac9599ff44a/libretv.json - 作者: wokaotianshi123, 更新时间: unknown, 大小: 0.0 KB
[2025-10-10 01:24:26] ✅ 解析成功 - https://raw.githubusercontent.com/webshellren/XMoonTV/ef052045a4f7a3a10c5907da4d30e3a90984b03b/config.json - 作者: webshellren, 更新时间: unknown, 大小: 0.0 KB
[2025-10-10 01:24:26] ✅ 解析成功 - https://raw.githubusercontent.com/lovevampplus/cfdata/48ae504408e44ef0a64d175cca50bc57efde28b7/moontv-config.json - 作者: lovevampplus, 更新时间: unknown, 大小: 0.0 KB
[2025-10-10 01:24:26] ✅ 解析成功 - https://raw.githubusercontent.com/yjh800307/yjh800307.github.io/4b825da4ab5059eae4f36ffc59877d0b5a76ea63/moontv.json - 作者: yjh800307, 更新时间: unknown, 大小: 0.0 KB
[2025-10-10 01:24:26] ✅ 解析成功 - https://raw.githubusercontent.com/oooopera/moontv_config/d2fce7ecb145bddf07b52d4588a7d82b885838c2/config%E5%88%9D%E5%A7%8B.json - 作者: oooopera, 更新时间: unknown, 大小: 0.0 KB
[2025-10-10 01:24:27] ✅ 解析成功 - https://raw.githubusercontent.com/hjdhnx/drpy-node/3c21fcbf96d9f635568350065188e05844e64ae9/scripts/mjs/moontv.json - 作者: hjdhnx, 更新时间: unknown, 大小: 0.0 KB
[2025-10-10 01:24:27] ✅ 解析成功 - https://raw.githubusercontent.com/gxnas/TvBox/73fe7b54b2ac132896f821f76e6a877079250c81/20250823.json - 作者: gxnas, 更新时间: unknown, 大小: 0.0 KB
[2025-10-10 01:24:27] ✅ 解析成功 - https://raw.githubusercontent.com/katelya77/KatelyaTV/fc78bb11c026285d1b66e841b227e6171574956c/config.example.json - 作者: katelya77, 更新时间: unknown, 大小: 0.0 KB
[2025-10-10 01:24:27] ✅ 解析成功 - https://raw.githubusercontent.com/sk3879921/tvjson/3e5394dfbc292321326e218e7bc303716f3f5336/q.json - 作者: sk3879921, 更新时间: unknown, 大小: 0.0 KB
[2025-10-10 01:24:27] ✅ 解析成功 - https://raw.githubusercontent.com/jeffliub/MoonTV2/0a23fd92f0523ba828a445dfbe41f563eec65d66/config.json - 作者: jeffliub, 更新时间: unknown, 大小: 0.0 KB
[2025-10-10 01:24:28] ✅ 解析成功 - https://raw.githubusercontent.com/zhangxiaofeng05/zdocker/4e8c2ff67085ca703a28d003b465f6150c8df9b4/data/katelyatv/config.json - 作者: zhangxiaofeng05, 更新时间: unknown, 大小: 0.0 KB
[2025-10-10 01:24:28] ✅ 解析成功 - https://raw.githubusercontent.com/haogege8888/KatelyaTV/e58837e6b5dcc4d7d112e05e1d9bda3e9b3bf992/config.json - 作者: haogege8888, 更新时间: unknown, 大小: 0.0 KB
[2025-10-10 01:24:28] ✅ 解析成功 - https://raw.githubusercontent.com/hafrey1/LunaTV-config/1a5cfb176b78c2beebd584bbc35dba03d2ef80c0/jin18.json - 作者: hafrey1, 更新时间: unknown, 大小: 0.0 KB
[2025-10-10 01:24:28] ✅ 解析成功 - https://raw.githubusercontent.com/louis779/moontyv/0fe913bafef02036b393feed5683349145c9480a/config.json - 作者: louis779, 更新时间: unknown, 大小: 0.0 KB
[2025-10-10 01:24:28] ✅ 解析成功 - https://raw.githubusercontent.com/zhumengkang/edgeone-moontv/262ce332a93ba34966adb07761e7bfab8faab7bf/config.json - 作者: zhumengkang, 更新时间: unknown, 大小: 0.0 KB
[2025-10-10 01:24:29] ✅ 解析成功 - https://raw.githubusercontent.com/Pundsup/Live/a6f0c6764c09d1a3c61665a3f3787d0c912865ab/yszyby.json - 作者: Pundsup, 更新时间: unknown, 大小: 0.0 KB
[2025-10-11 01:21:04] ✅ 解析成功 - https://raw.githubusercontent.com/katelya77/KatelyaTV/fc78bb11c026285d1b66e841b227e6171574956c/config.json - 作者: katelya77, 更新时间: unknown, 大小: 0.0 KB
[2025-10-11 01:21:04] ✅ 解析成功 - https://raw.githubusercontent.com/hafrey1/LunaTV-config/6bb9ea0208292805f297ab166ff0925bf3bca046/jingjian.json - 作者: hafrey1, 更新时间: unknown, 大小: 0.0 KB
[2025-10-11 01:21:05] ✅ 解析成功 - https://raw.githubusercontent.com/SCXSVIP/TV/e7bc32117505d2bda3b31ade3dc96114c6ce623c/MoonTV/MoonTV-xs.json - 作者: SCXSVIP, 更新时间: unknown, 大小: 0.0 KB
[2025-10-11 01:21:05] ✅ 解析成功 - https://raw.githubusercontent.com/chat263/tvjson/45dbc00aebda1642a95c20be2b5a0bda61a60e78/m.json - 作者: chat263, 更新时间: unknown, 大小: 0.0 KB
[2025-10-11 01:21:05] ✅ 解析成功 - https://raw.githubusercontent.com/lyqnihao/m3u8/94416cf610bdd63b08326ba8721b5e7d77d5957e/MoonTV/config.json - 作者: lyqnihao, 更新时间: unknown, 大小: 0.0 KB
[2025-10-11 01:21:06] ✅ 解析成功 - https://raw.githubusercontent.com/hafrey1/LunaTV-config/6bb9ea0208292805f297ab166ff0925bf3bca046/jin18.json - 作者: hafrey1, 更新时间: unknown, 大小: 0.0 KB
[2025-10-11 01:21:06] ✅ 解析成功 - https://raw.githubusercontent.com/lovevampplus/cfdata/48ae504408e44ef0a64d175cca50bc57efde28b7/96.json - 作者: lovevampplus, 更新时间: unknown, 大小: 0.0 KB
[2025-10-11 01:21:06] ✅ 解析成功 - https://raw.githubusercontent.com/hanzhenya/hzyiptv/00923a1043db8e531f730912d565eb8619b5675f/config(%E8%80%81).json - 作者: hanzhenya, 更新时间: unknown, 大小: 0.0 KB
[2025-10-11 01:21:06] ✅ 解析成功 - https://raw.githubusercontent.com/Jonney111/jonney_clash/2a8545f0367a753599af049d670f0d37c17b5738/moontv.json - 作者: Jonney111, 更新时间: unknown, 大小: 0.0 KB
[2025-10-11 01:21:07] ✅ 解析成功 - https://raw.githubusercontent.com/Pundsup/Live/fdd5ebeb00dd36fc3dd53c350fdb8ba4dc29c8ce/yszyby.json - 作者: Pundsup, 更新时间: unknown, 大小: 0.0 KB
[2025-10-11 01:21:07] ✅ 解析成功 - https://raw.githubusercontent.com/katelya77/KatelyaTV/fc78bb11c026285d1b66e841b227e6171574956c/config.example.json - 作者: katelya77, 更新时间: unknown, 大小: 0.0 KB
[2025-10-11 01:21:07] ❌ JSON语法错误 - https://raw.githubusercontent.com/hafrey1/MoonTV1.1.1/614f381e5312d9821bd5fe058f9eed9426e96d23/config.json - Expecting value: line 151 column 1 (char 5001)
[2025-10-11 01:21:07] ✅ 解析成功 - https://raw.githubusercontent.com/gxnas/TvBox/73fe7b54b2ac132896f821f76e6a877079250c81/20250823.json - 作者: gxnas, 更新时间: unknown, 大小: 0.0 KB
[2025-10-11 01:21:08] ✅ 解析成功 - https://raw.githubusercontent.com/oooopera/moontv_config/28ab5aae9190449b89b6aca103a43b5e1a339f67/input.json - 作者: oooopera, 更新时间: unknown, 大小: 0.0 KB
[2025-10-11 01:21:08] ✅ 解析成功 - https://raw.githubusercontent.com/adminlove520/ZySource-Collector/2fa90efc5073e5b462b18bfa2d6752aa60228c39/TV_collector/config_isadult.json - 作者: adminlove520, 更新时间: unknown, 大小: 0.0 KB
[2025-10-11 01:21:08] ✅ 解析成功 - https://raw.githubusercontent.com/wokaotianshi123/wokaotianshi123.github.io/3024e1b3e8f70253db752792d5b5f0707c0ce7a3/moontv/config_2025-09-23.json - 作者: wokaotianshi123, 更新时间: unknown, 大小: 0.0 KB
[2025-10-11 01:21:08] ✅ 解析成功 - https://raw.githubusercontent.com/samqin123/MoonTV/c0bba763d16fb5cd830a808d58329025337491cf/config.json - 作者: samqin123, 更新时间: unknown, 大小: 0.0 KB
[2025-10-11 01:21:09] ✅ 解析成功 - https://raw.githubusercontent.com/wokaotianshi123/jgcj/91d8826e57fec8090917a727acf06ac9599ff44a/libretv.json - 作者: wokaotianshi123, 更新时间: unknown, 大小: 0.0 KB
[2025-10-11 01:21:09] ✅ 解析成功 - https://raw.githubusercontent.com/hjdhnx/drpy-node/3c21fcbf96d9f635568350065188e05844e64ae9/scripts/mjs/moontv.json - 作者: hjdhnx, 更新时间: unknown, 大小: 0.0 KB
[2025-10-11 01:21:09] ✅ 解析成功 - https://raw.githubusercontent.com/Pundsup/Live/fdd5ebeb00dd36fc3dd53c350fdb8ba4dc29c8ce/yszy.json - 作者: Pundsup, 更新时间: unknown, 大小: 0.0 KB
[2025-10-11 01:21:09] ✅ 解析成功 - https://raw.githubusercontent.com/moli-xia/MoonTV-app/aea64cc2504b56ea05e23fc2af49c7ed5a305dea/config.json - 作者: moli-xia, 更新时间: unknown, 大小: 0.0 KB
[2025-10-11 01:21:10] ✅ 解析成功 - https://raw.githubusercontent.com/sk3879921/tvjson/3e5394dfbc292321326e218e7bc303716f3f5336/q.json - 作者: sk3879921, 更新时间: unknown, 大小: 0.0 KB
[2025-10-11 01:21:10] ✅ 解析成功 - https://raw.githubusercontent.com/oooopera/moontv_config/28ab5aae9190449b89b6aca103a43b5e1a339f67/config%E5%88%9D%E5%A7%8B.json - 作者: oooopera, 更新时间: unknown, 大小: 0.0 KB
[2025-10-11 01:21:10] ✅ 解析成功 - https://raw.githubusercontent.com/louis779/moontyv/0fe913bafef02036b393feed5683349145c9480a/config.json - 作者: louis779, 更新时间: unknown, 大小: 0.0 KB
[2025-10-11 01:21:11] ✅ 解析成功 - https://raw.githubusercontent.com/zhangxiaofeng05/zdocker/4e8c2ff67085ca703a28d003b465f6150c8df9b4/data/katelyatv/config.json - 作者: zhangxiaofeng05, 更新时间: unknown, 大小: 0.0 KB
[2025-10-11 01:21:11] ✅ 解析成功 - https://raw.githubusercontent.com/xqrock/openfile/75df10457a00a6e5c9458f20122ebe2c5274c83e/config/vod.json - 作者: xqrock, 更新时间: unknown, 大小: 0.0 KB
[2025-10-11 01:21:11] ✅ 解析成功 - https://raw.githubusercontent.com/hy5528/tvbox/b40e475b7bfa1eeedf43e4b62237cdec582a4243/js/config.json - 作者: hy5528, 更新时间: unknown, 大小: 0.0 KB
[2025-10-11 01:21:11] ✅ 解析成功 - https://raw.githubusercontent.com/mhq1389/lsegou/8d4473e249f48db6f206a4d74397ffe95c18bfd0/config.json - 作者: mhq1389, 更新时间: unknown, 大小: 0.0 KB
[2025-10-11 01:21:12] ✅ 解析成功 - https://raw.githubusercontent.com/jeffliub/MoonTV2/0a23fd92f0523ba828a445dfbe41f563eec65d66/config.json - 作者: jeffliub, 更新时间: unknown, 大小: 0.0 KB
[2025-10-11 01:21:12] ✅ 解析成功 - https://raw.githubusercontent.com/kpsmail/new/7b0c540266a7a0797eb4c127447a45d456e387ec/config.json - 作者: kpsmail, 更新时间: unknown, 大小: 0.0 KB
[2025-10-12 01:27:36] ✅ 解析成功 - https://raw.githubusercontent.com/katelya77/KatelyaTV/fc78bb11c026285d1b66e841b227e6171574956c/config.json - 作者: katelya77, 更新时间: unknown, 大小: 0.0 KB
[2025-10-12 01:27:36] ✅ 解析成功 - https://raw.githubusercontent.com/hafrey1/LunaTV-config/686885e8bdf213af45326a924e0d2a15c28cbf31/jingjian.json - 作者: hafrey1, 更新时间: unknown, 大小: 0.0 KB
[2025-10-12 01:27:36] ✅ 解析成功 - https://raw.githubusercontent.com/SCXSVIP/TV/e7bc32117505d2bda3b31ade3dc96114c6ce623c/MoonTV/MoonTV-xs.json - 作者: SCXSVIP, 更新时间: unknown, 大小: 0.0 KB
[2025-10-12 01:27:36] ✅ 解析成功 - https://raw.githubusercontent.com/chat263/tvjson/45dbc00aebda1642a95c20be2b5a0bda61a60e78/m.json - 作者: chat263, 更新时间: unknown, 大小: 0.0 KB
[2025-10-12 01:27:36] ✅ 解析成功 - https://raw.githubusercontent.com/lyqnihao/m3u8/94416cf610bdd63b08326ba8721b5e7d77d5957e/MoonTV/config.json - 作者: lyqnihao, 更新时间: unknown, 大小: 0.0 KB
[2025-10-12 01:27:37] ✅ 解析成功 - https://raw.githubusercontent.com/hafrey1/LunaTV-config/686885e8bdf213af45326a924e0d2a15c28cbf31/jin18.json - 作者: hafrey1, 更新时间: unknown, 大小: 0.0 KB
[2025-10-12 01:27:37] ✅ 解析成功 - https://raw.githubusercontent.com/lovevampplus/cfdata/48ae504408e44ef0a64d175cca50bc57efde28b7/96.json - 作者: lovevampplus, 更新时间: unknown, 大小: 0.0 KB
[2025-10-12 01:27:37] ✅ 解析成功 - https://raw.githubusercontent.com/hanzhenya/hzyiptv/00923a1043db8e531f730912d565eb8619b5675f/config(%E8%80%81).json - 作者: hanzhenya, 更新时间: unknown, 大小: 0.0 KB
[2025-10-12 01:27:37] ✅ 解析成功 - https://raw.githubusercontent.com/Jonney111/jonney_clash/2a8545f0367a753599af049d670f0d37c17b5738/moontv.json - 作者: Jonney111, 更新时间: unknown, 大小: 0.0 KB
[2025-10-12 01:27:38] ✅ 解析成功 - https://raw.githubusercontent.com/Pundsup/Live/fdd5ebeb00dd36fc3dd53c350fdb8ba4dc29c8ce/yszyby.json - 作者: Pundsup, 更新时间: unknown, 大小: 0.0 KB
[2025-10-12 01:27:38] ✅ 解析成功 - https://raw.githubusercontent.com/katelya77/KatelyaTV/fc78bb11c026285d1b66e841b227e6171574956c/config.example.json - 作者: katelya77, 更新时间: unknown, 大小: 0.0 KB
[2025-10-12 01:27:38] ❌ JSON语法错误 - https://raw.githubusercontent.com/hafrey1/MoonTV1.1.1/614f381e5312d9821bd5fe058f9eed9426e96d23/config.json - Expecting value: line 151 column 1 (char 5001)
[2025-10-12 01:27:38] ✅ 解析成功 - https://raw.githubusercontent.com/gxnas/TvBox/73fe7b54b2ac132896f821f76e6a877079250c81/20250823.json - 作者: gxnas, 更新时间: unknown, 大小: 0.0 KB
[2025-10-12 01:27:39] ✅ 解析成功 - https://raw.githubusercontent.com/oooopera/moontv_config/20161a1fc0d837304db8c33b5541b3451afcb2fb/input.json - 作者: oooopera, 更新时间: unknown, 大小: 0.0 KB
[2025-10-12 01:27:39] ✅ 解析成功 - https://raw.githubusercontent.com/adminlove520/ZySource-Collector/2fa90efc5073e5b462b18bfa2d6752aa60228c39/TV_collector/config_isadult.json - 作者: adminlove520, 更新时间: unknown, 大小: 0.0 KB
[2025-10-12 01:27:39] ✅ 解析成功 - https://raw.githubusercontent.com/wokaotianshi123/wokaotianshi123.github.io/3024e1b3e8f70253db752792d5b5f0707c0ce7a3/moontv/config_2025-09-23.json - 作者: wokaotianshi123, 更新时间: unknown, 大小: 0.0 KB
[2025-10-12 01:27:39] ✅ 解析成功 - https://raw.githubusercontent.com/samqin123/MoonTV/c0bba763d16fb5cd830a808d58329025337491cf/config.json - 作者: samqin123, 更新时间: unknown, 大小: 0.0 KB
[2025-10-12 01:27:40] ✅ 解析成功 - https://raw.githubusercontent.com/wokaotianshi123/jgcj/91d8826e57fec8090917a727acf06ac9599ff44a/libretv.json - 作者: wokaotianshi123, 更新时间: unknown, 大小: 0.0 KB
[2025-10-12 01:27:40] ✅ 解析成功 - https://raw.githubusercontent.com/hjdhnx/drpy-node/3c21fcbf96d9f635568350065188e05844e64ae9/scripts/mjs/moontv.json - 作者: hjdhnx, 更新时间: unknown, 大小: 0.0 KB
[2025-10-12 01:27:40] ✅ 解析成功 - https://raw.githubusercontent.com/Pundsup/Live/fdd5ebeb00dd36fc3dd53c350fdb8ba4dc29c8ce/yszy.json - 作者: Pundsup, 更新时间: unknown, 大小: 0.0 KB
[2025-10-12 01:27:40] ✅ 解析成功 - https://raw.githubusercontent.com/moli-xia/MoonTV-app/aea64cc2504b56ea05e23fc2af49c7ed5a305dea/config.json - 作者: moli-xia, 更新时间: unknown, 大小: 0.0 KB
[2025-10-12 01:27:41] ✅ 解析成功 - https://raw.githubusercontent.com/sk3879921/tvjson/3e5394dfbc292321326e218e7bc303716f3f5336/q.json - 作者: sk3879921, 更新时间: unknown, 大小: 0.0 KB
[2025-10-12 01:27:41] ✅ 解析成功 - https://raw.githubusercontent.com/oooopera/moontv_config/20161a1fc0d837304db8c33b5541b3451afcb2fb/config%E5%88%9D%E5%A7%8B.json - 作者: oooopera, 更新时间: unknown, 大小: 0.0 KB
[2025-10-12 01:27:41] ✅ 解析成功 - https://raw.githubusercontent.com/louis779/moontyv/0fe913bafef02036b393feed5683349145c9480a/config.json - 作者: louis779, 更新时间: unknown, 大小: 0.0 KB
[2025-10-12 01:27:41] ✅ 解析成功 - https://raw.githubusercontent.com/zhangxiaofeng05/zdocker/4e8c2ff67085ca703a28d003b465f6150c8df9b4/data/katelyatv/config.json - 作者: zhangxiaofeng05, 更新时间: unknown, 大小: 0.0 KB
[2025-10-12 01:27:42] ✅ 解析成功 - https://raw.githubusercontent.com/xqrock/openfile/75df10457a00a6e5c9458f20122ebe2c5274c83e/config/vod.json - 作者: xqrock, 更新时间: unknown, 大小: 0.0 KB
[2025-10-12 01:27:42] ✅ 解析成功 - https://raw.githubusercontent.com/hy5528/tvbox/48b1f645f3a2fcab7a5c26c1843f02ec5027df43/js/config.json - 作者: hy5528, 更新时间: unknown, 大小: 0.0 KB
[2025-10-12 01:27:42] ✅ 解析成功 - https://raw.githubusercontent.com/mhq1389/lsegou/8d4473e249f48db6f206a4d74397ffe95c18bfd0/config.json - 作者: mhq1389, 更新时间: unknown, 大小: 0.0 KB
[2025-10-12 01:27:42] ✅ 解析成功 - https://raw.githubusercontent.com/jeffliub/MoonTV2/0a23fd92f0523ba828a445dfbe41f563eec65d66/config.json - 作者: jeffliub, 更新时间: unknown, 大小: 0.0 KB
[2025-10-12 01:27:42] ✅ 解析成功 - https://raw.githubusercontent.com/kpsmail/new/7b0c540266a7a0797eb4c127447a45d456e387ec/config.json - 作者: kpsmail, 更新时间: unknown, 大小: 0.0 KB
[2025-10-13 01:37:32] ✅ 解析成功 - https://raw.githubusercontent.com/katelya77/KatelyaTV/fc78bb11c026285d1b66e841b227e6171574956c/config.json - 作者: katelya77, 更新时间: unknown, 大小: 0.0 KB
[2025-10-13 01:37:32] ✅ 解析成功 - https://raw.githubusercontent.com/hafrey1/LunaTV-config/2afe01867ef611c2bb16fdb8763fa934a0e29b0f/jingjian.json - 作者: hafrey1, 更新时间: unknown, 大小: 0.0 KB
[2025-10-13 01:37:33] ✅ 解析成功 - https://raw.githubusercontent.com/SCXSVIP/TV/e7bc32117505d2bda3b31ade3dc96114c6ce623c/MoonTV/MoonTV-xs.json - 作者: SCXSVIP, 更新时间: unknown, 大小: 0.0 KB
[2025-10-13 01:37:33] ✅ 解析成功 - https://raw.githubusercontent.com/chat263/tvjson/45dbc00aebda1642a95c20be2b5a0bda61a60e78/m.json - 作者: chat263, 更新时间: unknown, 大小: 0.0 KB
[2025-10-13 01:37:33] ✅ 解析成功 - https://raw.githubusercontent.com/lyqnihao/m3u8/94416cf610bdd63b08326ba8721b5e7d77d5957e/MoonTV/config.json - 作者: lyqnihao, 更新时间: unknown, 大小: 0.0 KB
[2025-10-13 01:37:33] ✅ 解析成功 - https://raw.githubusercontent.com/hafrey1/LunaTV-config/2afe01867ef611c2bb16fdb8763fa934a0e29b0f/jin18.json - 作者: hafrey1, 更新时间: unknown, 大小: 0.0 KB
[2025-10-13 01:37:34] ✅ 解析成功 - https://raw.githubusercontent.com/lovevampplus/cfdata/48ae504408e44ef0a64d175cca50bc57efde28b7/96.json - 作者: lovevampplus, 更新时间: unknown, 大小: 0.0 KB
[2025-10-13 01:37:34] ✅ 解析成功 - https://raw.githubusercontent.com/hanzhenya/hzyiptv/00923a1043db8e531f730912d565eb8619b5675f/config(%E8%80%81).json - 作者: hanzhenya, 更新时间: unknown, 大小: 0.0 KB
[2025-10-13 01:37:34] ✅ 解析成功 - https://raw.githubusercontent.com/Jonney111/jonney_clash/2a8545f0367a753599af049d670f0d37c17b5738/moontv.json - 作者: Jonney111, 更新时间: unknown, 大小: 0.0 KB
[2025-10-13 01:37:34] ✅ 解析成功 - https://raw.githubusercontent.com/Pundsup/Live/fdd5ebeb00dd36fc3dd53c350fdb8ba4dc29c8ce/yszyby.json - 作者: Pundsup, 更新时间: unknown, 大小: 0.0 KB
[2025-10-13 01:37:35] ✅ 解析成功 - https://raw.githubusercontent.com/katelya77/KatelyaTV/fc78bb11c026285d1b66e841b227e6171574956c/config.example.json - 作者: katelya77, 更新时间: unknown, 大小: 0.0 KB
[2025-10-13 01:37:35] ❌ JSON语法错误 - https://raw.githubusercontent.com/hafrey1/MoonTV1.1.1/614f381e5312d9821bd5fe058f9eed9426e96d23/config.json - Expecting value: line 151 column 1 (char 5001)
[2025-10-13 01:37:35] ✅ 解析成功 - https://raw.githubusercontent.com/gxnas/TvBox/73fe7b54b2ac132896f821f76e6a877079250c81/20250823.json - 作者: gxnas, 更新时间: unknown, 大小: 0.0 KB
[2025-10-13 01:37:36] ✅ 解析成功 - https://raw.githubusercontent.com/oooopera/moontv_config/e2984b7729bbe8c3d2f07fadc054f6e4eb3a43e1/input.json - 作者: oooopera, 更新时间: unknown, 大小: 0.0 KB
[2025-10-13 01:37:36] ✅ 解析成功 - https://raw.githubusercontent.com/adminlove520/ZySource-Collector/c3ba417f443c4bcb1bed8268a699703663771111/TV_collector/config_isadult.json - 作者: adminlove520, 更新时间: unknown, 大小: 0.0 KB
[2025-10-13 01:37:36] ✅ 解析成功 - https://raw.githubusercontent.com/wokaotianshi123/wokaotianshi123.github.io/3024e1b3e8f70253db752792d5b5f0707c0ce7a3/moontv/config_2025-09-23.json - 作者: wokaotianshi123, 更新时间: unknown, 大小: 0.0 KB
[2025-10-13 01:37:37] ✅ 解析成功 - https://raw.githubusercontent.com/samqin123/MoonTV/c0bba763d16fb5cd830a808d58329025337491cf/config.json - 作者: samqin123, 更新时间: unknown, 大小: 0.0 KB
[2025-10-13 01:37:37] ✅ 解析成功 - https://raw.githubusercontent.com/wokaotianshi123/jgcj/cf41207e712cf8449aee9b0c4a7fbfec62cf4f4a/libretv.json - 作者: wokaotianshi123, 更新时间: unknown, 大小: 0.0 KB
[2025-10-13 01:37:37] ✅ 解析成功 - https://raw.githubusercontent.com/hjdhnx/drpy-node/88d713c6212583e38c1d4d3305083629e0a149c1/scripts/mjs/moontv.json - 作者: hjdhnx, 更新时间: unknown, 大小: 0.0 KB
[2025-10-13 01:37:37] ✅ 解析成功 - https://raw.githubusercontent.com/Pundsup/Live/fdd5ebeb00dd36fc3dd53c350fdb8ba4dc29c8ce/yszy.json - 作者: Pundsup, 更新时间: unknown, 大小: 0.0 KB
[2025-10-13 01:37:37] ✅ 解析成功 - https://raw.githubusercontent.com/moli-xia/MoonTV-app/aea64cc2504b56ea05e23fc2af49c7ed5a305dea/config.json - 作者: moli-xia, 更新时间: unknown, 大小: 0.0 KB
[2025-10-13 01:37:38] ✅ 解析成功 - https://raw.githubusercontent.com/sk3879921/tvjson/3e5394dfbc292321326e218e7bc303716f3f5336/q.json - 作者: sk3879921, 更新时间: unknown, 大小: 0.0 KB
[2025-10-13 01:37:38] ✅ 解析成功 - https://raw.githubusercontent.com/oooopera/moontv_config/e2984b7729bbe8c3d2f07fadc054f6e4eb3a43e1/config%E5%88%9D%E5%A7%8B.json - 作者: oooopera, 更新时间: unknown, 大小: 0.0 KB
[2025-10-13 01:37:38] ✅ 解析成功 - https://raw.githubusercontent.com/louis779/moontyv/0fe913bafef02036b393feed5683349145c9480a/config.json - 作者: louis779, 更新时间: unknown, 大小: 0.0 KB
[2025-10-13 01:37:39] ✅ 解析成功 - https://raw.githubusercontent.com/zhangxiaofeng05/zdocker/4e8c2ff67085ca703a28d003b465f6150c8df9b4/data/katelyatv/config.json - 作者: zhangxiaofeng05, 更新时间: unknown, 大小: 0.0 KB
[2025-10-13 01:37:39] ✅ 解析成功 - https://raw.githubusercontent.com/xqrock/openfile/75df10457a00a6e5c9458f20122ebe2c5274c83e/config/vod.json - 作者: xqrock, 更新时间: unknown, 大小: 0.0 KB
[2025-10-13 01:37:39] ✅ 解析成功 - https://raw.githubusercontent.com/hy5528/tvbox/48b1f645f3a2fcab7a5c26c1843f02ec5027df43/js/config.json - 作者: hy5528, 更新时间: unknown, 大小: 0.0 KB
[2025-10-13 01:37:40] ✅ 解析成功 - https://raw.githubusercontent.com/mhq1389/lsegou/8d4473e249f48db6f206a4d74397ffe95c18bfd0/config.json - 作者: mhq1389, 更新时间: unknown, 大小: 0.0 KB
[2025-10-13 01:37:40] ✅ 解析成功 - https://raw.githubusercontent.com/jeffliub/MoonTV2/0a23fd92f0523ba828a445dfbe41f563eec65d66/config.json - 作者: jeffliub, 更新时间: unknown, 大小: 0.0 KB
[2025-10-13 01:37:40] ✅ 解析成功 - https://raw.githubusercontent.com/kpsmail/new/7b0c540266a7a0797eb4c127447a45d456e387ec/config.json - 作者: kpsmail, 更新时间: unknown, 大小: 0.0 KB
[2025-10-14 01:23:48] ✅ 解析成功 - https://raw.githubusercontent.com/katelya77/KatelyaTV/fc78bb11c026285d1b66e841b227e6171574956c/config.json - 作者: katelya77, 更新时间: unknown, 大小: 0.0 KB
[2025-10-14 01:23:48] ✅ 解析成功 - https://raw.githubusercontent.com/hafrey1/LunaTV-config/c3c3922a55f6216353b55276f7237bc8d19a0ff6/jingjian.json - 作者: hafrey1, 更新时间: unknown, 大小: 0.0 KB
[2025-10-14 01:23:48] ✅ 解析成功 - https://raw.githubusercontent.com/SCXSVIP/TV/e7bc32117505d2bda3b31ade3dc96114c6ce623c/MoonTV/MoonTV-xs.json - 作者: SCXSVIP, 更新时间: unknown, 大小: 0.0 KB
[2025-10-14 01:23:49] ✅ 解析成功 - https://raw.githubusercontent.com/chat263/tvjson/45dbc00aebda1642a95c20be2b5a0bda61a60e78/m.json - 作者: chat263, 更新时间: unknown, 大小: 0.0 KB
[2025-10-14 01:23:49] ✅ 解析成功 - https://raw.githubusercontent.com/lyqnihao/m3u8/94416cf610bdd63b08326ba8721b5e7d77d5957e/MoonTV/config.json - 作者: lyqnihao, 更新时间: unknown, 大小: 0.0 KB
[2025-10-14 01:23:49] ✅ 解析成功 - https://raw.githubusercontent.com/hafrey1/LunaTV-config/c3c3922a55f6216353b55276f7237bc8d19a0ff6/jin18.json - 作者: hafrey1, 更新时间: unknown, 大小: 0.0 KB
[2025-10-14 01:23:49] ✅ 解析成功 - https://raw.githubusercontent.com/lovevampplus/cfdata/48ae504408e44ef0a64d175cca50bc57efde28b7/96.json - 作者: lovevampplus, 更新时间: unknown, 大小: 0.0 KB
[2025-10-14 01:23:50] ✅ 解析成功 - https://raw.githubusercontent.com/hanzhenya/hzyiptv/00923a1043db8e531f730912d565eb8619b5675f/config(%E8%80%81).json - 作者: hanzhenya, 更新时间: unknown, 大小: 0.0 KB
[2025-10-14 01:23:50] ✅ 解析成功 - https://raw.githubusercontent.com/Jonney111/jonney_clash/2a8545f0367a753599af049d670f0d37c17b5738/moontv.json - 作者: Jonney111, 更新时间: unknown, 大小: 0.0 KB
[2025-10-14 01:23:50] ✅ 解析成功 - https://raw.githubusercontent.com/Pundsup/Live/fdd5ebeb00dd36fc3dd53c350fdb8ba4dc29c8ce/yszyby.json - 作者: Pundsup, 更新时间: unknown, 大小: 0.0 KB
[2025-10-14 01:23:50] ✅ 解析成功 - https://raw.githubusercontent.com/katelya77/KatelyaTV/fc78bb11c026285d1b66e841b227e6171574956c/config.example.json - 作者: katelya77, 更新时间: unknown, 大小: 0.0 KB
[2025-10-14 01:23:51] ❌ JSON语法错误 - https://raw.githubusercontent.com/hafrey1/MoonTV1.1.1/614f381e5312d9821bd5fe058f9eed9426e96d23/config.json - Expecting value: line 151 column 1 (char 5001)
[2025-10-14 01:23:51] ✅ 解析成功 - https://raw.githubusercontent.com/gxnas/TvBox/73fe7b54b2ac132896f821f76e6a877079250c81/20250823.json - 作者: gxnas, 更新时间: unknown, 大小: 0.0 KB
[2025-10-14 01:23:51] ✅ 解析成功 - https://raw.githubusercontent.com/oooopera/moontv_config/6d306655c7efa80cc174ccd9250f42b9c4fe5068/input.json - 作者: oooopera, 更新时间: unknown, 大小: 0.0 KB
[2025-10-14 01:23:51] ✅ 解析成功 - https://raw.githubusercontent.com/adminlove520/ZySource-Collector/c3ba417f443c4bcb1bed8268a699703663771111/TV_collector/config_isadult.json - 作者: adminlove520, 更新时间: unknown, 大小: 0.0 KB
[2025-10-14 01:23:52] ✅ 解析成功 - https://raw.githubusercontent.com/wokaotianshi123/wokaotianshi123.github.io/3024e1b3e8f70253db752792d5b5f0707c0ce7a3/moontv/config_2025-09-23.json - 作者: wokaotianshi123, 更新时间: unknown, 大小: 0.0 KB
[2025-10-14 01:23:52] ✅ 解析成功 - https://raw.githubusercontent.com/samqin123/MoonTV/c0bba763d16fb5cd830a808d58329025337491cf/config.json - 作者: samqin123, 更新时间: unknown, 大小: 0.0 KB
[2025-10-14 01:23:52] ✅ 解析成功 - https://raw.githubusercontent.com/wokaotianshi123/jgcj/cf41207e712cf8449aee9b0c4a7fbfec62cf4f4a/libretv.json - 作者: wokaotianshi123, 更新时间: unknown, 大小: 0.0 KB
[2025-10-14 01:23:53] ✅ 解析成功 - https://raw.githubusercontent.com/hjdhnx/drpy-node/8cec41c83501e0b955e12d7f2b8df7d2cc8d303e/scripts/mjs/moontv.json - 作者: hjdhnx, 更新时间: unknown, 大小: 0.0 KB
[2025-10-14 01:23:53] ✅ 解析成功 - https://raw.githubusercontent.com/Pundsup/Live/fdd5ebeb00dd36fc3dd53c350fdb8ba4dc29c8ce/yszy.json - 作者: Pundsup, 更新时间: unknown, 大小: 0.0 KB
[2025-10-14 01:23:53] ✅ 解析成功 - https://raw.githubusercontent.com/moli-xia/MoonTV-app/aea64cc2504b56ea05e23fc2af49c7ed5a305dea/config.json - 作者: moli-xia, 更新时间: unknown, 大小: 0.0 KB
[2025-10-14 01:23:53] ✅ 解析成功 - https://raw.githubusercontent.com/sk3879921/tvjson/3e5394dfbc292321326e218e7bc303716f3f5336/q.json - 作者: sk3879921, 更新时间: unknown, 大小: 0.0 KB
[2025-10-14 01:23:54] ✅ 解析成功 - https://raw.githubusercontent.com/oooopera/moontv_config/6d306655c7efa80cc174ccd9250f42b9c4fe5068/config%E5%88%9D%E5%A7%8B.json - 作者: oooopera, 更新时间: unknown, 大小: 0.0 KB
[2025-10-14 01:23:54] ✅ 解析成功 - https://raw.githubusercontent.com/louis779/moontyv/0fe913bafef02036b393feed5683349145c9480a/config.json - 作者: louis779, 更新时间: unknown, 大小: 0.0 KB
[2025-10-14 01:23:54] ✅ 解析成功 - https://raw.githubusercontent.com/zhangxiaofeng05/zdocker/4e8c2ff67085ca703a28d003b465f6150c8df9b4/data/katelyatv/config.json - 作者: zhangxiaofeng05, 更新时间: unknown, 大小: 0.0 KB
[2025-10-14 01:23:54] ✅ 解析成功 - https://raw.githubusercontent.com/xqrock/openfile/75df10457a00a6e5c9458f20122ebe2c5274c83e/config/vod.json - 作者: xqrock, 更新时间: unknown, 大小: 0.0 KB
[2025-10-14 01:23:55] ✅ 解析成功 - https://raw.githubusercontent.com/hy5528/tvbox/50bae7c777c6d36c28ec4a51104c92fa08217686/js/config.json - 作者: hy5528, 更新时间: unknown, 大小: 0.0 KB
[2025-10-14 01:23:55] ✅ 解析成功 - https://raw.githubusercontent.com/mhq1389/lsegou/8d4473e249f48db6f206a4d74397ffe95c18bfd0/config.json - 作者: mhq1389, 更新时间: unknown, 大小: 0.0 KB
[2025-10-14 01:23:55] ✅ 解析成功 - https://raw.githubusercontent.com/jeffliub/MoonTV2/0a23fd92f0523ba828a445dfbe41f563eec65d66/config.json - 作者: jeffliub, 更新时间: unknown, 大小: 0.0 KB
[2025-10-14 01:23:55] ✅ 解析成功 - https://raw.githubusercontent.com/kpsmail/new/7b0c540266a7a0797eb4c127447a45d456e387ec/config.json - 作者: kpsmail, 更新时间: unknown, 大小: 0.0 KB
[2025-10-15 01:26:04] ✅ 解析成功 - https://raw.githubusercontent.com/katelya77/KatelyaTV/fc78bb11c026285d1b66e841b227e6171574956c/config.json - 作者: katelya77, 更新时间: unknown, 大小: 0.0 KB
[2025-10-15 01:26:05] ✅ 解析成功 - https://raw.githubusercontent.com/hafrey1/LunaTV-config/7bdb13b78e378dbaf49012f9c1d87578fa1d8f3a/jingjian.json - 作者: hafrey1, 更新时间: unknown, 大小: 0.0 KB
[2025-10-15 01:26:05] ✅ 解析成功 - https://raw.githubusercontent.com/SCXSVIP/TV/e7bc32117505d2bda3b31ade3dc96114c6ce623c/MoonTV/MoonTV-xs.json - 作者: SCXSVIP, 更新时间: unknown, 大小: 0.0 KB
[2025-10-15 01:26:05] ✅ 解析成功 - https://raw.githubusercontent.com/chat263/tvjson/45dbc00aebda1642a95c20be2b5a0bda61a60e78/m.json - 作者: chat263, 更新时间: unknown, 大小: 0.0 KB
[2025-10-15 01:26:05] ✅ 解析成功 - https://raw.githubusercontent.com/lyqnihao/m3u8/94416cf610bdd63b08326ba8721b5e7d77d5957e/MoonTV/config.json - 作者: lyqnihao, 更新时间: unknown, 大小: 0.0 KB
[2025-10-15 01:26:05] ✅ 解析成功 - https://raw.githubusercontent.com/lovevampplus/cfdata/48ae504408e44ef0a64d175cca50bc57efde28b7/96.json - 作者: lovevampplus, 更新时间: unknown, 大小: 0.0 KB
[2025-10-15 01:26:06] ✅ 解析成功 - https://raw.githubusercontent.com/yutian81/data-source/97c13655052a73d5f455801eed3d366b97acf3ce/OrionTV/config.json - 作者: yutian81, 更新时间: unknown, 大小: 0.0 KB
[2025-10-15 01:26:06] ✅ 解析成功 - https://raw.githubusercontent.com/adminlove520/ZySource-Collector/c3ba417f443c4bcb1bed8268a699703663771111/TV_collector/config_isadult.json - 作者: adminlove520, 更新时间: unknown, 大小: 0.0 KB
[2025-10-15 01:26:06] ❌ JSON语法错误 - https://raw.githubusercontent.com/hafrey1/MoonTV1.1.1/614f381e5312d9821bd5fe058f9eed9426e96d23/config.json - Expecting value: line 151 column 1 (char 5001)
[2025-10-15 01:26:06] ✅ 解析成功 - https://raw.githubusercontent.com/sk3879921/tvjson/3e5394dfbc292321326e218e7bc303716f3f5336/q.json - 作者: sk3879921, 更新时间: unknown, 大小: 0.0 KB
[2025-10-15 01:26:06] ✅ 解析成功 - https://raw.githubusercontent.com/Pundsup/Live/fdd5ebeb00dd36fc3dd53c350fdb8ba4dc29c8ce/yszy.json - 作者: Pundsup, 更新时间: unknown, 大小: 0.0 KB
[2025-10-15 01:26:07] ✅ 解析成功 - https://raw.githubusercontent.com/yjh800307/yjh800307.github.io/4b825da4ab5059eae4f36ffc59877d0b5a76ea63/moontv.json - 作者: yjh800307, 更新时间: unknown, 大小: 0.0 KB
[2025-10-15 01:26:07] ✅ 解析成功 - https://raw.githubusercontent.com/wokaotianshi123/wokaotianshi123.github.io/3024e1b3e8f70253db752792d5b5f0707c0ce7a3/moontv/config_2025-09-23.json - 作者: wokaotianshi123, 更新时间: unknown, 大小: 0.0 KB
[2025-10-15 01:26:07] ✅ 解析成功 - https://raw.githubusercontent.com/Jonney111/jonney_clash/2a8545f0367a753599af049d670f0d37c17b5738/moontv.json - 作者: Jonney111, 更新时间: unknown, 大小: 0.0 KB
[2025-10-15 01:26:07] ✅ 解析成功 - https://raw.githubusercontent.com/katelya77/KatelyaTV/fc78bb11c026285d1b66e841b227e6171574956c/config.example.json - 作者: katelya77, 更新时间: unknown, 大小: 0.0 KB
[2025-10-15 01:26:07] ✅ 解析成功 - https://raw.githubusercontent.com/samqin123/MoonTV/c0bba763d16fb5cd830a808d58329025337491cf/config.json - 作者: samqin123, 更新时间: unknown, 大小: 0.0 KB
[2025-10-15 01:26:08] ✅ 解析成功 - https://raw.githubusercontent.com/xqrock/openfile/75df10457a00a6e5c9458f20122ebe2c5274c83e/config/vod.json - 作者: xqrock, 更新时间: unknown, 大小: 0.0 KB
[2025-10-15 01:26:08] ✅ 解析成功 - https://raw.githubusercontent.com/oooopera/moontv_config/ab31a355e327730d16966f6a4f7237e6db4a75bc/config%E5%88%9D%E5%A7%8B.json - 作者: oooopera, 更新时间: unknown, 大小: 0.0 KB
[2025-10-15 01:26:08] ✅ 解析成功 - https://raw.githubusercontent.com/webshellren/XMoonTV/ef052045a4f7a3a10c5907da4d30e3a90984b03b/config.json - 作者: webshellren, 更新时间: unknown, 大小: 0.0 KB
[2025-10-15 01:26:08] ✅ 解析成功 - https://raw.githubusercontent.com/hanzhenya/hzyiptv/00923a1043db8e531f730912d565eb8619b5675f/config(%E8%80%81).json - 作者: hanzhenya, 更新时间: unknown, 大小: 0.0 KB
[2025-10-15 01:26:08] ✅ 解析成功 - https://raw.githubusercontent.com/gxnas/TvBox/73fe7b54b2ac132896f821f76e6a877079250c81/20250823.json - 作者: gxnas, 更新时间: unknown, 大小: 0.0 KB
[2025-10-15 01:26:08] ✅ 解析成功 - https://raw.githubusercontent.com/wokaotianshi123/jgcj/cf41207e712cf8449aee9b0c4a7fbfec62cf4f4a/libretv.json - 作者: wokaotianshi123, 更新时间: unknown, 大小: 0.0 KB
[2025-10-15 01:26:09] ✅ 解析成功 - https://raw.githubusercontent.com/hjdhnx/drpy-node/b0ae381ca4ec98966275658ffffac909b56fff92/scripts/mjs/moontv.json - 作者: hjdhnx, 更新时间: unknown, 大小: 0.0 KB
[2025-10-15 01:26:09] ✅ 解析成功 - https://raw.githubusercontent.com/hafrey1/LunaTV-config/7bdb13b78e378dbaf49012f9c1d87578fa1d8f3a/LunaTV-config.json - 作者: hafrey1, 更新时间: unknown, 大小: 0.0 KB
[2025-10-15 01:26:09] ✅ 解析成功 - https://raw.githubusercontent.com/Pundsup/Live/fdd5ebeb00dd36fc3dd53c350fdb8ba4dc29c8ce/yszyby.json - 作者: Pundsup, 更新时间: unknown, 大小: 0.0 KB
[2025-10-15 01:26:09] ✅ 解析成功 - https://raw.githubusercontent.com/PAICNI/Videos_PLUS/b51ff1521a1e77f17ad538ccfd3c100cc42e0663/MoonTV%E8%A7%86%E9%A2%91%E6%BA%90Plus%E7%89%88.json - 作者: PAICNI, 更新时间: unknown, 大小: 0.0 KB
[2025-10-15 01:26:10] ✅ 解析成功 - https://raw.githubusercontent.com/hafrey1/LunaTV-config/7bdb13b78e378dbaf49012f9c1d87578fa1d8f3a/jin18.json - 作者: hafrey1, 更新时间: unknown, 大小: 0.0 KB
[2025-10-15 01:26:10] ✅ 解析成功 - https://raw.githubusercontent.com/moli-xia/MoonTV-app/aea64cc2504b56ea05e23fc2af49c7ed5a305dea/config.json - 作者: moli-xia, 更新时间: unknown, 大小: 0.0 KB
[2025-10-15 01:26:10] ✅ 解析成功 - https://raw.githubusercontent.com/zhangxiaofeng05/zdocker/caef373b696f22e9a010325762c061a0a5a1fddd/data/katelyatv/config.json - 作者: zhangxiaofeng05, 更新时间: unknown, 大小: 0.0 KB
[2025-10-15 01:26:10] ✅ 解析成功 - https://raw.githubusercontent.com/hy5528/tvbox/50bae7c777c6d36c28ec4a51104c92fa08217686/js/config.json - 作者: hy5528, 更新时间: unknown, 大小: 0.0 KB
[2025-10-16 01:25:23] ✅ 解析成功 - https://raw.githubusercontent.com/katelya77/KatelyaTV/fc78bb11c026285d1b66e841b227e6171574956c/config.json - 作者: katelya77, 更新时间: unknown, 大小: 0.0 KB
[2025-10-16 01:25:23] ✅ 解析成功 - https://raw.githubusercontent.com/hafrey1/LunaTV-config/0a1f6ee26d58edfee12bbeba6946f56a581929ab/jingjian.json - 作者: hafrey1, 更新时间: unknown, 大小: 0.0 KB
[2025-10-16 01:25:24] ✅ 解析成功 - https://raw.githubusercontent.com/SCXSVIP/TV/e7bc32117505d2bda3b31ade3dc96114c6ce623c/MoonTV/MoonTV-xs.json - 作者: SCXSVIP, 更新时间: unknown, 大小: 0.0 KB
[2025-10-16 01:25:24] ✅ 解析成功 - https://raw.githubusercontent.com/Pundsup/Live/fdd5ebeb00dd36fc3dd53c350fdb8ba4dc29c8ce/yszyby.json - 作者: Pundsup, 更新时间: unknown, 大小: 0.0 KB
[2025-10-16 01:25:24] ✅ 解析成功 - https://raw.githubusercontent.com/Stardm0/MoonTV/3074d52f05a31d865d5229a4f35a7f1710f8f5f1/config.json - 作者: Stardm0, 更新时间: unknown, 大小: 0.0 KB
[2025-10-16 01:25:24] ✅ 解析成功 - https://raw.githubusercontent.com/chat263/tvjson/45dbc00aebda1642a95c20be2b5a0bda61a60e78/m.json - 作者: chat263, 更新时间: unknown, 大小: 0.0 KB
[2025-10-16 01:25:24] ✅ 解析成功 - https://raw.githubusercontent.com/hjdhnx/drpy-node/b0ae381ca4ec98966275658ffffac909b56fff92/scripts/mjs/moontv.json - 作者: hjdhnx, 更新时间: unknown, 大小: 0.0 KB
[2025-10-16 01:25:25] ✅ 解析成功 - https://raw.githubusercontent.com/mhq1389/lsegou/8d4473e249f48db6f206a4d74397ffe95c18bfd0/config.json - 作者: mhq1389, 更新时间: unknown, 大小: 0.0 KB
[2025-10-16 01:25:25] ✅ 解析成功 - https://raw.githubusercontent.com/gxnas/TvBox/73fe7b54b2ac132896f821f76e6a877079250c81/20250823.json - 作者: gxnas, 更新时间: unknown, 大小: 0.0 KB
[2025-10-16 01:25:25] ✅ 解析成功 - https://raw.githubusercontent.com/wokaotianshi123/wokaotianshi123.github.io/3024e1b3e8f70253db752792d5b5f0707c0ce7a3/moontv/config_2025-09-23.json - 作者: wokaotianshi123, 更新时间: unknown, 大小: 0.0 KB
[2025-10-16 01:25:25] ✅ 解析成功 - https://raw.githubusercontent.com/oooopera/moontv_config/33899a0643fd978d5e3babdea933ea937e279c6e/input.json - 作者: oooopera, 更新时间: unknown, 大小: 0.0 KB
[2025-10-16 01:25:25] ✅ 解析成功 - https://raw.githubusercontent.com/lovevampplus/cfdata/48ae504408e44ef0a64d175cca50bc57efde28b7/moontv-config.json - 作者: lovevampplus, 更新时间: unknown, 大小: 0.0 KB
[2025-10-16 01:25:26] ✅ 解析成功 - https://raw.githubusercontent.com/hanzhenya/hzyiptv/00923a1043db8e531f730912d565eb8619b5675f/config(%E8%80%81).json - 作者: hanzhenya, 更新时间: unknown, 大小: 0.0 KB
[2025-10-16 01:25:26] ✅ 解析成功 - https://raw.githubusercontent.com/Jonney111/jonney_clash/2a8545f0367a753599af049d670f0d37c17b5738/moontv.json - 作者: Jonney111, 更新时间: unknown, 大小: 0.0 KB
[2025-10-16 01:25:26] ✅ 解析成功 - https://raw.githubusercontent.com/katelya77/KatelyaTV/fc78bb11c026285d1b66e841b227e6171574956c/config.example.json - 作者: katelya77, 更新时间: unknown, 大小: 0.0 KB
[2025-10-16 01:25:26] ✅ 解析成功 - https://raw.githubusercontent.com/adminlove520/ZySource-Collector/5345f5760e04886b8eb0d41d03e23cdd82e64a09/TV_collector/config_isadult.json - 作者: adminlove520, 更新时间: unknown, 大小: 0.0 KB
[2025-10-16 01:25:26] ✅ 解析成功 - https://raw.githubusercontent.com/sk3879921/tvjson/3e5394dfbc292321326e218e7bc303716f3f5336/q.json - 作者: sk3879921, 更新时间: unknown, 大小: 0.0 KB
[2025-10-16 01:25:26] ✅ 解析成功 - https://raw.githubusercontent.com/xqrock/openfile/75df10457a00a6e5c9458f20122ebe2c5274c83e/config/vod.json - 作者: xqrock, 更新时间: unknown, 大小: 0.0 KB
[2025-10-16 01:25:27] ✅ 解析成功 - https://raw.githubusercontent.com/haogege8888/KatelyaTV/e58837e6b5dcc4d7d112e05e1d9bda3e9b3bf992/config.json - 作者: haogege8888, 更新时间: unknown, 大小: 0.0 KB
[2025-10-16 01:25:27] ✅ 解析成功 - https://raw.githubusercontent.com/lovevampplus/cfdata/48ae504408e44ef0a64d175cca50bc57efde28b7/96.json - 作者: lovevampplus, 更新时间: unknown, 大小: 0.0 KB
[2025-10-16 01:25:27] ✅ 解析成功 - https://raw.githubusercontent.com/hafrey1/LunaTV-config/0a1f6ee26d58edfee12bbeba6946f56a581929ab/jin18.json - 作者: hafrey1, 更新时间: unknown, 大小: 0.0 KB
[2025-10-16 01:25:27] ✅ 解析成功 - https://raw.githubusercontent.com/yjh800307/yjh800307.github.io/4b825da4ab5059eae4f36ffc59877d0b5a76ea63/moontv.json - 作者: yjh800307, 更新时间: unknown, 大小: 0.0 KB
[2025-10-16 01:25:27] ✅ 解析成功 - https://raw.githubusercontent.com/hy5528/tvbox/1c13ea744d9530e215f79c17d04ff7078cd1d0bd/js/config.json - 作者: hy5528, 更新时间: unknown, 大小: 0.0 KB
[2025-10-16 01:25:28] ✅ 解析成功 - https://raw.githubusercontent.com/xuyuani/moontv/ea3d1065e8bbdfde379700bf74eb634e88915ab2/config.json - 作者: xuyuani, 更新时间: unknown, 大小: 0.0 KB
[2025-10-16 01:25:28] ✅ 解析成功 - https://raw.githubusercontent.com/louis779/moontyv/0fe913bafef02036b393feed5683349145c9480a/config.json - 作者: louis779, 更新时间: unknown, 大小: 0.0 KB
[2025-10-16 01:25:28] ✅ 解析成功 - https://raw.githubusercontent.com/lyqnihao/m3u8/94416cf610bdd63b08326ba8721b5e7d77d5957e/MoonTV/config.json - 作者: lyqnihao, 更新时间: unknown, 大小: 0.0 KB
[2025-10-16 01:25:28] ✅ 解析成功 - https://raw.githubusercontent.com/kpsmail/new/7b0c540266a7a0797eb4c127447a45d456e387ec/config.json - 作者: kpsmail, 更新时间: unknown, 大小: 0.0 KB
[2025-10-16 01:25:28] ✅ 解析成功 - https://raw.githubusercontent.com/xf959211192/xf-tv/e72c802958a022efc31970bd5286e90c61facd3a/config.json - 作者: xf959211192, 更新时间: unknown, 大小: 0.0 KB
[2025-10-16 01:25:29] ✅ 解析成功 - https://raw.githubusercontent.com/moli-xia/MoonTV-app/aea64cc2504b56ea05e23fc2af49c7ed5a305dea/config.json - 作者: moli-xia, 更新时间: unknown, 大小: 0.0 KB
[2025-10-16 01:25:29] ✅ 解析成功 - https://raw.githubusercontent.com/webshellren/XMoonTV/ef052045a4f7a3a10c5907da4d30e3a90984b03b/config.json - 作者: webshellren, 更新时间: unknown, 大小: 0.0 KB
[2025-10-17 01:25:14] ✅ 解析成功 - https://raw.githubusercontent.com/katelya77/KatelyaTV/fc78bb11c026285d1b66e841b227e6171574956c/config.json - 作者: katelya77, 更新时间: unknown, 大小: 0.0 KB
[2025-10-17 01:25:15] ✅ 解析成功 - https://raw.githubusercontent.com/hafrey1/LunaTV-config/3c9cc8bb18f1c0a2c99e9602c3d1cd0dbe90d606/jingjian.json - 作者: hafrey1, 更新时间: unknown, 大小: 0.0 KB
[2025-10-17 01:25:15] ✅ 解析成功 - https://raw.githubusercontent.com/SCXSVIP/TV/e7bc32117505d2bda3b31ade3dc96114c6ce623c/MoonTV/MoonTV-xs.json - 作者: SCXSVIP, 更新时间: unknown, 大小: 0.0 KB
[2025-10-17 01:25:15] ✅ 解析成功 - https://raw.githubusercontent.com/Pundsup/Live/fdd5ebeb00dd36fc3dd53c350fdb8ba4dc29c8ce/yszyby.json - 作者: Pundsup, 更新时间: unknown, 大小: 0.0 KB
[2025-10-17 01:25:16] ✅ 解析成功 - https://raw.githubusercontent.com/Stardm0/MoonTV/6668ec090d5f5e748d79d5228597593045dde185/config.json - 作者: Stardm0, 更新时间: unknown, 大小: 0.0 KB
[2025-10-17 01:25:16] ✅ 解析成功 - https://raw.githubusercontent.com/chat263/tvjson/45dbc00aebda1642a95c20be2b5a0bda61a60e78/m.json - 作者: chat263, 更新时间: unknown, 大小: 0.0 KB
[2025-10-17 01:25:16] ✅ 解析成功 - https://raw.githubusercontent.com/hjdhnx/drpy-node/c617eb1bde7df9509ebfc269a274d294f604925c/scripts/mjs/moontv.json - 作者: hjdhnx, 更新时间: unknown, 大小: 0.0 KB
[2025-10-17 01:25:16] ✅ 解析成功 - https://raw.githubusercontent.com/PAICNI/Videos_PLUS/b51ff1521a1e77f17ad538ccfd3c100cc42e0663/MoonTV%E8%A7%86%E9%A2%91%E6%BA%90Plus%E7%89%88.json - 作者: PAICNI, 更新时间: unknown, 大小: 0.0 KB
[2025-10-17 01:25:17] ✅ 解析成功 - https://raw.githubusercontent.com/samqin123/MoonTV/c0bba763d16fb5cd830a808d58329025337491cf/config.json - 作者: samqin123, 更新时间: unknown, 大小: 0.0 KB
[2025-10-17 01:25:17] ✅ 解析成功 - https://raw.githubusercontent.com/Jonney111/jonney_clash/2a8545f0367a753599af049d670f0d37c17b5738/moontv.json - 作者: Jonney111, 更新时间: unknown, 大小: 0.0 KB
[2025-10-17 01:25:17] ✅ 解析成功 - https://raw.githubusercontent.com/adminlove520/ZySource-Collector/5345f5760e04886b8eb0d41d03e23cdd82e64a09/TV_collector/config_isadult.json - 作者: adminlove520, 更新时间: unknown, 大小: 0.0 KB
[2025-10-17 01:25:17] ✅ 解析成功 - https://raw.githubusercontent.com/wokaotianshi123/wokaotianshi123.github.io/3024e1b3e8f70253db752792d5b5f0707c0ce7a3/moontv/config_2025-09-23.json - 作者: wokaotianshi123, 更新时间: unknown, 大小: 0.0 KB
[2025-10-17 01:25:18] ✅ 解析成功 - https://raw.githubusercontent.com/katelya77/KatelyaTV/fc78bb11c026285d1b66e841b227e6171574956c/config.example.json - 作者: katelya77, 更新时间: unknown, 大小: 0.0 KB
[2025-10-17 01:25:18] ✅ 解析成功 - https://raw.githubusercontent.com/lovevampplus/cfdata/48ae504408e44ef0a64d175cca50bc57efde28b7/96.json - 作者: lovevampplus, 更新时间: unknown, 大小: 0.0 KB
[2025-10-17 01:25:18] ❌ JSON语法错误 - https://raw.githubusercontent.com/hafrey1/MoonTV1.1.1/614f381e5312d9821bd5fe058f9eed9426e96d23/config.json - Expecting value: line 151 column 1 (char 5001)
[2025-10-17 01:25:19] ✅ 解析成功 - https://raw.githubusercontent.com/xqrock/openfile/75df10457a00a6e5c9458f20122ebe2c5274c83e/config/vod.json - 作者: xqrock, 更新时间: unknown, 大小: 0.0 KB
[2025-10-17 01:25:19] ✅ 解析成功 - https://raw.githubusercontent.com/869203553/guize/eb8fa7240b289603d833d3d4ae4201f74bcb1bd4/config.json - 作者: 869203553, 更新时间: unknown, 大小: 0.0 KB
[2025-10-17 01:25:19] ✅ 解析成功 - https://raw.githubusercontent.com/viacooky/tv-box-sub/3f7188cb5f0b65903fb0bc5dc94b2128e8e6f021/2.json - 作者: viacooky, 更新时间: unknown, 大小: 0.0 KB
[2025-10-17 01:25:19] ✅ 解析成功 - https://raw.githubusercontent.com/louis779/moontyv/0fe913bafef02036b393feed5683349145c9480a/config.json - 作者: louis779, 更新时间: unknown, 大小: 0.0 KB
[2025-10-17 01:25:20] ✅ 解析成功 - https://raw.githubusercontent.com/wokaotianshi123/jgcj/c22a20ef0a6ff0c70c9ebdf9c1ed3885f3e34c8f/libretv.json - 作者: wokaotianshi123, 更新时间: unknown, 大小: 0.0 KB
[2025-10-17 01:25:20] ✅ 解析成功 - https://raw.githubusercontent.com/gxnas/TvBox/73fe7b54b2ac132896f821f76e6a877079250c81/20250823.json - 作者: gxnas, 更新时间: unknown, 大小: 0.0 KB
[2025-10-17 01:25:20] ✅ 解析成功 - https://raw.githubusercontent.com/hafrey1/LunaTV-config/3c9cc8bb18f1c0a2c99e9602c3d1cd0dbe90d606/jin18.json - 作者: hafrey1, 更新时间: unknown, 大小: 0.0 KB
[2025-10-17 01:25:20] ✅ 解析成功 - https://raw.githubusercontent.com/yutian81/data-source/97c13655052a73d5f455801eed3d366b97acf3ce/OrionTV/config.json - 作者: yutian81, 更新时间: unknown, 大小: 0.0 KB
[2025-10-17 01:25:21] ✅ 解析成功 - https://raw.githubusercontent.com/lovevampplus/cfdata/48ae504408e44ef0a64d175cca50bc57efde28b7/moontv-config.json - 作者: lovevampplus, 更新时间: unknown, 大小: 0.0 KB
[2025-10-17 01:25:21] ✅ 解析成功 - https://raw.githubusercontent.com/oooopera/moontv_config/a77cd4bf6aed94a47859ba9a117ac200ccd9738a/config%E5%88%9D%E5%A7%8B.json - 作者: oooopera, 更新时间: unknown, 大小: 0.0 KB
[2025-10-17 01:25:21] ✅ 解析成功 - https://raw.githubusercontent.com/oooopera/moontv_config/a77cd4bf6aed94a47859ba9a117ac200ccd9738a/input.json - 作者: oooopera, 更新时间: unknown, 大小: 0.0 KB
[2025-10-17 01:25:21] ✅ 解析成功 - https://raw.githubusercontent.com/hanzhenya/hzyiptv/00923a1043db8e531f730912d565eb8619b5675f/config(%E8%80%81).json - 作者: hanzhenya, 更新时间: unknown, 大小: 0.0 KB
[2025-10-17 01:25:22] ✅ 解析成功 - https://raw.githubusercontent.com/xf959211192/xf-tv/e72c802958a022efc31970bd5286e90c61facd3a/config.json - 作者: xf959211192, 更新时间: unknown, 大小: 0.0 KB
[2025-10-17 01:25:22] ✅ 解析成功 - https://raw.githubusercontent.com/zhangxiaofeng05/zdocker/caef373b696f22e9a010325762c061a0a5a1fddd/data/katelyatv/config.json - 作者: zhangxiaofeng05, 更新时间: unknown, 大小: 0.0 KB
[2025-10-17 01:25:22] ✅ 解析成功 - https://raw.githubusercontent.com/zhumengkang/edgeone-moontv/262ce332a93ba34966adb07761e7bfab8faab7bf/config.json - 作者: zhumengkang, 更新时间: unknown, 大小: 0.0 KB
[2025-10-18 01:21:16] ✅ 解析成功 - https://raw.githubusercontent.com/katelya77/KatelyaTV/fc78bb11c026285d1b66e841b227e6171574956c/config.json - 作者: katelya77, 更新时间: unknown, 大小: 0.0 KB
[2025-10-18 01:21:17] ✅ 解析成功 - https://raw.githubusercontent.com/hafrey1/LunaTV-config/2a6ce510b4f926b01180e53dff9d314c847a1446/jingjian.json - 作者: hafrey1, 更新时间: unknown, 大小: 0.0 KB
[2025-10-18 01:21:17] ✅ 解析成功 - https://raw.githubusercontent.com/SCXSVIP/TV/e7bc32117505d2bda3b31ade3dc96114c6ce623c/MoonTV/MoonTV-xs.json - 作者: SCXSVIP, 更新时间: unknown, 大小: 0.0 KB
[2025-10-18 01:21:17] ✅ 解析成功 - https://raw.githubusercontent.com/Pundsup/Live/fdd5ebeb00dd36fc3dd53c350fdb8ba4dc29c8ce/yszyby.json - 作者: Pundsup, 更新时间: unknown, 大小: 0.0 KB
[2025-10-18 01:21:17] ✅ 解析成功 - https://raw.githubusercontent.com/Stardm0/MoonTV/ed57c94ad6a379e60cc3696937f767e0b26f3ad9/config.json - 作者: Stardm0, 更新时间: unknown, 大小: 0.0 KB
[2025-10-18 01:21:17] ✅ 解析成功 - https://raw.githubusercontent.com/chat263/tvjson/45dbc00aebda1642a95c20be2b5a0bda61a60e78/m.json - 作者: chat263, 更新时间: unknown, 大小: 0.0 KB
[2025-10-18 01:21:17] ✅ 解析成功 - https://raw.githubusercontent.com/hjdhnx/drpy-node/c617eb1bde7df9509ebfc269a274d294f604925c/scripts/mjs/moontv.json - 作者: hjdhnx, 更新时间: unknown, 大小: 0.0 KB
[2025-10-18 01:21:18] ✅ 解析成功 - https://raw.githubusercontent.com/PAICNI/Videos_PLUS/b51ff1521a1e77f17ad538ccfd3c100cc42e0663/MoonTV%E8%A7%86%E9%A2%91%E6%BA%90Plus%E7%89%88.json - 作者: PAICNI, 更新时间: unknown, 大小: 0.0 KB
[2025-10-18 01:21:18] ✅ 解析成功 - https://raw.githubusercontent.com/samqin123/MoonTV/c0bba763d16fb5cd830a808d58329025337491cf/config.json - 作者: samqin123, 更新时间: unknown, 大小: 0.0 KB
[2025-10-18 01:21:18] ✅ 解析成功 - https://raw.githubusercontent.com/Jonney111/jonney_clash/2a8545f0367a753599af049d670f0d37c17b5738/moontv.json - 作者: Jonney111, 更新时间: unknown, 大小: 0.0 KB
[2025-10-18 01:21:18] ✅ 解析成功 - https://raw.githubusercontent.com/adminlove520/ZySource-Collector/5345f5760e04886b8eb0d41d03e23cdd82e64a09/TV_collector/config_isadult.json - 作者: adminlove520, 更新时间: unknown, 大小: 0.0 KB
[2025-10-18 01:21:18] ✅ 解析成功 - https://raw.githubusercontent.com/wokaotianshi123/wokaotianshi123.github.io/3024e1b3e8f70253db752792d5b5f0707c0ce7a3/moontv/config_2025-09-23.json - 作者: wokaotianshi123, 更新时间: unknown, 大小: 0.0 KB
[2025-10-18 01:21:19] ✅ 解析成功 - https://raw.githubusercontent.com/katelya77/KatelyaTV/fc78bb11c026285d1b66e841b227e6171574956c/config.example.json - 作者: katelya77, 更新时间: unknown, 大小: 0.0 KB
[2025-10-18 01:21:19] ✅ 解析成功 - https://raw.githubusercontent.com/lovevampplus/cfdata/48ae504408e44ef0a64d175cca50bc57efde28b7/96.json - 作者: lovevampplus, 更新时间: unknown, 大小: 0.0 KB
[2025-10-18 01:21:19] ❌ JSON语法错误 - https://raw.githubusercontent.com/hafrey1/MoonTV1.1.1/614f381e5312d9821bd5fe058f9eed9426e96d23/config.json - Expecting value: line 151 column 1 (char 5001)
[2025-10-18 01:21:19] ✅ 解析成功 - https://raw.githubusercontent.com/xqrock/openfile/75df10457a00a6e5c9458f20122ebe2c5274c83e/config/vod.json - 作者: xqrock, 更新时间: unknown, 大小: 0.0 KB
[2025-10-18 01:21:19] ✅ 解析成功 - https://raw.githubusercontent.com/869203553/guize/eb8fa7240b289603d833d3d4ae4201f74bcb1bd4/config.json - 作者: 869203553, 更新时间: unknown, 大小: 0.0 KB
[2025-10-18 01:21:20] ✅ 解析成功 - https://raw.githubusercontent.com/viacooky/tv-box-sub/3f7188cb5f0b65903fb0bc5dc94b2128e8e6f021/2.json - 作者: viacooky, 更新时间: unknown, 大小: 0.0 KB
[2025-10-18 01:21:20] ✅ 解析成功 - https://raw.githubusercontent.com/louis779/moontyv/0fe913bafef02036b393feed5683349145c9480a/config.json - 作者: louis779, 更新时间: unknown, 大小: 0.0 KB
[2025-10-18 01:21:20] ✅ 解析成功 - https://raw.githubusercontent.com/wokaotianshi123/jgcj/c22a20ef0a6ff0c70c9ebdf9c1ed3885f3e34c8f/libretv.json - 作者: wokaotianshi123, 更新时间: unknown, 大小: 0.0 KB
[2025-10-18 01:21:20] ✅ 解析成功 - https://raw.githubusercontent.com/gxnas/TvBox/73fe7b54b2ac132896f821f76e6a877079250c81/20250823.json - 作者: gxnas, 更新时间: unknown, 大小: 0.0 KB
[2025-10-18 01:21:20] ✅ 解析成功 - https://raw.githubusercontent.com/hafrey1/LunaTV-config/2a6ce510b4f926b01180e53dff9d314c847a1446/jin18.json - 作者: hafrey1, 更新时间: unknown, 大小: 0.0 KB
[2025-10-18 01:21:21] ✅ 解析成功 - https://raw.githubusercontent.com/yutian81/data-source/97c13655052a73d5f455801eed3d366b97acf3ce/OrionTV/config.json - 作者: yutian81, 更新时间: unknown, 大小: 0.0 KB
[2025-10-18 01:21:21] ✅ 解析成功 - https://raw.githubusercontent.com/lovevampplus/cfdata/48ae504408e44ef0a64d175cca50bc57efde28b7/moontv-config.json - 作者: lovevampplus, 更新时间: unknown, 大小: 0.0 KB
[2025-10-18 01:21:21] ✅ 解析成功 - https://raw.githubusercontent.com/oooopera/moontv_config/698577184662e2b4d49f118a54c315597599b7fb/config%E5%88%9D%E5%A7%8B.json - 作者: oooopera, 更新时间: unknown, 大小: 0.0 KB
[2025-10-18 01:21:21] ✅ 解析成功 - https://raw.githubusercontent.com/oooopera/moontv_config/698577184662e2b4d49f118a54c315597599b7fb/input.json - 作者: oooopera, 更新时间: unknown, 大小: 0.0 KB
[2025-10-18 01:21:21] ✅ 解析成功 - https://raw.githubusercontent.com/hanzhenya/hzyiptv/00923a1043db8e531f730912d565eb8619b5675f/config(%E8%80%81).json - 作者: hanzhenya, 更新时间: unknown, 大小: 0.0 KB
[2025-10-18 01:21:21] ✅ 解析成功 - https://raw.githubusercontent.com/xf959211192/xf-tv/e72c802958a022efc31970bd5286e90c61facd3a/config.json - 作者: xf959211192, 更新时间: unknown, 大小: 0.0 KB
[2025-10-18 01:21:22] ✅ 解析成功 - https://raw.githubusercontent.com/zhangxiaofeng05/zdocker/caef373b696f22e9a010325762c061a0a5a1fddd/data/katelyatv/config.json - 作者: zhangxiaofeng05, 更新时间: unknown, 大小: 0.0 KB
[2025-10-18 01:21:22] ✅ 解析成功 - https://raw.githubusercontent.com/zhumengkang/edgeone-moontv/262ce332a93ba34966adb07761e7bfab8faab7bf/config.json - 作者: zhumengkang, 更新时间: unknown, 大小: 0.0 KB
[2025-10-19 01:42:45] ✅ 解析成功 - https://raw.githubusercontent.com/katelya77/KatelyaTV/fc78bb11c026285d1b66e841b227e6171574956c/config.json - 作者: katelya77, 更新时间: unknown, 大小: 0.0 KB
[2025-10-19 01:42:46] ✅ 解析成功 - https://raw.githubusercontent.com/hafrey1/LunaTV-config/be178458f9d9690a93620ebe00fb091d717a9d6a/jingjian.json - 作者: hafrey1, 更新时间: unknown, 大小: 0.0 KB
[2025-10-19 01:42:46] ✅ 解析成功 - https://raw.githubusercontent.com/SCXSVIP/TV/e7bc32117505d2bda3b31ade3dc96114c6ce623c/MoonTV/MoonTV-xs.json - 作者: SCXSVIP, 更新时间: unknown, 大小: 0.0 KB
[2025-10-19 01:42:46] ✅ 解析成功 - https://raw.githubusercontent.com/hjdhnx/drpy-node/c617eb1bde7df9509ebfc269a274d294f604925c/scripts/mjs/moontv.json - 作者: hjdhnx, 更新时间: unknown, 大小: 0.0 KB
[2025-10-19 01:42:46] ✅ 解析成功 - https://raw.githubusercontent.com/gxnas/TvBox/73fe7b54b2ac132896f821f76e6a877079250c81/20250823.json - 作者: gxnas, 更新时间: unknown, 大小: 0.0 KB
[2025-10-19 01:42:47] ✅ 解析成功 - https://raw.githubusercontent.com/chat263/tvjson/45dbc00aebda1642a95c20be2b5a0bda61a60e78/m.json - 作者: chat263, 更新时间: unknown, 大小: 0.0 KB
[2025-10-19 01:42:47] ✅ 解析成功 - https://raw.githubusercontent.com/lovevampplus/cfdata/48ae504408e44ef0a64d175cca50bc57efde28b7/96.json - 作者: lovevampplus, 更新时间: unknown, 大小: 0.0 KB
[2025-10-19 01:42:47] ✅ 解析成功 - https://raw.githubusercontent.com/katelya77/KatelyaTV/fc78bb11c026285d1b66e841b227e6171574956c/config.example.json - 作者: katelya77, 更新时间: unknown, 大小: 0.0 KB
[2025-10-19 01:42:47] ✅ 解析成功 - https://raw.githubusercontent.com/haogege8888/KatelyaTV/e58837e6b5dcc4d7d112e05e1d9bda3e9b3bf992/config.json - 作者: haogege8888, 更新时间: unknown, 大小: 0.0 KB
[2025-10-19 01:42:48] ✅ 解析成功 - https://raw.githubusercontent.com/Pundsup/Live/f378996d3c6084f2a9358bd59ae25266fd46942d/yszyby.json - 作者: Pundsup, 更新时间: unknown, 大小: 0.0 KB
[2025-10-19 01:42:48] ✅ 解析成功 - https://raw.githubusercontent.com/hanzhenya/hzyiptv/00923a1043db8e531f730912d565eb8619b5675f/config(%E8%80%81).json - 作者: hanzhenya, 更新时间: unknown, 大小: 0.0 KB
[2025-10-19 01:42:48] ✅ 解析成功 - https://raw.githubusercontent.com/viacooky/tv-box-sub/3f7188cb5f0b65903fb0bc5dc94b2128e8e6f021/2.json - 作者: viacooky, 更新时间: unknown, 大小: 0.0 KB
[2025-10-19 01:42:48] ✅ 解析成功 - https://raw.githubusercontent.com/webshellren/XMoonTV/ef052045a4f7a3a10c5907da4d30e3a90984b03b/config.json - 作者: webshellren, 更新时间: unknown, 大小: 0.0 KB
[2025-10-19 01:42:49] ✅ 解析成功 - https://raw.githubusercontent.com/adminlove520/ZySource-Collector/38a25df0e030591ad3c1650921c19fb59f7cd7cd/TV_collector/config_isadult.json - 作者: adminlove520, 更新时间: unknown, 大小: 0.0 KB
[2025-10-19 01:42:49] ✅ 解析成功 - https://raw.githubusercontent.com/wokaotianshi123/wokaotianshi123.github.io/3024e1b3e8f70253db752792d5b5f0707c0ce7a3/moontv/config_2025-09-23.json - 作者: wokaotianshi123, 更新时间: unknown, 大小: 0.0 KB
[2025-10-19 01:42:49] ✅ 解析成功 - https://raw.githubusercontent.com/samqin123/MoonTV/c0bba763d16fb5cd830a808d58329025337491cf/config.json - 作者: samqin123, 更新时间: unknown, 大小: 0.0 KB
[2025-10-19 01:42:49] ✅ 解析成功 - https://raw.githubusercontent.com/lovevampplus/cfdata/48ae504408e44ef0a64d175cca50bc57efde28b7/moontv-config.json - 作者: lovevampplus, 更新时间: unknown, 大小: 0.0 KB
[2025-10-19 01:42:50] ✅ 解析成功 - https://raw.githubusercontent.com/xqrock/openfile/75df10457a00a6e5c9458f20122ebe2c5274c83e/config/vod.json - 作者: xqrock, 更新时间: unknown, 大小: 0.0 KB
[2025-10-19 01:42:50] ✅ 解析成功 - https://raw.githubusercontent.com/sk3879921/tvjson/3e5394dfbc292321326e218e7bc303716f3f5336/q.json - 作者: sk3879921, 更新时间: unknown, 大小: 0.0 KB
[2025-10-19 01:42:50] ✅ 解析成功 - https://raw.githubusercontent.com/yjh800307/yjh800307.github.io/4b825da4ab5059eae4f36ffc59877d0b5a76ea63/moontv.json - 作者: yjh800307, 更新时间: unknown, 大小: 0.0 KB
[2025-10-19 01:42:50] ✅ 解析成功 - https://raw.githubusercontent.com/oooopera/moontv_config/a64e2dbc49cd2b21cea00cab097a47c5be4f97f0/input.json - 作者: oooopera, 更新时间: unknown, 大小: 0.0 KB
[2025-10-19 01:42:51] ✅ 解析成功 - https://raw.githubusercontent.com/Jonney111/jonney_clash/2a8545f0367a753599af049d670f0d37c17b5738/moontv.json - 作者: Jonney111, 更新时间: unknown, 大小: 0.0 KB
[2025-10-19 01:42:51] ✅ 解析成功 - https://raw.githubusercontent.com/PAICNI/Videos_PLUS/b51ff1521a1e77f17ad538ccfd3c100cc42e0663/MoonTV%E8%A7%86%E9%A2%91%E6%BA%90Plus%E7%89%88.json - 作者: PAICNI, 更新时间: unknown, 大小: 0.0 KB
[2025-10-19 01:42:51] ✅ 解析成功 - https://raw.githubusercontent.com/wenxiblog/WenXiTV/858aa80242728dbcb74a4b913eb92ebcaf6da04a/config.json - 作者: wenxiblog, 更新时间: unknown, 大小: 0.0 KB
[2025-10-19 01:42:51] ✅ 解析成功 - https://raw.githubusercontent.com/wokaotianshi123/jgcj/6f827726c4e56e67a3f00317ce9854229857e540/libretv.json - 作者: wokaotianshi123, 更新时间: unknown, 大小: 0.0 KB
[2025-10-19 01:42:52] ✅ 解析成功 - https://raw.githubusercontent.com/talefou/static/636ca6db0e0ed76dc731723c9a43c59d21a6e6d1/tv/config.json - 作者: talefou, 更新时间: unknown, 大小: 0.0 KB
[2025-10-19 01:42:52] ✅ 解析成功 - https://raw.githubusercontent.com/oooopera/moontv_config/a64e2dbc49cd2b21cea00cab097a47c5be4f97f0/config%E5%88%9D%E5%A7%8B.json - 作者: oooopera, 更新时间: unknown, 大小: 0.0 KB
[2025-10-19 01:42:52] ✅ 解析成功 - https://raw.githubusercontent.com/zhangxiaofeng05/zdocker/caef373b696f22e9a010325762c061a0a5a1fddd/data/katelyatv/config.json - 作者: zhangxiaofeng05, 更新时间: unknown, 大小: 0.0 KB
[2025-10-19 01:42:52] ✅ 解析成功 - https://raw.githubusercontent.com/Stardm0/MoonTV/3e33d201e73d3f015149ba76cb7278dbffda1513/config.json - 作者: Stardm0, 更新时间: unknown, 大小: 0.0 KB
[2025-10-19 01:42:53] ✅ 解析成功 - https://raw.githubusercontent.com/jeffliub/MoonTV2/0a23fd92f0523ba828a445dfbe41f563eec65d66/config.json - 作者: jeffliub, 更新时间: unknown, 大小: 0.0 KB
[2025-10-20 01:40:16] ✅ 解析成功 - https://raw.githubusercontent.com/katelya77/KatelyaTV/fc78bb11c026285d1b66e841b227e6171574956c/config.json - 作者: katelya77, 更新时间: unknown, 大小: 0.0 KB
[2025-10-20 01:40:16] ✅ 解析成功 - https://raw.githubusercontent.com/hafrey1/LunaTV-config/e40c42d9f2206b62282001b7bdbd63419ca608a2/jingjian.json - 作者: hafrey1, 更新时间: unknown, 大小: 0.0 KB
[2025-10-20 01:40:16] ✅ 解析成功 - https://raw.githubusercontent.com/SCXSVIP/TV/e7bc32117505d2bda3b31ade3dc96114c6ce623c/MoonTV/MoonTV-xs.json - 作者: SCXSVIP, 更新时间: unknown, 大小: 0.0 KB
[2025-10-20 01:40:17] ✅ 解析成功 - https://raw.githubusercontent.com/hjdhnx/drpy-node/c617eb1bde7df9509ebfc269a274d294f604925c/scripts/mjs/moontv.json - 作者: hjdhnx, 更新时间: unknown, 大小: 0.0 KB
[2025-10-20 01:40:17] ✅ 解析成功 - https://raw.githubusercontent.com/gxnas/TvBox/73fe7b54b2ac132896f821f76e6a877079250c81/20250823.json - 作者: gxnas, 更新时间: unknown, 大小: 0.0 KB
[2025-10-20 01:40:17] ✅ 解析成功 - https://raw.githubusercontent.com/chat263/tvjson/45dbc00aebda1642a95c20be2b5a0bda61a60e78/m.json - 作者: chat263, 更新时间: unknown, 大小: 0.0 KB
[2025-10-20 01:40:17] ✅ 解析成功 - https://raw.githubusercontent.com/lovevampplus/cfdata/48ae504408e44ef0a64d175cca50bc57efde28b7/96.json - 作者: lovevampplus, 更新时间: unknown, 大小: 0.0 KB
[2025-10-20 01:40:17] ✅ 解析成功 - https://raw.githubusercontent.com/katelya77/KatelyaTV/fc78bb11c026285d1b66e841b227e6171574956c/config.example.json - 作者: katelya77, 更新时间: unknown, 大小: 0.0 KB
[2025-10-20 01:40:17] ✅ 解析成功 - https://raw.githubusercontent.com/haogege8888/KatelyaTV/e58837e6b5dcc4d7d112e05e1d9bda3e9b3bf992/config.json - 作者: haogege8888, 更新时间: unknown, 大小: 0.0 KB
[2025-10-20 01:40:18] ✅ 解析成功 - https://raw.githubusercontent.com/Pundsup/Live/f378996d3c6084f2a9358bd59ae25266fd46942d/yszyby.json - 作者: Pundsup, 更新时间: unknown, 大小: 0.0 KB
[2025-10-20 01:40:18] ✅ 解析成功 - https://raw.githubusercontent.com/hanzhenya/hzyiptv/00923a1043db8e531f730912d565eb8619b5675f/config(%E8%80%81).json - 作者: hanzhenya, 更新时间: unknown, 大小: 0.0 KB
[2025-10-20 01:40:18] ✅ 解析成功 - https://raw.githubusercontent.com/viacooky/tv-box-sub/3f7188cb5f0b65903fb0bc5dc94b2128e8e6f021/2.json - 作者: viacooky, 更新时间: unknown, 大小: 0.0 KB
[2025-10-20 01:40:18] ✅ 解析成功 - https://raw.githubusercontent.com/webshellren/XMoonTV/ef052045a4f7a3a10c5907da4d30e3a90984b03b/config.json - 作者: webshellren, 更新时间: unknown, 大小: 0.0 KB
[2025-10-20 01:40:18] ✅ 解析成功 - https://raw.githubusercontent.com/adminlove520/ZySource-Collector/38a25df0e030591ad3c1650921c19fb59f7cd7cd/TV_collector/config_isadult.json - 作者: adminlove520, 更新时间: unknown, 大小: 0.0 KB
[2025-10-20 01:40:19] ✅ 解析成功 - https://raw.githubusercontent.com/wokaotianshi123/wokaotianshi123.github.io/3024e1b3e8f70253db752792d5b5f0707c0ce7a3/moontv/config_2025-09-23.json - 作者: wokaotianshi123, 更新时间: unknown, 大小: 0.0 KB
[2025-10-20 01:40:19] ✅ 解析成功 - https://raw.githubusercontent.com/samqin123/MoonTV/c0bba763d16fb5cd830a808d58329025337491cf/config.json - 作者: samqin123, 更新时间: unknown, 大小: 0.0 KB
[2025-10-20 01:40:19] ✅ 解析成功 - https://raw.githubusercontent.com/lovevampplus/cfdata/48ae504408e44ef0a64d175cca50bc57efde28b7/moontv-config.json - 作者: lovevampplus, 更新时间: unknown, 大小: 0.0 KB
[2025-10-20 01:40:19] ✅ 解析成功 - https://raw.githubusercontent.com/xqrock/openfile/75df10457a00a6e5c9458f20122ebe2c5274c83e/config/vod.json - 作者: xqrock, 更新时间: unknown, 大小: 0.0 KB
[2025-10-20 01:40:19] ✅ 解析成功 - https://raw.githubusercontent.com/sk3879921/tvjson/3e5394dfbc292321326e218e7bc303716f3f5336/q.json - 作者: sk3879921, 更新时间: unknown, 大小: 0.0 KB
[2025-10-20 01:40:20] ✅ 解析成功 - https://raw.githubusercontent.com/yjh800307/yjh800307.github.io/4b825da4ab5059eae4f36ffc59877d0b5a76ea63/moontv.json - 作者: yjh800307, 更新时间: unknown, 大小: 0.0 KB
[2025-10-20 01:40:20] ✅ 解析成功 - https://raw.githubusercontent.com/oooopera/moontv_config/9fa813084cc8d22b9455f943c67190fa4d874bc5/input.json - 作者: oooopera, 更新时间: unknown, 大小: 0.0 KB
[2025-10-20 01:40:20] ✅ 解析成功 - https://raw.githubusercontent.com/Jonney111/jonney_clash/2a8545f0367a753599af049d670f0d37c17b5738/moontv.json - 作者: Jonney111, 更新时间: unknown, 大小: 0.0 KB
[2025-10-20 01:40:20] ✅ 解析成功 - https://raw.githubusercontent.com/PAICNI/Videos_PLUS/b51ff1521a1e77f17ad538ccfd3c100cc42e0663/MoonTV%E8%A7%86%E9%A2%91%E6%BA%90Plus%E7%89%88.json - 作者: PAICNI, 更新时间: unknown, 大小: 0.0 KB
[2025-10-20 01:40:20] ✅ 解析成功 - https://raw.githubusercontent.com/xf959211192/xf-tv/e72c802958a022efc31970bd5286e90c61facd3a/config.json - 作者: xf959211192, 更新时间: unknown, 大小: 0.0 KB
[2025-10-20 01:40:20] ✅ 解析成功 - https://raw.githubusercontent.com/wokaotianshi123/jgcj/6f827726c4e56e67a3f00317ce9854229857e540/libretv.json - 作者: wokaotianshi123, 更新时间: unknown, 大小: 0.0 KB
[2025-10-20 01:40:21] ✅ 解析成功 - https://raw.githubusercontent.com/talefou/static/636ca6db0e0ed76dc731723c9a43c59d21a6e6d1/tv/config.json - 作者: talefou, 更新时间: unknown, 大小: 0.0 KB
[2025-10-20 01:40:21] ✅ 解析成功 - https://raw.githubusercontent.com/oooopera/moontv_config/9fa813084cc8d22b9455f943c67190fa4d874bc5/config%E5%88%9D%E5%A7%8B.json - 作者: oooopera, 更新时间: unknown, 大小: 0.0 KB
[2025-10-20 01:40:21] ✅ 解析成功 - https://raw.githubusercontent.com/zhangxiaofeng05/zdocker/caef373b696f22e9a010325762c061a0a5a1fddd/data/katelyatv/config.json - 作者: zhangxiaofeng05, 更新时间: unknown, 大小: 0.0 KB
[2025-10-20 01:40:21] ✅ 解析成功 - https://raw.githubusercontent.com/Stardm0/MoonTV/98c688d463d3487a67cd2b448114510da5b6a984/config.json - 作者: Stardm0, 更新时间: unknown, 大小: 0.0 KB
[2025-10-20 01:40:21] ✅ 解析成功 - https://raw.githubusercontent.com/jeffliub/MoonTV2/0a23fd92f0523ba828a445dfbe41f563eec65d66/config.json - 作者: jeffliub, 更新时间: unknown, 大小: 0.0 KB
[2025-10-21 01:27:26] ✅ 解析成功 - https://raw.githubusercontent.com/katelya77/KatelyaTV/fc78bb11c026285d1b66e841b227e6171574956c/config.json - 作者: katelya77, 更新时间: unknown, 大小: 0.0 KB
[2025-10-21 01:27:26] ✅ 解析成功 - https://raw.githubusercontent.com/hafrey1/LunaTV-config/75ee24026d0e0edadb11863bb8b9d501d9ffaf39/jingjian.json - 作者: hafrey1, 更新时间: unknown, 大小: 0.0 KB
[2025-10-21 01:27:26] ✅ 解析成功 - https://raw.githubusercontent.com/SCXSVIP/TV/e7bc32117505d2bda3b31ade3dc96114c6ce623c/MoonTV/MoonTV-xs.json - 作者: SCXSVIP, 更新时间: unknown, 大小: 0.0 KB
[2025-10-21 01:27:26] ✅ 解析成功 - https://raw.githubusercontent.com/hjdhnx/drpy-node/0bf8c0cf53da0134c4a2f20e5e8295353760e39d/scripts/mjs/moontv.json - 作者: hjdhnx, 更新时间: unknown, 大小: 0.0 KB
[2025-10-21 01:27:26] ✅ 解析成功 - https://raw.githubusercontent.com/Stardm0/MoonTV/8d3861899acafad0a948b1669e03f831b896d0e3/config.json - 作者: Stardm0, 更新时间: unknown, 大小: 0.0 KB
[2025-10-21 01:27:27] ✅ 解析成功 - https://raw.githubusercontent.com/chat263/tvjson/45dbc00aebda1642a95c20be2b5a0bda61a60e78/m.json - 作者: chat263, 更新时间: unknown, 大小: 0.0 KB
[2025-10-21 01:27:27] ✅ 解析成功 - https://raw.githubusercontent.com/wokaotianshi123/wokaotianshi123.github.io/3024e1b3e8f70253db752792d5b5f0707c0ce7a3/moontv/config_2025-09-23.json - 作者: wokaotianshi123, 更新时间: unknown, 大小: 0.0 KB
[2025-10-21 01:27:27] ✅ 解析成功 - https://raw.githubusercontent.com/Pundsup/Live/e8bef32f69f38fb0f732ad446f4b9e760b8a1dda/yszyby.json - 作者: Pundsup, 更新时间: unknown, 大小: 0.0 KB
[2025-10-21 01:27:27] ✅ 解析成功 - https://raw.githubusercontent.com/lovevampplus/cfdata/48ae504408e44ef0a64d175cca50bc57efde28b7/moontv-config.json - 作者: lovevampplus, 更新时间: unknown, 大小: 0.0 KB
[2025-10-21 01:27:27] ✅ 解析成功 - https://raw.githubusercontent.com/lyqnihao/m3u8/94416cf610bdd63b08326ba8721b5e7d77d5957e/MoonTV/config.json - 作者: lyqnihao, 更新时间: unknown, 大小: 0.0 KB
[2025-10-21 01:27:28] ✅ 解析成功 - https://raw.githubusercontent.com/oooopera/moontv_config/5b829cc495b32751408fc6cbeb9dc035598fbbbb/config%E5%88%9D%E5%A7%8B.json - 作者: oooopera, 更新时间: unknown, 大小: 0.0 KB
[2025-10-21 01:27:28] ✅ 解析成功 - https://raw.githubusercontent.com/xqrock/openfile/75df10457a00a6e5c9458f20122ebe2c5274c83e/config/vod.json - 作者: xqrock, 更新时间: unknown, 大小: 0.0 KB
[2025-10-21 01:27:28] ✅ 解析成功 - https://raw.githubusercontent.com/Jonney111/jonney_clash/2a8545f0367a753599af049d670f0d37c17b5738/moontv.json - 作者: Jonney111, 更新时间: unknown, 大小: 0.0 KB
[2025-10-21 01:27:28] ✅ 解析成功 - https://raw.githubusercontent.com/samqin123/MoonTV/c0bba763d16fb5cd830a808d58329025337491cf/config.json - 作者: samqin123, 更新时间: unknown, 大小: 0.0 KB
[2025-10-21 01:27:28] ✅ 解析成功 - https://raw.githubusercontent.com/katelya77/KatelyaTV/fc78bb11c026285d1b66e841b227e6171574956c/config.example.json - 作者: katelya77, 更新时间: unknown, 大小: 0.0 KB
[2025-10-21 01:27:29] ✅ 解析成功 - https://raw.githubusercontent.com/yjh800307/yjh800307.github.io/4b825da4ab5059eae4f36ffc59877d0b5a76ea63/moontv.json - 作者: yjh800307, 更新时间: unknown, 大小: 0.0 KB
[2025-10-21 01:27:29] ✅ 解析成功 - https://raw.githubusercontent.com/sk3879921/tvjson/3e5394dfbc292321326e218e7bc303716f3f5336/q.json - 作者: sk3879921, 更新时间: unknown, 大小: 0.0 KB
[2025-10-21 01:27:29] ✅ 解析成功 - https://raw.githubusercontent.com/hafrey1/LunaTV-config/75ee24026d0e0edadb11863bb8b9d501d9ffaf39/LunaTV-config.json - 作者: hafrey1, 更新时间: unknown, 大小: 0.0 KB
[2025-10-21 01:27:29] ✅ 解析成功 - https://raw.githubusercontent.com/gxnas/TvBox/73fe7b54b2ac132896f821f76e6a877079250c81/20250823.json - 作者: gxnas, 更新时间: unknown, 大小: 0.0 KB
[2025-10-21 01:27:29] ✅ 解析成功 - https://raw.githubusercontent.com/hy5528/tvbox/ac0b7531420c5353c5ffed0013358c24b0c544d8/js/config.json - 作者: hy5528, 更新时间: unknown, 大小: 0.0 KB
[2025-10-21 01:27:29] ✅ 解析成功 - https://raw.githubusercontent.com/adminlove520/ZySource-Collector/38a25df0e030591ad3c1650921c19fb59f7cd7cd/TV_collector/config_isadult.json - 作者: adminlove520, 更新时间: unknown, 大小: 0.0 KB
[2025-10-21 01:27:30] ✅ 解析成功 - https://raw.githubusercontent.com/viacooky/tv-box-sub/3f7188cb5f0b65903fb0bc5dc94b2128e8e6f021/2.json - 作者: viacooky, 更新时间: unknown, 大小: 0.0 KB
[2025-10-21 01:27:30] ✅ 解析成功 - https://raw.githubusercontent.com/zhangxiaofeng05/zdocker/caef373b696f22e9a010325762c061a0a5a1fddd/data/katelyatv/config.json - 作者: zhangxiaofeng05, 更新时间: unknown, 大小: 0.0 KB
[2025-10-21 01:27:30] ✅ 解析成功 - https://raw.githubusercontent.com/Pundsup/Live/e8bef32f69f38fb0f732ad446f4b9e760b8a1dda/yszy.json - 作者: Pundsup, 更新时间: unknown, 大小: 0.0 KB
[2025-10-21 01:27:30] ✅ 解析成功 - https://raw.githubusercontent.com/PAICNI/Videos_PLUS/b51ff1521a1e77f17ad538ccfd3c100cc42e0663/MoonTV%E8%A7%86%E9%A2%91%E6%BA%90Plus%E7%89%88.json - 作者: PAICNI, 更新时间: unknown, 大小: 0.0 KB
[2025-10-21 01:27:30] ✅ 解析成功 - https://raw.githubusercontent.com/hafrey1/LunaTV-config/75ee24026d0e0edadb11863bb8b9d501d9ffaf39/jin18.json - 作者: hafrey1, 更新时间: unknown, 大小: 0.0 KB
[2025-10-21 01:27:30] ✅ 解析成功 - https://raw.githubusercontent.com/yutian81/data-source/97c13655052a73d5f455801eed3d366b97acf3ce/OrionTV/config.json - 作者: yutian81, 更新时间: unknown, 大小: 0.0 KB
[2025-10-21 01:27:31] ✅ 解析成功 - https://raw.githubusercontent.com/haogege8888/KatelyaTV/e58837e6b5dcc4d7d112e05e1d9bda3e9b3bf992/config.json - 作者: haogege8888, 更新时间: unknown, 大小: 0.0 KB
[2025-10-21 01:27:31] ✅ 解析成功 - https://raw.githubusercontent.com/webshellren/XMoonTV/ef052045a4f7a3a10c5907da4d30e3a90984b03b/config.json - 作者: webshellren, 更新时间: unknown, 大小: 0.0 KB
[2025-10-21 01:27:31] ✅ 解析成功 - https://raw.githubusercontent.com/xuyuani/moontv/ea3d1065e8bbdfde379700bf74eb634e88915ab2/config.json - 作者: xuyuani, 更新时间: unknown, 大小: 0.0 KB
[2025-10-22 01:37:56] ✅ 解析成功 - https://raw.githubusercontent.com/katelya77/KatelyaTV/fc78bb11c026285d1b66e841b227e6171574956c/config.json - 作者: katelya77, 更新时间: unknown, 大小: 0.0 KB
[2025-10-22 01:37:56] ✅ 解析成功 - https://raw.githubusercontent.com/hafrey1/LunaTV-config/d2ad51e3f53dd6340167d2c9383e1d6c89b54dcc/jingjian.json - 作者: hafrey1, 更新时间: unknown, 大小: 0.0 KB
[2025-10-22 01:37:57] ✅ 解析成功 - https://raw.githubusercontent.com/SCXSVIP/TV/e7bc32117505d2bda3b31ade3dc96114c6ce623c/MoonTV/MoonTV-xs.json - 作者: SCXSVIP, 更新时间: unknown, 大小: 0.0 KB
[2025-10-22 01:37:57] ✅ 解析成功 - https://raw.githubusercontent.com/hjdhnx/drpy-node/0bf8c0cf53da0134c4a2f20e5e8295353760e39d/scripts/mjs/moontv.json - 作者: hjdhnx, 更新时间: unknown, 大小: 0.0 KB
[2025-10-22 01:37:57] ✅ 解析成功 - https://raw.githubusercontent.com/Stardm0/MoonTV/8ae5af9c14b13ccef8483a6ee71a6bc10c576d7e/config.json - 作者: Stardm0, 更新时间: unknown, 大小: 0.0 KB
[2025-10-22 01:37:57] ✅ 解析成功 - https://raw.githubusercontent.com/chat263/tvjson/45dbc00aebda1642a95c20be2b5a0bda61a60e78/m.json - 作者: chat263, 更新时间: unknown, 大小: 0.0 KB
[2025-10-22 01:37:57] ✅ 解析成功 - https://raw.githubusercontent.com/wokaotianshi123/wokaotianshi123.github.io/3024e1b3e8f70253db752792d5b5f0707c0ce7a3/moontv/config_2025-09-23.json - 作者: wokaotianshi123, 更新时间: unknown, 大小: 0.0 KB
[2025-10-22 01:37:57] ✅ 解析成功 - https://raw.githubusercontent.com/Pundsup/Live/e8bef32f69f38fb0f732ad446f4b9e760b8a1dda/yszyby.json - 作者: Pundsup, 更新时间: unknown, 大小: 0.0 KB
[2025-10-22 01:37:58] ✅ 解析成功 - https://raw.githubusercontent.com/lovevampplus/cfdata/48ae504408e44ef0a64d175cca50bc57efde28b7/moontv-config.json - 作者: lovevampplus, 更新时间: unknown, 大小: 0.0 KB
[2025-10-22 01:37:58] ✅ 解析成功 - https://raw.githubusercontent.com/lyqnihao/m3u8/94416cf610bdd63b08326ba8721b5e7d77d5957e/MoonTV/config.json - 作者: lyqnihao, 更新时间: unknown, 大小: 0.0 KB
[2025-10-22 01:37:58] ✅ 解析成功 - https://raw.githubusercontent.com/oooopera/moontv_config/eb782711dbe64e06562dc9f13729ac0bc0da4271/config%E5%88%9D%E5%A7%8B.json - 作者: oooopera, 更新时间: unknown, 大小: 0.0 KB
[2025-10-22 01:37:58] ✅ 解析成功 - https://raw.githubusercontent.com/xqrock/openfile/75df10457a00a6e5c9458f20122ebe2c5274c83e/config/vod.json - 作者: xqrock, 更新时间: unknown, 大小: 0.0 KB
[2025-10-22 01:37:58] ✅ 解析成功 - https://raw.githubusercontent.com/Jonney111/jonney_clash/2a8545f0367a753599af049d670f0d37c17b5738/moontv.json - 作者: Jonney111, 更新时间: unknown, 大小: 0.0 KB
[2025-10-22 01:37:59] ✅ 解析成功 - https://raw.githubusercontent.com/samqin123/MoonTV/c0bba763d16fb5cd830a808d58329025337491cf/config.json - 作者: samqin123, 更新时间: unknown, 大小: 0.0 KB
[2025-10-22 01:37:59] ✅ 解析成功 - https://raw.githubusercontent.com/katelya77/KatelyaTV/fc78bb11c026285d1b66e841b227e6171574956c/config.example.json - 作者: katelya77, 更新时间: unknown, 大小: 0.0 KB
[2025-10-22 01:37:59] ✅ 解析成功 - https://raw.githubusercontent.com/yjh800307/yjh800307.github.io/4b825da4ab5059eae4f36ffc59877d0b5a76ea63/moontv.json - 作者: yjh800307, 更新时间: unknown, 大小: 0.0 KB
[2025-10-22 01:37:59] ✅ 解析成功 - https://raw.githubusercontent.com/sk3879921/tvjson/3e5394dfbc292321326e218e7bc303716f3f5336/q.json - 作者: sk3879921, 更新时间: unknown, 大小: 0.0 KB
[2025-10-22 01:37:59] ✅ 解析成功 - https://raw.githubusercontent.com/hafrey1/LunaTV-config/d2ad51e3f53dd6340167d2c9383e1d6c89b54dcc/LunaTV-config.json - 作者: hafrey1, 更新时间: unknown, 大小: 0.0 KB
[2025-10-22 01:38:00] ✅ 解析成功 - https://raw.githubusercontent.com/gxnas/TvBox/73fe7b54b2ac132896f821f76e6a877079250c81/20250823.json - 作者: gxnas, 更新时间: unknown, 大小: 0.0 KB
[2025-10-22 01:38:00] ✅ 解析成功 - https://raw.githubusercontent.com/hy5528/tvbox/bf702148518339c015743eac19d5ba8ec72886d6/js/config.json - 作者: hy5528, 更新时间: unknown, 大小: 0.0 KB
[2025-10-22 01:38:00] ✅ 解析成功 - https://raw.githubusercontent.com/adminlove520/ZySource-Collector/38a25df0e030591ad3c1650921c19fb59f7cd7cd/TV_collector/config_isadult.json - 作者: adminlove520, 更新时间: unknown, 大小: 0.0 KB
[2025-10-22 01:38:00] ✅ 解析成功 - https://raw.githubusercontent.com/viacooky/tv-box-sub/3f7188cb5f0b65903fb0bc5dc94b2128e8e6f021/2.json - 作者: viacooky, 更新时间: unknown, 大小: 0.0 KB
[2025-10-22 01:38:00] ✅ 解析成功 - https://raw.githubusercontent.com/zhangxiaofeng05/zdocker/caef373b696f22e9a010325762c061a0a5a1fddd/data/katelyatv/config.json - 作者: zhangxiaofeng05, 更新时间: unknown, 大小: 0.0 KB
[2025-10-22 01:38:01] ✅ 解析成功 - https://raw.githubusercontent.com/Pundsup/Live/e8bef32f69f38fb0f732ad446f4b9e760b8a1dda/yszy.json - 作者: Pundsup, 更新时间: unknown, 大小: 0.0 KB
[2025-10-22 01:38:01] ✅ 解析成功 - https://raw.githubusercontent.com/PAICNI/Videos_PLUS/b51ff1521a1e77f17ad538ccfd3c100cc42e0663/MoonTV%E8%A7%86%E9%A2%91%E6%BA%90Plus%E7%89%88.json - 作者: PAICNI, 更新时间: unknown, 大小: 0.0 KB
[2025-10-22 01:38:01] ✅ 解析成功 - https://raw.githubusercontent.com/hafrey1/LunaTV-config/d2ad51e3f53dd6340167d2c9383e1d6c89b54dcc/jin18.json - 作者: hafrey1, 更新时间: unknown, 大小: 0.0 KB
[2025-10-22 01:38:01] ✅ 解析成功 - https://raw.githubusercontent.com/yutian81/data-source/97c13655052a73d5f455801eed3d366b97acf3ce/OrionTV/config.json - 作者: yutian81, 更新时间: unknown, 大小: 0.0 KB
[2025-10-22 01:38:01] ✅ 解析成功 - https://raw.githubusercontent.com/haogege8888/KatelyaTV/e58837e6b5dcc4d7d112e05e1d9bda3e9b3bf992/config.json - 作者: haogege8888, 更新时间: unknown, 大小: 0.0 KB
[2025-10-22 01:38:02] ✅ 解析成功 - https://raw.githubusercontent.com/webshellren/XMoonTV/ef052045a4f7a3a10c5907da4d30e3a90984b03b/config.json - 作者: webshellren, 更新时间: unknown, 大小: 0.0 KB
[2025-10-22 01:38:02] ✅ 解析成功 - https://raw.githubusercontent.com/xuyuani/moontv/ea3d1065e8bbdfde379700bf74eb634e88915ab2/config.json - 作者: xuyuani, 更新时间: unknown, 大小: 0.0 KB
[2025-10-23 01:26:49] ✅ 解析成功 - https://raw.githubusercontent.com/katelya77/KatelyaTV/fc78bb11c026285d1b66e841b227e6171574956c/config.json - 作者: katelya77, 更新时间: unknown, 大小: 0.0 KB
[2025-10-23 01:26:49] ✅ 解析成功 - https://raw.githubusercontent.com/hafrey1/LunaTV-config/9eaced784efbe6d5525689e6039007c6d21e20f3/jingjian.json - 作者: hafrey1, 更新时间: unknown, 大小: 0.0 KB
[2025-10-23 01:26:49] ✅ 解析成功 - https://raw.githubusercontent.com/SCXSVIP/TV/e7bc32117505d2bda3b31ade3dc96114c6ce623c/MoonTV/MoonTV-xs.json - 作者: SCXSVIP, 更新时间: unknown, 大小: 0.0 KB
[2025-10-23 01:26:49] ✅ 解析成功 - https://raw.githubusercontent.com/hjdhnx/drpy-node/0bf8c0cf53da0134c4a2f20e5e8295353760e39d/scripts/mjs/moontv.json - 作者: hjdhnx, 更新时间: unknown, 大小: 0.0 KB
[2025-10-23 01:26:49] ✅ 解析成功 - https://raw.githubusercontent.com/Stardm0/MoonTV/8ae5af9c14b13ccef8483a6ee71a6bc10c576d7e/config.json - 作者: Stardm0, 更新时间: unknown, 大小: 0.0 KB
[2025-10-23 01:26:50] ✅ 解析成功 - https://raw.githubusercontent.com/chat263/tvjson/45dbc00aebda1642a95c20be2b5a0bda61a60e78/m.json - 作者: chat263, 更新时间: unknown, 大小: 0.0 KB
[2025-10-23 01:26:50] ✅ 解析成功 - https://raw.githubusercontent.com/lovevampplus/cfdata/48ae504408e44ef0a64d175cca50bc57efde28b7/96.json - 作者: lovevampplus, 更新时间: unknown, 大小: 0.0 KB
[2025-10-23 01:26:50] ✅ 解析成功 - https://raw.githubusercontent.com/mhq1389/lsegou/8d4473e249f48db6f206a4d74397ffe95c18bfd0/config.json - 作者: mhq1389, 更新时间: unknown, 大小: 0.0 KB
[2025-10-23 01:26:50] ✅ 解析成功 - https://raw.githubusercontent.com/Pundsup/Live/e8bef32f69f38fb0f732ad446f4b9e760b8a1dda/yszyby.json - 作者: Pundsup, 更新时间: unknown, 大小: 0.0 KB
[2025-10-23 01:26:50] ✅ 解析成功 - https://raw.githubusercontent.com/adminlove520/ZySource-Collector/38a25df0e030591ad3c1650921c19fb59f7cd7cd/TV_collector/config_isadult.json - 作者: adminlove520, 更新时间: unknown, 大小: 0.0 KB
[2025-10-23 01:26:51] ✅ 解析成功 - https://raw.githubusercontent.com/samqin123/MoonTV/c0bba763d16fb5cd830a808d58329025337491cf/config.json - 作者: samqin123, 更新时间: unknown, 大小: 0.0 KB
[2025-10-23 01:26:51] ✅ 解析成功 - https://raw.githubusercontent.com/yutian81/data-source/97c13655052a73d5f455801eed3d366b97acf3ce/OrionTV/config.json - 作者: yutian81, 更新时间: unknown, 大小: 0.0 KB
[2025-10-23 01:26:51] ✅ 解析成功 - https://raw.githubusercontent.com/viacooky/tv-box-sub/3f7188cb5f0b65903fb0bc5dc94b2128e8e6f021/1.json - 作者: viacooky, 更新时间: unknown, 大小: 0.0 KB
[2025-10-23 01:26:51] ✅ 解析成功 - https://raw.githubusercontent.com/yenkj/epg/885a672180fa2176b0ea4fd0cc84917f5608b22f/config0.json - 作者: yenkj, 更新时间: unknown, 大小: 0.0 KB
[2025-10-23 01:26:51] ✅ 解析成功 - https://raw.githubusercontent.com/hafrey1/LunaTV-config/9eaced784efbe6d5525689e6039007c6d21e20f3/jin18.json - 作者: hafrey1, 更新时间: unknown, 大小: 0.0 KB
[2025-10-23 01:26:51] ✅ 解析成功 - https://raw.githubusercontent.com/katelya77/KatelyaTV/fc78bb11c026285d1b66e841b227e6171574956c/config.example.json - 作者: katelya77, 更新时间: unknown, 大小: 0.0 KB
[2025-10-23 01:26:52] ✅ 解析成功 - https://raw.githubusercontent.com/jeffliub/MoonTV2/0a23fd92f0523ba828a445dfbe41f563eec65d66/config.json - 作者: jeffliub, 更新时间: unknown, 大小: 0.0 KB
[2025-10-23 01:26:52] ✅ 解析成功 - https://raw.githubusercontent.com/xqrock/openfile/75df10457a00a6e5c9458f20122ebe2c5274c83e/config/vod.json - 作者: xqrock, 更新时间: unknown, 大小: 0.0 KB
[2025-10-23 01:26:52] ✅ 解析成功 - https://raw.githubusercontent.com/wokaotianshi123/wokaotianshi123.github.io/3024e1b3e8f70253db752792d5b5f0707c0ce7a3/moontv/config_2025-09-23.json - 作者: wokaotianshi123, 更新时间: unknown, 大小: 0.0 KB
[2025-10-23 01:26:52] ✅ 解析成功 - https://raw.githubusercontent.com/lyqnihao/m3u8/719c30115e56a42e21ac6d50191d3e3ada5d2330/MoonTV/config.json - 作者: lyqnihao, 更新时间: unknown, 大小: 0.0 KB
[2025-10-23 01:26:52] ✅ 解析成功 - https://raw.githubusercontent.com/hanzhenya/hzyiptv/00923a1043db8e531f730912d565eb8619b5675f/config(%E8%80%81).json - 作者: hanzhenya, 更新时间: unknown, 大小: 0.0 KB
[2025-10-23 01:26:53] ✅ 解析成功 - https://raw.githubusercontent.com/wokaotianshi123/jgcj/0a53d202006c24db79a31ddd5f975c0c7ceed70d/libretv.json - 作者: wokaotianshi123, 更新时间: unknown, 大小: 0.0 KB
[2025-10-23 01:26:53] ✅ 解析成功 - https://raw.githubusercontent.com/oooopera/moontv_config/9cd7e682f299586f9db402642a4a79b5a76c1aa5/input.json - 作者: oooopera, 更新时间: unknown, 大小: 0.0 KB
[2025-10-23 01:26:53] ✅ 解析成功 - https://raw.githubusercontent.com/PAICNI/Videos_PLUS/b51ff1521a1e77f17ad538ccfd3c100cc42e0663/MoonTV%E8%A7%86%E9%A2%91%E6%BA%90Plus%E7%89%88.json - 作者: PAICNI, 更新时间: unknown, 大小: 0.0 KB
[2025-10-23 01:26:53] ✅ 解析成功 - https://raw.githubusercontent.com/Pundsup/Live/e8bef32f69f38fb0f732ad446f4b9e760b8a1dda/yszy.json - 作者: Pundsup, 更新时间: unknown, 大小: 0.0 KB
[2025-10-23 01:26:53] ✅ 解析成功 - https://raw.githubusercontent.com/Jonney111/jonney_clash/2a8545f0367a753599af049d670f0d37c17b5738/moontv.json - 作者: Jonney111, 更新时间: unknown, 大小: 0.0 KB
[2025-10-23 01:26:54] ✅ 解析成功 - https://raw.githubusercontent.com/xf959211192/xf-tv/e72c802958a022efc31970bd5286e90c61facd3a/config.json - 作者: xf959211192, 更新时间: unknown, 大小: 0.0 KB
[2025-10-23 01:26:54] ✅ 解析成功 - https://raw.githubusercontent.com/oooopera/moontv_config/9cd7e682f299586f9db402642a4a79b5a76c1aa5/config%E5%88%9D%E5%A7%8B.json - 作者: oooopera, 更新时间: unknown, 大小: 0.0 KB
[2025-10-23 01:26:54] ✅ 解析成功 - https://raw.githubusercontent.com/lovevampplus/cfdata/48ae504408e44ef0a64d175cca50bc57efde28b7/moontv-config.json - 作者: lovevampplus, 更新时间: unknown, 大小: 0.0 KB
[2025-10-23 01:26:54] ✅ 解析成功 - https://raw.githubusercontent.com/gxnas/TvBox/73fe7b54b2ac132896f821f76e6a877079250c81/20250823.json - 作者: gxnas, 更新时间: unknown, 大小: 0.0 KB
[2025-10-24 01:23:03] ✅ 解析成功 - https://raw.githubusercontent.com/katelya77/KatelyaTV/fc78bb11c026285d1b66e841b227e6171574956c/config.json - 作者: katelya77, 更新时间: unknown, 大小: 0.0 KB
[2025-10-24 01:23:03] ✅ 解析成功 - https://raw.githubusercontent.com/hafrey1/LunaTV-config/253bc2fdf1bff0608bbc818510074ae2b09a852e/jingjian.json - 作者: hafrey1, 更新时间: unknown, 大小: 0.0 KB
[2025-10-24 01:23:04] ✅ 解析成功 - https://raw.githubusercontent.com/SCXSVIP/TV/e7bc32117505d2bda3b31ade3dc96114c6ce623c/MoonTV/MoonTV-xs.json - 作者: SCXSVIP, 更新时间: unknown, 大小: 0.0 KB
[2025-10-24 01:23:04] ✅ 解析成功 - https://raw.githubusercontent.com/hjdhnx/drpy-node/0bf8c0cf53da0134c4a2f20e5e8295353760e39d/scripts/mjs/moontv.json - 作者: hjdhnx, 更新时间: unknown, 大小: 0.0 KB
[2025-10-24 01:23:04] ✅ 解析成功 - https://raw.githubusercontent.com/Stardm0/MoonTV/8ae5af9c14b13ccef8483a6ee71a6bc10c576d7e/config.json - 作者: Stardm0, 更新时间: unknown, 大小: 0.0 KB
[2025-10-24 01:23:04] ✅ 解析成功 - https://raw.githubusercontent.com/chat263/tvjson/45dbc00aebda1642a95c20be2b5a0bda61a60e78/m.json - 作者: chat263, 更新时间: unknown, 大小: 0.0 KB
[2025-10-24 01:23:05] ✅ 解析成功 - https://raw.githubusercontent.com/Mikephie/Script/fe234c2c6c298366a4b532b0e51e4fa467b3eb6a/config-2.json - 作者: Mikephie, 更新时间: unknown, 大小: 0.0 KB
[2025-10-24 01:23:05] ✅ 解析成功 - https://raw.githubusercontent.com/Pundsup/Live/e8bef32f69f38fb0f732ad446f4b9e760b8a1dda/yszyby.json - 作者: Pundsup, 更新时间: unknown, 大小: 0.0 KB
[2025-10-24 01:23:05] ✅ 解析成功 - https://raw.githubusercontent.com/samqin123/MoonTV/c0bba763d16fb5cd830a808d58329025337491cf/config.json - 作者: samqin123, 更新时间: unknown, 大小: 0.0 KB
[2025-10-24 01:23:05] ✅ 解析成功 - https://raw.githubusercontent.com/lovevampplus/cfdata/48ae504408e44ef0a64d175cca50bc57efde28b7/moontv-config.json - 作者: lovevampplus, 更新时间: unknown, 大小: 0.0 KB
[2025-10-24 01:23:06] ✅ 解析成功 - https://raw.githubusercontent.com/zhumengkang/edgeone-moontv/262ce332a93ba34966adb07761e7bfab8faab7bf/config.json - 作者: zhumengkang, 更新时间: unknown, 大小: 0.0 KB
[2025-10-24 01:23:06] ✅ 解析成功 - https://raw.githubusercontent.com/sk3879921/tvjson/3e5394dfbc292321326e218e7bc303716f3f5336/q.json - 作者: sk3879921, 更新时间: unknown, 大小: 0.0 KB
[2025-10-24 01:23:06] ✅ 解析成功 - https://raw.githubusercontent.com/yjh800307/yjh800307.github.io/4b825da4ab5059eae4f36ffc59877d0b5a76ea63/moontv.json - 作者: yjh800307, 更新时间: unknown, 大小: 0.0 KB
[2025-10-24 01:23:06] ❌ JSON语法错误 - https://raw.githubusercontent.com/hafrey1/MoonTV1.1.1/614f381e5312d9821bd5fe058f9eed9426e96d23/config.json - Expecting value: line 151 column 1 (char 5001)
[2025-10-24 01:23:06] ✅ 解析成功 - https://raw.githubusercontent.com/viacooky/tv-box-sub/3f7188cb5f0b65903fb0bc5dc94b2128e8e6f021/1.json - 作者: viacooky, 更新时间: unknown, 大小: 0.0 KB
[2025-10-24 01:23:07] ✅ 解析成功 - https://raw.githubusercontent.com/Pundsup/Live/e8bef32f69f38fb0f732ad446f4b9e760b8a1dda/yszy.json - 作者: Pundsup, 更新时间: unknown, 大小: 0.0 KB
[2025-10-24 01:23:07] ✅ 解析成功 - https://raw.githubusercontent.com/PAICNI/Videos_PLUS/b51ff1521a1e77f17ad538ccfd3c100cc42e0663/MoonTV%E8%A7%86%E9%A2%91%E6%BA%90Plus%E7%89%88.json - 作者: PAICNI, 更新时间: unknown, 大小: 0.0 KB
[2025-10-24 01:23:07] ✅ 解析成功 - https://raw.githubusercontent.com/xqrock/openfile/75df10457a00a6e5c9458f20122ebe2c5274c83e/config/vod.json - 作者: xqrock, 更新时间: unknown, 大小: 0.0 KB
[2025-10-24 01:23:07] ✅ 解析成功 - https://raw.githubusercontent.com/gxnas/TvBox/73fe7b54b2ac132896f821f76e6a877079250c81/20250823.json - 作者: gxnas, 更新时间: unknown, 大小: 0.0 KB
[2025-10-24 01:23:08] ✅ 解析成功 - https://raw.githubusercontent.com/wokaotianshi123/jgcj/0a53d202006c24db79a31ddd5f975c0c7ceed70d/libretv.json - 作者: wokaotianshi123, 更新时间: unknown, 大小: 0.0 KB
[2025-10-24 01:23:08] ✅ 解析成功 - https://raw.githubusercontent.com/viacooky/tv-box-sub/3f7188cb5f0b65903fb0bc5dc94b2128e8e6f021/2.json - 作者: viacooky, 更新时间: unknown, 大小: 0.0 KB
[2025-10-24 01:23:08] ✅ 解析成功 - https://raw.githubusercontent.com/Jonney111/jonney_clash/2a8545f0367a753599af049d670f0d37c17b5738/moontv.json - 作者: Jonney111, 更新时间: unknown, 大小: 0.0 KB
[2025-10-24 01:23:08] ✅ 解析成功 - https://raw.githubusercontent.com/Attiv/oriontv2/0c96b863bdf012b81f27cfeca03e3a7a1720d415/backend/src/config/config.json - 作者: Attiv, 更新时间: unknown, 大小: 0.0 KB
[2025-10-24 01:23:09] ✅ 解析成功 - https://raw.githubusercontent.com/oooopera/moontv_config/952c6a1d9fcfba1a6333409ac9d5f403c76c2622/config%E5%88%9D%E5%A7%8B.json - 作者: oooopera, 更新时间: unknown, 大小: 0.0 KB
[2025-10-24 01:23:09] ✅ 解析成功 - https://raw.githubusercontent.com/adminlove520/ZySource-Collector/38a25df0e030591ad3c1650921c19fb59f7cd7cd/TV_collector/config_isadult.json - 作者: adminlove520, 更新时间: unknown, 大小: 0.0 KB
[2025-10-24 01:23:09] ✅ 解析成功 - https://raw.githubusercontent.com/SeqCrafter/MyStaticFile/bcf26cd0a34c6ebff4a4bf6a1b355e72ea71431c/MoonTV/config.json - 作者: SeqCrafter, 更新时间: unknown, 大小: 0.0 KB
[2025-10-24 01:23:09] ✅ 解析成功 - https://raw.githubusercontent.com/yenkj/epg/24f74a08b18751e0cef10b6b5f2d5469716d67fa/config0.json - 作者: yenkj, 更新时间: unknown, 大小: 0.0 KB
[2025-10-24 01:23:09] ✅ 解析成功 - https://raw.githubusercontent.com/xf959211192/xf-tv/e72c802958a022efc31970bd5286e90c61facd3a/config.json - 作者: xf959211192, 更新时间: unknown, 大小: 0.0 KB
[2025-10-24 01:23:10] ✅ 解析成功 - https://raw.githubusercontent.com/yutian81/data-source/97c13655052a73d5f455801eed3d366b97acf3ce/OrionTV/config.json - 作者: yutian81, 更新时间: unknown, 大小: 0.0 KB
[2025-10-24 01:23:10] ✅ 解析成功 - https://raw.githubusercontent.com/wokaotianshi123/wokaotianshi123.github.io/3024e1b3e8f70253db752792d5b5f0707c0ce7a3/moontv/config_2025-09-23.json - 作者: wokaotianshi123, 更新时间: unknown, 大小: 0.0 KB
[2025-10-25 01:24:39] ✅ 解析成功 - https://raw.githubusercontent.com/katelya77/KatelyaTV/fc78bb11c026285d1b66e841b227e6171574956c/config.json - 作者: katelya77, 更新时间: unknown, 大小: 0.0 KB
[2025-10-25 01:24:40] ✅ 解析成功 - https://raw.githubusercontent.com/hafrey1/LunaTV-config/be515433f756440ffa44bc5d11f40584a85e1f6b/jingjian.json - 作者: hafrey1, 更新时间: unknown, 大小: 0.0 KB
[2025-10-25 01:24:40] ✅ 解析成功 - https://raw.githubusercontent.com/SCXSVIP/TV/e7bc32117505d2bda3b31ade3dc96114c6ce623c/MoonTV/MoonTV-xs.json - 作者: SCXSVIP, 更新时间: unknown, 大小: 0.0 KB
[2025-10-25 01:24:40] ✅ 解析成功 - https://raw.githubusercontent.com/hjdhnx/drpy-node/0bf8c0cf53da0134c4a2f20e5e8295353760e39d/scripts/mjs/moontv.json - 作者: hjdhnx, 更新时间: unknown, 大小: 0.0 KB
[2025-10-25 01:24:40] ✅ 解析成功 - https://raw.githubusercontent.com/Stardm0/MoonTV/8ae5af9c14b13ccef8483a6ee71a6bc10c576d7e/config.json - 作者: Stardm0, 更新时间: unknown, 大小: 0.0 KB
[2025-10-25 01:24:40] ✅ 解析成功 - https://raw.githubusercontent.com/chat263/tvjson/45dbc00aebda1642a95c20be2b5a0bda61a60e78/m.json - 作者: chat263, 更新时间: unknown, 大小: 0.0 KB
[2025-10-25 01:24:41] ✅ 解析成功 - https://raw.githubusercontent.com/Mikephie/Script/b40f3a194389bba8b95b3d8c9520e5b24a6efefd/config-2.json - 作者: Mikephie, 更新时间: unknown, 大小: 0.0 KB
[2025-10-25 01:24:41] ✅ 解析成功 - https://raw.githubusercontent.com/Pundsup/Live/51b30e482ab4a7448c34d0fb19951fe499e1a0c8/yszyby.json - 作者: Pundsup, 更新时间: unknown, 大小: 0.0 KB
[2025-10-25 01:24:41] ✅ 解析成功 - https://raw.githubusercontent.com/samqin123/MoonTV/c0bba763d16fb5cd830a808d58329025337491cf/config.json - 作者: samqin123, 更新时间: unknown, 大小: 0.0 KB
[2025-10-25 01:24:41] ✅ 解析成功 - https://raw.githubusercontent.com/lovevampplus/cfdata/48ae504408e44ef0a64d175cca50bc57efde28b7/moontv-config.json - 作者: lovevampplus, 更新时间: unknown, 大小: 0.0 KB
[2025-10-25 01:24:41] ✅ 解析成功 - https://raw.githubusercontent.com/zhumengkang/edgeone-moontv/262ce332a93ba34966adb07761e7bfab8faab7bf/config.json - 作者: zhumengkang, 更新时间: unknown, 大小: 0.0 KB
[2025-10-25 01:24:41] ✅ 解析成功 - https://raw.githubusercontent.com/sk3879921/tvjson/3e5394dfbc292321326e218e7bc303716f3f5336/q.json - 作者: sk3879921, 更新时间: unknown, 大小: 0.0 KB
[2025-10-25 01:24:42] ✅ 解析成功 - https://raw.githubusercontent.com/yjh800307/yjh800307.github.io/4b825da4ab5059eae4f36ffc59877d0b5a76ea63/moontv.json - 作者: yjh800307, 更新时间: unknown, 大小: 0.0 KB
[2025-10-25 01:24:42] ❌ JSON语法错误 - https://raw.githubusercontent.com/hafrey1/MoonTV1.1.1/614f381e5312d9821bd5fe058f9eed9426e96d23/config.json - Expecting value: line 151 column 1 (char 5001)
[2025-10-25 01:24:42] ✅ 解析成功 - https://raw.githubusercontent.com/yenkj/epg/be04570d5ad40f72d03e9e40edf030cc5719f72e/config0.json - 作者: yenkj, 更新时间: unknown, 大小: 0.0 KB
[2025-10-25 01:24:42] ✅ 解析成功 - https://raw.githubusercontent.com/oooopera/moontv_config/08f921a844089213d444e9eaed660676bfa72b4a/config%E5%88%9D%E5%A7%8B.json - 作者: oooopera, 更新时间: unknown, 大小: 0.0 KB
[2025-10-25 01:24:43] ✅ 解析成功 - https://raw.githubusercontent.com/wokaotianshi123/wokaotianshi123.github.io/3024e1b3e8f70253db752792d5b5f0707c0ce7a3/moontv/config_2025-09-23.json - 作者: wokaotianshi123, 更新时间: unknown, 大小: 0.0 KB
[2025-10-25 01:24:43] ✅ 解析成功 - https://raw.githubusercontent.com/adminlove520/ZySource-Collector/6829f4691578a44f3f1eadf3b26a5600910e5e05/TV_collector/config_isadult.json - 作者: adminlove520, 更新时间: unknown, 大小: 0.0 KB
[2025-10-25 01:24:43] ✅ 解析成功 - https://raw.githubusercontent.com/PAICNI/Videos_PLUS/b51ff1521a1e77f17ad538ccfd3c100cc42e0663/MoonTV%E8%A7%86%E9%A2%91%E6%BA%90Plus%E7%89%88.json - 作者: PAICNI, 更新时间: unknown, 大小: 0.0 KB
[2025-10-25 01:24:43] ✅ 解析成功 - https://raw.githubusercontent.com/Jonney111/jonney_clash/2a8545f0367a753599af049d670f0d37c17b5738/moontv.json - 作者: Jonney111, 更新时间: unknown, 大小: 0.0 KB
[2025-10-25 01:24:44] ✅ 解析成功 - https://raw.githubusercontent.com/hafrey1/LunaTV-config/be515433f756440ffa44bc5d11f40584a85e1f6b/jin18.json - 作者: hafrey1, 更新时间: unknown, 大小: 0.0 KB
[2025-10-25 01:24:44] ✅ 解析成功 - https://raw.githubusercontent.com/Pundsup/Live/51b30e482ab4a7448c34d0fb19951fe499e1a0c8/yszy.json - 作者: Pundsup, 更新时间: unknown, 大小: 0.0 KB
[2025-10-25 01:24:44] ✅ 解析成功 - https://raw.githubusercontent.com/yutian81/data-source/97c13655052a73d5f455801eed3d366b97acf3ce/OrionTV/config.json - 作者: yutian81, 更新时间: unknown, 大小: 0.0 KB
[2025-10-25 01:24:44] ✅ 解析成功 - https://raw.githubusercontent.com/xqrock/openfile/75df10457a00a6e5c9458f20122ebe2c5274c83e/config/vod.json - 作者: xqrock, 更新时间: unknown, 大小: 0.0 KB
[2025-10-25 01:24:44] ✅ 解析成功 - https://raw.githubusercontent.com/lyqnihao/m3u8/719c30115e56a42e21ac6d50191d3e3ada5d2330/MoonTV/config.json - 作者: lyqnihao, 更新时间: unknown, 大小: 0.0 KB
[2025-10-25 01:24:44] ✅ 解析成功 - https://raw.githubusercontent.com/wokaotianshi123/jgcj/66cf1eb0d312308761787e57afdadfc06812eac5/libretv.json - 作者: wokaotianshi123, 更新时间: unknown, 大小: 0.0 KB
[2025-10-25 01:24:45] ✅ 解析成功 - https://raw.githubusercontent.com/hafrey1/LunaTV-config/be515433f756440ffa44bc5d11f40584a85e1f6b/LunaTV-config.json - 作者: hafrey1, 更新时间: unknown, 大小: 0.0 KB
[2025-10-25 01:24:45] ✅ 解析成功 - https://raw.githubusercontent.com/katelya77/KatelyaTV/fc78bb11c026285d1b66e841b227e6171574956c/config.example.json - 作者: katelya77, 更新时间: unknown, 大小: 0.0 KB
[2025-10-25 01:24:45] ✅ 解析成功 - https://raw.githubusercontent.com/SeqCrafter/MyStaticFile/bcf26cd0a34c6ebff4a4bf6a1b355e72ea71431c/MoonTV/config.json - 作者: SeqCrafter, 更新时间: unknown, 大小: 0.0 KB
[2025-10-25 01:24:45] ✅ 解析成功 - https://raw.githubusercontent.com/louis779/moontyv/0fe913bafef02036b393feed5683349145c9480a/config.json - 作者: louis779, 更新时间: unknown, 大小: 0.0 KB
[2025-10-26 01:39:57] ✅ 解析成功 - https://raw.githubusercontent.com/katelya77/KatelyaTV/fc78bb11c026285d1b66e841b227e6171574956c/config.json - 作者: katelya77, 更新时间: unknown, 大小: 0.0 KB
[2025-10-26 01:39:57] ✅ 解析成功 - https://raw.githubusercontent.com/hafrey1/LunaTV-config/6c98c1c95a634e39bc1550be0ada7ffec7288308/jingjian.json - 作者: hafrey1, 更新时间: unknown, 大小: 0.0 KB
[2025-10-26 01:39:57] ✅ 解析成功 - https://raw.githubusercontent.com/SCXSVIP/TV/e7bc32117505d2bda3b31ade3dc96114c6ce623c/MoonTV/MoonTV-xs.json - 作者: SCXSVIP, 更新时间: unknown, 大小: 0.0 KB
[2025-10-26 01:39:57] ✅ 解析成功 - https://raw.githubusercontent.com/hjdhnx/drpy-node/0bf8c0cf53da0134c4a2f20e5e8295353760e39d/scripts/mjs/moontv.json - 作者: hjdhnx, 更新时间: unknown, 大小: 0.0 KB
[2025-10-26 01:39:57] ✅ 解析成功 - https://raw.githubusercontent.com/Stardm0/MoonTV/8ae5af9c14b13ccef8483a6ee71a6bc10c576d7e/config.json - 作者: Stardm0, 更新时间: unknown, 大小: 0.0 KB
[2025-10-26 01:39:57] ✅ 解析成功 - https://raw.githubusercontent.com/yenkj/epg/c8de1e86061f5275f93f93406ce9a20fb8e1ab05/config0.json - 作者: yenkj, 更新时间: unknown, 大小: 0.0 KB
[2025-10-26 01:39:58] ✅ 解析成功 - https://raw.githubusercontent.com/lovevampplus/cfdata/48ae504408e44ef0a64d175cca50bc57efde28b7/96.json - 作者: lovevampplus, 更新时间: unknown, 大小: 0.0 KB
[2025-10-26 01:39:58] ✅ 解析成功 - https://raw.githubusercontent.com/chat263/tvjson/45dbc00aebda1642a95c20be2b5a0bda61a60e78/m.json - 作者: chat263, 更新时间: unknown, 大小: 0.0 KB
[2025-10-26 01:39:58] ✅ 解析成功 - https://raw.githubusercontent.com/mhq1389/lsegou/4ae3c135cb5c9e447e001a565193d7867f222135/config.json - 作者: mhq1389, 更新时间: unknown, 大小: 0.0 KB
[2025-10-26 01:39:58] ✅ 解析成功 - https://raw.githubusercontent.com/viacooky/tv-box-sub/3f7188cb5f0b65903fb0bc5dc94b2128e8e6f021/1.json - 作者: viacooky, 更新时间: unknown, 大小: 0.0 KB
[2025-10-26 01:39:58] ✅ 解析成功 - https://raw.githubusercontent.com/Mikephie/Script/44f9c37b3dcdb9d618b618d75e5eaa50b3725946/config-3.json - 作者: Mikephie, 更新时间: unknown, 大小: 0.0 KB
[2025-10-26 01:39:59] ✅ 解析成功 - https://raw.githubusercontent.com/PAICNI/Videos_PLUS/b51ff1521a1e77f17ad538ccfd3c100cc42e0663/MoonTV%E8%A7%86%E9%A2%91%E6%BA%90Plus%E7%89%88.json - 作者: PAICNI, 更新时间: unknown, 大小: 0.0 KB
[2025-10-26 01:39:59] ✅ 解析成功 - https://raw.githubusercontent.com/sk3879921/tvjson/3e5394dfbc292321326e218e7bc303716f3f5336/q.json - 作者: sk3879921, 更新时间: unknown, 大小: 0.0 KB
[2025-10-26 01:39:59] ✅ 解析成功 - https://raw.githubusercontent.com/samqin123/MoonTV/c0bba763d16fb5cd830a808d58329025337491cf/config.json - 作者: samqin123, 更新时间: unknown, 大小: 0.0 KB
[2025-10-26 01:39:59] ✅ 解析成功 - https://raw.githubusercontent.com/gxnas/TvBox/73fe7b54b2ac132896f821f76e6a877079250c81/20250823.json - 作者: gxnas, 更新时间: unknown, 大小: 0.0 KB
[2025-10-26 01:39:59] ✅ 解析成功 - https://raw.githubusercontent.com/Pundsup/Live/51b30e482ab4a7448c34d0fb19951fe499e1a0c8/yszyby.json - 作者: Pundsup, 更新时间: unknown, 大小: 0.0 KB
[2025-10-26 01:39:59] ✅ 解析成功 - https://raw.githubusercontent.com/xqrock/openfile/75df10457a00a6e5c9458f20122ebe2c5274c83e/config/vod.json - 作者: xqrock, 更新时间: unknown, 大小: 0.0 KB
[2025-10-26 01:39:59] ✅ 解析成功 - https://raw.githubusercontent.com/hafrey1/LunaTV-config/6c98c1c95a634e39bc1550be0ada7ffec7288308/jin18.json - 作者: hafrey1, 更新时间: unknown, 大小: 0.0 KB
[2025-10-26 01:40:00] ✅ 解析成功 - https://raw.githubusercontent.com/adminlove520/ZySource-Collector/6829f4691578a44f3f1eadf3b26a5600910e5e05/TV_collector/config_isadult.json - 作者: adminlove520, 更新时间: unknown, 大小: 0.0 KB
[2025-10-26 01:40:00] ✅ 解析成功 - https://raw.githubusercontent.com/WenXik/WenXiTV/858aa80242728dbcb74a4b913eb92ebcaf6da04a/config.json - 作者: WenXik, 更新时间: unknown, 大小: 0.0 KB
[2025-10-26 01:40:00] ✅ 解析成功 - https://raw.githubusercontent.com/wokaotianshi123/jgcj/66cf1eb0d312308761787e57afdadfc06812eac5/libretv.json - 作者: wokaotianshi123, 更新时间: unknown, 大小: 0.0 KB
[2025-10-26 01:40:00] ✅ 解析成功 - https://raw.githubusercontent.com/wokaotianshi123/wokaotianshi123.github.io/3024e1b3e8f70253db752792d5b5f0707c0ce7a3/moontv/config_2025-09-23.json - 作者: wokaotianshi123, 更新时间: unknown, 大小: 0.0 KB
[2025-10-26 01:40:00] ✅ 解析成功 - https://raw.githubusercontent.com/lyqnihao/m3u8/719c30115e56a42e21ac6d50191d3e3ada5d2330/MoonTV/config.json - 作者: lyqnihao, 更新时间: unknown, 大小: 0.0 KB
[2025-10-26 01:40:01] ✅ 解析成功 - https://raw.githubusercontent.com/xf959211192/xf-tv/e72c802958a022efc31970bd5286e90c61facd3a/config.json - 作者: xf959211192, 更新时间: unknown, 大小: 0.0 KB
[2025-10-26 01:40:01] ✅ 解析成功 - https://raw.githubusercontent.com/lovevampplus/cfdata/48ae504408e44ef0a64d175cca50bc57efde28b7/moontv-config.json - 作者: lovevampplus, 更新时间: unknown, 大小: 0.0 KB
[2025-10-26 01:40:01] ✅ 解析成功 - https://raw.githubusercontent.com/Mikephie/Script/44f9c37b3dcdb9d618b618d75e5eaa50b3725946/config-2.json - 作者: Mikephie, 更新时间: unknown, 大小: 0.0 KB
[2025-10-26 01:40:01] ✅ 解析成功 - https://raw.githubusercontent.com/oooopera/moontv_config/0a345ba02cc62f54598219496dea78a2a184a1cd/config%E5%88%9D%E5%A7%8B.json - 作者: oooopera, 更新时间: unknown, 大小: 0.0 KB
[2025-10-26 01:40:01] ✅ 解析成功 - https://raw.githubusercontent.com/869203553/guize/eb8fa7240b289603d833d3d4ae4201f74bcb1bd4/config.json - 作者: 869203553, 更新时间: unknown, 大小: 0.0 KB
[2025-10-26 01:40:01] ✅ 解析成功 - https://raw.githubusercontent.com/katelya77/KatelyaTV/fc78bb11c026285d1b66e841b227e6171574956c/config.example.json - 作者: katelya77, 更新时间: unknown, 大小: 0.0 KB
[2025-10-26 01:40:02] ✅ 解析成功 - https://raw.githubusercontent.com/hanzhenya/hzyiptv/00923a1043db8e531f730912d565eb8619b5675f/config(%E8%80%81).json - 作者: hanzhenya, 更新时间: unknown, 大小: 0.0 KB
[2025-10-27 01:42:56] ✅ 解析成功 - https://raw.githubusercontent.com/katelya77/KatelyaTV/fc78bb11c026285d1b66e841b227e6171574956c/config.json - 作者: katelya77, 更新时间: unknown, 大小: 0.0 KB
[2025-10-27 01:42:56] ✅ 解析成功 - https://raw.githubusercontent.com/hafrey1/LunaTV-config/e71a63c69b74ac506be212a97f26ddeb9884aeec/jingjian.json - 作者: hafrey1, 更新时间: unknown, 大小: 0.0 KB
[2025-10-27 01:42:56] ✅ 解析成功 - https://raw.githubusercontent.com/lovevampplus/cfdata/48ae504408e44ef0a64d175cca50bc57efde28b7/96.json - 作者: lovevampplus, 更新时间: unknown, 大小: 0.0 KB
[2025-10-27 01:42:56] ✅ 解析成功 - https://raw.githubusercontent.com/chat263/tvjson/45dbc00aebda1642a95c20be2b5a0bda61a60e78/m.json - 作者: chat263, 更新时间: unknown, 大小: 0.0 KB
[2025-10-27 01:42:56] ✅ 解析成功 - https://raw.githubusercontent.com/Stardm0/MoonTV/8ae5af9c14b13ccef8483a6ee71a6bc10c576d7e/config.json - 作者: Stardm0, 更新时间: unknown, 大小: 0.0 KB
[2025-10-27 01:42:56] ✅ 解析成功 - https://raw.githubusercontent.com/Mikephie/Script/18d062e3665b2ac572c6b3f23ef77c9a90322785/config-2.json - 作者: Mikephie, 更新时间: unknown, 大小: 0.0 KB
[2025-10-27 01:42:57] ✅ 解析成功 - https://raw.githubusercontent.com/hjdhnx/drpy-node/0bf8c0cf53da0134c4a2f20e5e8295353760e39d/scripts/mjs/moontv.json - 作者: hjdhnx, 更新时间: unknown, 大小: 0.0 KB
[2025-10-27 01:42:57] ✅ 解析成功 - https://raw.githubusercontent.com/Pundsup/Live/51b30e482ab4a7448c34d0fb19951fe499e1a0c8/yszyby.json - 作者: Pundsup, 更新时间: unknown, 大小: 0.0 KB
[2025-10-27 01:42:57] ✅ 解析成功 - https://raw.githubusercontent.com/oooopera/moontv_config/c4ec04cb0581322bdb2561a071e83fd3a7f6c139/config%E5%88%9D%E5%A7%8B.json - 作者: oooopera, 更新时间: unknown, 大小: 0.0 KB
[2025-10-27 01:42:57] ✅ 解析成功 - https://raw.githubusercontent.com/SCXSVIP/TV/e7bc32117505d2bda3b31ade3dc96114c6ce623c/MoonTV/MoonTV-xs.json - 作者: SCXSVIP, 更新时间: unknown, 大小: 0.0 KB
[2025-10-27 01:42:58] ✅ 解析成功 - https://raw.githubusercontent.com/lyqnihao/m3u8/719c30115e56a42e21ac6d50191d3e3ada5d2330/MoonTV/config.json - 作者: lyqnihao, 更新时间: unknown, 大小: 0.0 KB
[2025-10-27 01:42:58] ✅ 解析成功 - https://raw.githubusercontent.com/adminlove520/Source-Collector/c96c07c6cc42ab851972f5c720cb8ec37d49a6d3/configplus_isadult.json - 作者: adminlove520, 更新时间: unknown, 大小: 0.0 KB
[2025-10-27 01:42:58] ✅ 解析成功 - https://raw.githubusercontent.com/katelya77/KatelyaTV/fc78bb11c026285d1b66e841b227e6171574956c/config.example.json - 作者: katelya77, 更新时间: unknown, 大小: 0.0 KB
[2025-10-27 01:42:58] ✅ 解析成功 - https://raw.githubusercontent.com/wokaotianshi123/jgcj/66cf1eb0d312308761787e57afdadfc06812eac5/libretv.json - 作者: wokaotianshi123, 更新时间: unknown, 大小: 0.0 KB
[2025-10-27 01:42:58] ✅ 解析成功 - https://raw.githubusercontent.com/gxnas/TvBox/73fe7b54b2ac132896f821f76e6a877079250c81/20250823.json - 作者: gxnas, 更新时间: unknown, 大小: 0.0 KB
[2025-10-27 01:42:59] ✅ 解析成功 - https://raw.githubusercontent.com/cc638/tvbox/20d56986273b6dbc5c9ac31da1c83e0b90019871/%E8%A7%86%E9%A2%91%E6%BA%90.json - 作者: cc638, 更新时间: unknown, 大小: 0.0 KB
[2025-10-27 01:42:59] ✅ 解析成功 - https://raw.githubusercontent.com/moli-xia/MoonTV-app/aea64cc2504b56ea05e23fc2af49c7ed5a305dea/config.json - 作者: moli-xia, 更新时间: unknown, 大小: 0.0 KB
[2025-10-27 01:42:59] ✅ 解析成功 - https://raw.githubusercontent.com/Mikephie/Script/18d062e3665b2ac572c6b3f23ef77c9a90322785/config-3.json - 作者: Mikephie, 更新时间: unknown, 大小: 0.0 KB
[2025-10-27 01:42:59] ✅ 解析成功 - https://raw.githubusercontent.com/zhumengkang/edgeone-moontv/262ce332a93ba34966adb07761e7bfab8faab7bf/config.json - 作者: zhumengkang, 更新时间: unknown, 大小: 0.0 KB
[2025-10-27 01:43:00] ✅ 解析成功 - https://raw.githubusercontent.com/hanzhenya/hzyiptv/00923a1043db8e531f730912d565eb8619b5675f/config(%E8%80%81).json - 作者: hanzhenya, 更新时间: unknown, 大小: 0.0 KB
[2025-10-27 01:43:00] ✅ 解析成功 - https://raw.githubusercontent.com/yjh800307/yjh800307.github.io/4b825da4ab5059eae4f36ffc59877d0b5a76ea63/moontv.json - 作者: yjh800307, 更新时间: unknown, 大小: 0.0 KB
[2025-10-27 01:43:00] ✅ 解析成功 - https://raw.githubusercontent.com/wokaotianshi123/wokaotianshi123.github.io/3024e1b3e8f70253db752792d5b5f0707c0ce7a3/moontv/config_2025-09-23.json - 作者: wokaotianshi123, 更新时间: unknown, 大小: 0.0 KB
[2025-10-27 01:43:00] ✅ 解析成功 - https://raw.githubusercontent.com/sk3879921/tvjson/3e5394dfbc292321326e218e7bc303716f3f5336/q.json - 作者: sk3879921, 更新时间: unknown, 大小: 0.0 KB
[2025-10-27 01:43:00] ✅ 解析成功 - https://raw.githubusercontent.com/viacooky/tv-box-sub/3f7188cb5f0b65903fb0bc5dc94b2128e8e6f021/2.json - 作者: viacooky, 更新时间: unknown, 大小: 0.0 KB
[2025-10-27 01:43:01] ✅ 解析成功 - https://raw.githubusercontent.com/PAICNI/Videos_PLUS/b51ff1521a1e77f17ad538ccfd3c100cc42e0663/MoonTV%E8%A7%86%E9%A2%91%E6%BA%90Plus%E7%89%88.json - 作者: PAICNI, 更新时间: unknown, 大小: 0.0 KB
[2025-10-27 01:43:01] ✅ 解析成功 - https://raw.githubusercontent.com/yutian81/data-source/97c13655052a73d5f455801eed3d366b97acf3ce/OrionTV/config.json - 作者: yutian81, 更新时间: unknown, 大小: 0.0 KB
[2025-10-27 01:43:01] ✅ 解析成功 - https://raw.githubusercontent.com/adminlove520/Source-Collector/c96c07c6cc42ab851972f5c720cb8ec37d49a6d3/config_isadult.json - 作者: adminlove520, 更新时间: unknown, 大小: 0.0 KB
[2025-10-27 01:43:01] ✅ 解析成功 - https://raw.githubusercontent.com/haogege8888/KatelyaTV/e58837e6b5dcc4d7d112e05e1d9bda3e9b3bf992/config.json - 作者: haogege8888, 更新时间: unknown, 大小: 0.0 KB
[2025-10-27 01:43:01] ✅ 解析成功 - https://raw.githubusercontent.com/hafrey1/LunaTV-config/e71a63c69b74ac506be212a97f26ddeb9884aeec/jin18.json - 作者: hafrey1, 更新时间: unknown, 大小: 0.0 KB
[2025-10-27 01:43:01] ✅ 解析成功 - https://raw.githubusercontent.com/louis779/moontyv/0fe913bafef02036b393feed5683349145c9480a/config.json - 作者: louis779, 更新时间: unknown, 大小: 0.0 KB
[2025-10-28 01:25:56] ✅ 解析成功 - https://raw.githubusercontent.com/katelya77/KatelyaTV/fc78bb11c026285d1b66e841b227e6171574956c/config.json - 作者: katelya77, 更新时间: unknown, 大小: 0.0 KB
[2025-10-28 01:25:56] ✅ 解析成功 - https://raw.githubusercontent.com/hafrey1/LunaTV-config/5d3be50000e29162724c8fb3448c363ddfad8c85/jingjian.json - 作者: hafrey1, 更新时间: unknown, 大小: 0.0 KB
[2025-10-28 01:25:56] ✅ 解析成功 - https://raw.githubusercontent.com/lovevampplus/cfdata/48ae504408e44ef0a64d175cca50bc57efde28b7/96.json - 作者: lovevampplus, 更新时间: unknown, 大小: 0.0 KB
[2025-10-28 01:25:56] ✅ 解析成功 - https://raw.githubusercontent.com/chat263/tvjson/45dbc00aebda1642a95c20be2b5a0bda61a60e78/m.json - 作者: chat263, 更新时间: unknown, 大小: 0.0 KB
[2025-10-28 01:25:56] ✅ 解析成功 - https://raw.githubusercontent.com/Stardm0/MoonTV/8ae5af9c14b13ccef8483a6ee71a6bc10c576d7e/config.json - 作者: Stardm0, 更新时间: unknown, 大小: 0.0 KB
[2025-10-28 01:25:57] ✅ 解析成功 - https://raw.githubusercontent.com/Mikephie/Script/d6b056319d605dbcfea424b795e21a3da5404ab6/config-2.json - 作者: Mikephie, 更新时间: unknown, 大小: 0.0 KB
[2025-10-28 01:25:57] ✅ 解析成功 - https://raw.githubusercontent.com/adminlove520/Source-Collector/c96c07c6cc42ab851972f5c720cb8ec37d49a6d3/config_isadult.json - 作者: adminlove520, 更新时间: unknown, 大小: 0.0 KB
[2025-10-28 01:25:57] ✅ 解析成功 - https://raw.githubusercontent.com/Jonney111/jonney_clash/7277685840b1cbedbc2b55377acc81adff1d5745/moontv.json - 作者: Jonney111, 更新时间: unknown, 大小: 0.0 KB
[2025-10-28 01:25:57] ✅ 解析成功 - https://raw.githubusercontent.com/katelya77/KatelyaTV/fc78bb11c026285d1b66e841b227e6171574956c/config.example.json - 作者: katelya77, 更新时间: unknown, 大小: 0.0 KB
[2025-10-28 01:25:57] ✅ 解析成功 - https://raw.githubusercontent.com/jeffernn/joyflix/468cce76275109afb43cbc027c6d510b0a1e4694/config.json - 作者: jeffernn, 更新时间: unknown, 大小: 0.0 KB
[2025-10-28 01:25:57] ✅ 解析成功 - https://raw.githubusercontent.com/PAICNI/Videos_PLUS/b51ff1521a1e77f17ad538ccfd3c100cc42e0663/MoonTV%E8%A7%86%E9%A2%91%E6%BA%90Plus%E7%89%88.json - 作者: PAICNI, 更新时间: unknown, 大小: 0.0 KB
[2025-10-28 01:25:58] ✅ 解析成功 - https://raw.githubusercontent.com/samqin123/MoonTV/c0bba763d16fb5cd830a808d58329025337491cf/config.json - 作者: samqin123, 更新时间: unknown, 大小: 0.0 KB
[2025-10-28 01:25:58] ✅ 解析成功 - https://raw.githubusercontent.com/gxnas/TvBox/73fe7b54b2ac132896f821f76e6a877079250c81/20250823.json - 作者: gxnas, 更新时间: unknown, 大小: 0.0 KB
[2025-10-28 01:25:58] ✅ 解析成功 - https://raw.githubusercontent.com/yjh800307/yjh800307.github.io/4b825da4ab5059eae4f36ffc59877d0b5a76ea63/moontv.json - 作者: yjh800307, 更新时间: unknown, 大小: 0.0 KB
[2025-10-28 01:25:58] ✅ 解析成功 - https://raw.githubusercontent.com/viacooky/tv-box-sub/3f7188cb5f0b65903fb0bc5dc94b2128e8e6f021/1.json - 作者: viacooky, 更新时间: unknown, 大小: 0.0 KB
[2025-10-28 01:25:58] ✅ 解析成功 - https://raw.githubusercontent.com/yenkj/epg/fdd2d92cd88fcaf4d8b58c414acb5b941566958f/config0.json - 作者: yenkj, 更新时间: unknown, 大小: 0.0 KB
[2025-10-28 01:25:59] ✅ 解析成功 - https://raw.githubusercontent.com/lovevampplus/cfdata/48ae504408e44ef0a64d175cca50bc57efde28b7/moontv-config.json - 作者: lovevampplus, 更新时间: unknown, 大小: 0.0 KB
[2025-10-28 01:25:59] ✅ 解析成功 - https://raw.githubusercontent.com/Pundsup/Live/51b30e482ab4a7448c34d0fb19951fe499e1a0c8/yszyby.json - 作者: Pundsup, 更新时间: unknown, 大小: 0.0 KB
[2025-10-28 01:25:59] ✅ 解析成功 - https://raw.githubusercontent.com/oooopera/moontv_config/cae2438bf716a782a5027b45f465666b1ec149bb/input.json - 作者: oooopera, 更新时间: unknown, 大小: 0.0 KB
[2025-10-28 01:25:59] ✅ 解析成功 - https://raw.githubusercontent.com/wokaotianshi123/jgcj/06cae9add1495f6bc40369f0b56ed365030ad178/libretv.json - 作者: wokaotianshi123, 更新时间: unknown, 大小: 0.0 KB
[2025-10-28 01:25:59] ✅ 解析成功 - https://raw.githubusercontent.com/hanzhenya/hzyiptv/00923a1043db8e531f730912d565eb8619b5675f/config(%E8%80%81).json - 作者: hanzhenya, 更新时间: unknown, 大小: 0.0 KB
[2025-10-28 01:25:59] ✅ 解析成功 - https://raw.githubusercontent.com/SCXSVIP/TV/e7bc32117505d2bda3b31ade3dc96114c6ce623c/MoonTV/MoonTV-xs.json - 作者: SCXSVIP, 更新时间: unknown, 大小: 0.0 KB
[2025-10-28 01:26:00] ✅ 解析成功 - https://raw.githubusercontent.com/kpsmail/new/8057c0c7c79f20afc6d658de13759621dc4011cb/config.json - 作者: kpsmail, 更新时间: unknown, 大小: 0.0 KB
[2025-10-28 01:26:00] ✅ 解析成功 - https://raw.githubusercontent.com/webshellren/XMoonTV/ef052045a4f7a3a10c5907da4d30e3a90984b03b/config.json - 作者: webshellren, 更新时间: unknown, 大小: 0.0 KB
[2025-10-28 01:26:00] ✅ 解析成功 - https://raw.githubusercontent.com/hjdhnx/drpy-node/0bf8c0cf53da0134c4a2f20e5e8295353760e39d/scripts/mjs/moontv.json - 作者: hjdhnx, 更新时间: unknown, 大小: 0.0 KB
[2025-10-28 01:26:00] ✅ 解析成功 - https://raw.githubusercontent.com/Pundsup/Live/51b30e482ab4a7448c34d0fb19951fe499e1a0c8/yszy.json - 作者: Pundsup, 更新时间: unknown, 大小: 0.0 KB
[2025-10-28 01:26:00] ✅ 解析成功 - https://raw.githubusercontent.com/moli-xia/MoonTV-app/aea64cc2504b56ea05e23fc2af49c7ed5a305dea/config.json - 作者: moli-xia, 更新时间: unknown, 大小: 0.0 KB
[2025-10-28 01:26:01] ✅ 解析成功 - https://raw.githubusercontent.com/talefou/static/0c91dff4d72fe1543670b18e1e1bc73063896942/tv/config.json - 作者: talefou, 更新时间: unknown, 大小: 0.0 KB
[2025-10-28 01:26:01] ✅ 解析成功 - https://raw.githubusercontent.com/hafrey1/LunaTV-config/5d3be50000e29162724c8fb3448c363ddfad8c85/jin18.json - 作者: hafrey1, 更新时间: unknown, 大小: 0.0 KB
[2025-10-28 01:26:01] ✅ 解析成功 - https://raw.githubusercontent.com/xuyuani/moontv/ea3d1065e8bbdfde379700bf74eb634e88915ab2/config.json - 作者: xuyuani, 更新时间: unknown, 大小: 0.0 KB
[2025-10-29 01:40:05] ✅ 解析成功 - https://raw.githubusercontent.com/katelya77/KatelyaTV/fc78bb11c026285d1b66e841b227e6171574956c/config.json - 作者: katelya77, 更新时间: unknown, 大小: 0.0 KB
[2025-10-29 01:40:05] ✅ 解析成功 - https://raw.githubusercontent.com/hafrey1/LunaTV-config/6f79334caa3d28ea5f0973a93a400f46f2f22327/jingjian.json - 作者: hafrey1, 更新时间: unknown, 大小: 0.0 KB
[2025-10-29 01:40:05] ✅ 解析成功 - https://raw.githubusercontent.com/lovevampplus/cfdata/48ae504408e44ef0a64d175cca50bc57efde28b7/96.json - 作者: lovevampplus, 更新时间: unknown, 大小: 0.0 KB
[2025-10-29 01:40:05] ✅ 解析成功 - https://raw.githubusercontent.com/chat263/tvjson/45dbc00aebda1642a95c20be2b5a0bda61a60e78/m.json - 作者: chat263, 更新时间: unknown, 大小: 0.0 KB
[2025-10-29 01:40:05] ✅ 解析成功 - https://raw.githubusercontent.com/Stardm0/MoonTV/8ae5af9c14b13ccef8483a6ee71a6bc10c576d7e/config.json - 作者: Stardm0, 更新时间: unknown, 大小: 0.0 KB
[2025-10-29 01:40:05] ✅ 解析成功 - https://raw.githubusercontent.com/Mikephie/Script/039aa060855896a4b45e71ca18a7b7df3d6996da/config-2.json - 作者: Mikephie, 更新时间: unknown, 大小: 0.0 KB
[2025-10-29 01:40:05] ✅ 解析成功 - https://raw.githubusercontent.com/adminlove520/Source-Collector/c96c07c6cc42ab851972f5c720cb8ec37d49a6d3/config_isadult.json - 作者: adminlove520, 更新时间: unknown, 大小: 0.0 KB
[2025-10-29 01:40:05] ✅ 解析成功 - https://raw.githubusercontent.com/yenkj/epg/909d379cf615d50929875fb94d462e72d854d280/config0.json - 作者: yenkj, 更新时间: unknown, 大小: 0.0 KB
[2025-10-29 01:40:06] ✅ 解析成功 - https://raw.githubusercontent.com/katelya77/KatelyaTV/fc78bb11c026285d1b66e841b227e6171574956c/config.example.json - 作者: katelya77, 更新时间: unknown, 大小: 0.0 KB
[2025-10-29 01:40:06] ✅ 解析成功 - https://raw.githubusercontent.com/wokaotianshi123/wokaotianshi123.github.io/e4ab1aa237f6a8736033b608ad1a0a3c494ee661/moontv/config_2025-09-23.json - 作者: wokaotianshi123, 更新时间: unknown, 大小: 0.0 KB
[2025-10-29 01:40:06] ✅ 解析成功 - https://raw.githubusercontent.com/kpsmail/new/8057c0c7c79f20afc6d658de13759621dc4011cb/config.json - 作者: kpsmail, 更新时间: unknown, 大小: 0.0 KB
[2025-10-29 01:40:06] ✅ 解析成功 - https://raw.githubusercontent.com/sk3879921/tvjson/3e5394dfbc292321326e218e7bc303716f3f5336/q.json - 作者: sk3879921, 更新时间: unknown, 大小: 0.0 KB
[2025-10-29 01:40:06] ✅ 解析成功 - https://raw.githubusercontent.com/hanzhenya/hzyiptv/00923a1043db8e531f730912d565eb8619b5675f/config(%E8%80%81).json - 作者: hanzhenya, 更新时间: unknown, 大小: 0.0 KB
[2025-10-29 01:40:06] ✅ 解析成功 - https://raw.githubusercontent.com/hjdhnx/drpy-node/0bf8c0cf53da0134c4a2f20e5e8295353760e39d/scripts/mjs/moontv.json - 作者: hjdhnx, 更新时间: unknown, 大小: 0.0 KB
[2025-10-29 01:40:06] ✅ 解析成功 - https://raw.githubusercontent.com/lovevampplus/cfdata/48ae504408e44ef0a64d175cca50bc57efde28b7/moontv-config.json - 作者: lovevampplus, 更新时间: unknown, 大小: 0.0 KB
[2025-10-29 01:40:06] ✅ 解析成功 - https://raw.githubusercontent.com/mhq1389/lsegou/7cbbee54537334e668dd678fd8a8ef5efe6e0957/config.json - 作者: mhq1389, 更新时间: unknown, 大小: 0.0 KB
[2025-10-29 01:40:06] ✅ 解析成功 - https://raw.githubusercontent.com/yjh800307/yjh800307.github.io/4b825da4ab5059eae4f36ffc59877d0b5a76ea63/moontv.json - 作者: yjh800307, 更新时间: unknown, 大小: 0.0 KB
[2025-10-29 01:40:07] ✅ 解析成功 - https://raw.githubusercontent.com/oooopera/moontv_config/b9f3c441763f18551e082db0f798a7bc964e3b87/config%E5%88%9D%E5%A7%8B.json - 作者: oooopera, 更新时间: unknown, 大小: 0.0 KB
[2025-10-29 01:40:07] ✅ 解析成功 - https://raw.githubusercontent.com/Mikephie/Script/039aa060855896a4b45e71ca18a7b7df3d6996da/config-3.json - 作者: Mikephie, 更新时间: unknown, 大小: 0.0 KB
[2025-10-29 01:40:07] ✅ 解析成功 - https://raw.githubusercontent.com/yangbvv/yangbvv.github.io/ccc07b795d13d93dc95eb0ca233bd1dd0726b624/moontv.json - 作者: yangbvv, 更新时间: unknown, 大小: 0.0 KB
[2025-10-29 01:40:07] ✅ 解析成功 - https://raw.githubusercontent.com/cc638/tvbox/20d56986273b6dbc5c9ac31da1c83e0b90019871/%E8%A7%86%E9%A2%91%E6%BA%90.json - 作者: cc638, 更新时间: unknown, 大小: 0.0 KB
[2025-10-29 01:40:07] ✅ 解析成功 - https://raw.githubusercontent.com/zhumengkang/edgeone-moontv/262ce332a93ba34966adb07761e7bfab8faab7bf/config.json - 作者: zhumengkang, 更新时间: unknown, 大小: 0.0 KB
[2025-10-29 01:40:07] ✅ 解析成功 - https://raw.githubusercontent.com/viacooky/tv-box-sub/3f7188cb5f0b65903fb0bc5dc94b2128e8e6f021/2.json - 作者: viacooky, 更新时间: unknown, 大小: 0.0 KB
[2025-10-29 01:40:07] ✅ 解析成功 - https://raw.githubusercontent.com/wokaotianshi123/jgcj/0bf25de0f2035d2393e242b8dbe683be3b633cdb/libretv.json - 作者: wokaotianshi123, 更新时间: unknown, 大小: 0.0 KB
[2025-10-29 01:40:07] ✅ 解析成功 - https://raw.githubusercontent.com/yutian81/data-source/97c13655052a73d5f455801eed3d366b97acf3ce/OrionTV/config.json - 作者: yutian81, 更新时间: unknown, 大小: 0.0 KB
[2025-10-29 01:40:08] ✅ 解析成功 - https://raw.githubusercontent.com/Pundsup/Live/ca68663b7bfc0bf15ff2e844643ef9bf5b7f3f8d/yszyby.json - 作者: Pundsup, 更新时间: unknown, 大小: 0.0 KB
[2025-10-29 01:40:08] ✅ 解析成功 - https://raw.githubusercontent.com/hafrey1/LunaTV-config/6f79334caa3d28ea5f0973a93a400f46f2f22327/LunaTV-config.json - 作者: hafrey1, 更新时间: unknown, 大小: 0.0 KB
[2025-10-29 01:40:08] ✅ 解析成功 - https://raw.githubusercontent.com/Jonney111/jonney_clash/7277685840b1cbedbc2b55377acc81adff1d5745/moontv.json - 作者: Jonney111, 更新时间: unknown, 大小: 0.0 KB
[2025-10-29 01:40:08] ✅ 解析成功 - https://raw.githubusercontent.com/RikkaLzw/LeeupTV/55dbf5630216ccf911ca75b2ec9e6a16197ca4b1/config.json - 作者: RikkaLzw, 更新时间: unknown, 大小: 0.0 KB
[2025-10-29 01:40:08] ✅ 解析成功 - https://raw.githubusercontent.com/Pundsup/Live/ca68663b7bfc0bf15ff2e844643ef9bf5b7f3f8d/yszy.json - 作者: Pundsup, 更新时间: unknown, 大小: 0.0 KB
[2025-10-30 01:39:39] ✅ 解析成功 - https://raw.githubusercontent.com/katelya77/KatelyaTV/fc78bb11c026285d1b66e841b227e6171574956c/config.json - 作者: katelya77, 更新时间: unknown, 大小: 0.0 KB
[2025-10-30 01:39:39] ✅ 解析成功 - https://raw.githubusercontent.com/hafrey1/LunaTV-config/c2a2f79aa5c357c2aca48cc9c5562d2599f16181/jingjian.json - 作者: hafrey1, 更新时间: unknown, 大小: 0.0 KB
[2025-10-30 01:39:40] ✅ 解析成功 - https://raw.githubusercontent.com/lovevampplus/cfdata/48ae504408e44ef0a64d175cca50bc57efde28b7/96.json - 作者: lovevampplus, 更新时间: unknown, 大小: 0.0 KB
[2025-10-30 01:39:40] ✅ 解析成功 - https://raw.githubusercontent.com/chat263/tvjson/45dbc00aebda1642a95c20be2b5a0bda61a60e78/m.json - 作者: chat263, 更新时间: unknown, 大小: 0.0 KB
[2025-10-30 01:39:40] ✅ 解析成功 - https://raw.githubusercontent.com/Stardm0/MoonTV/8ae5af9c14b13ccef8483a6ee71a6bc10c576d7e/config.json - 作者: Stardm0, 更新时间: unknown, 大小: 0.0 KB
[2025-10-30 01:39:40] ✅ 解析成功 - https://raw.githubusercontent.com/Mikephie/Script/ee97906a28d2fd6933b0025a27afc5aa10042c8a/config-2.json - 作者: Mikephie, 更新时间: unknown, 大小: 0.0 KB
[2025-10-30 01:39:40] ✅ 解析成功 - https://raw.githubusercontent.com/adminlove520/Source-Collector/c96c07c6cc42ab851972f5c720cb8ec37d49a6d3/config_isadult.json - 作者: adminlove520, 更新时间: unknown, 大小: 0.0 KB
[2025-10-30 01:39:40] ✅ 解析成功 - https://raw.githubusercontent.com/yenkj/epg/04d86080316b5ea84524843f0d8f802aa29d093b/config0.json - 作者: yenkj, 更新时间: unknown, 大小: 0.0 KB
[2025-10-30 01:39:40] ✅ 解析成功 - https://raw.githubusercontent.com/jeffliub/MoonTV2/0a23fd92f0523ba828a445dfbe41f563eec65d66/config.json - 作者: jeffliub, 更新时间: unknown, 大小: 0.0 KB
[2025-10-30 01:39:40] ✅ 解析成功 - https://raw.githubusercontent.com/Pundsup/Live/dfc568b0eb6cb46f4f81e6745b769a06b301006a/yszyby.json - 作者: Pundsup, 更新时间: unknown, 大小: 0.0 KB
[2025-10-30 01:39:40] ❌ JSON语法错误 - https://raw.githubusercontent.com/hafrey1/MoonTV1.1.1/614f381e5312d9821bd5fe058f9eed9426e96d23/config.json - Expecting value: line 151 column 1 (char 5001)
[2025-10-30 01:39:41] ✅ 解析成功 - https://raw.githubusercontent.com/oooopera/moontv_config/1e6a9fa6802a138fa9a866bb004e2a7136eb7c94/config%E5%88%9D%E5%A7%8B.json - 作者: oooopera, 更新时间: unknown, 大小: 0.0 KB
[2025-10-30 01:39:41] ✅ 解析成功 - https://raw.githubusercontent.com/PAICNI/Videos_PLUS/b51ff1521a1e77f17ad538ccfd3c100cc42e0663/MoonTV%E8%A7%86%E9%A2%91%E6%BA%90Plus%E7%89%88.json - 作者: PAICNI, 更新时间: unknown, 大小: 0.0 KB
[2025-10-30 01:39:41] ✅ 解析成功 - https://raw.githubusercontent.com/cc638/tvbox/20d56986273b6dbc5c9ac31da1c83e0b90019871/%E8%A7%86%E9%A2%91%E6%BA%90.json - 作者: cc638, 更新时间: unknown, 大小: 0.0 KB
[2025-10-30 01:39:41] ✅ 解析成功 - https://raw.githubusercontent.com/Jonney111/jonney_clash/7277685840b1cbedbc2b55377acc81adff1d5745/moontv.json - 作者: Jonney111, 更新时间: unknown, 大小: 0.0 KB
[2025-10-30 01:39:41] ✅ 解析成功 - https://raw.githubusercontent.com/wokaotianshi123/wokaotianshi123.github.io/e4ab1aa237f6a8736033b608ad1a0a3c494ee661/moontv/config_2025-09-23.json - 作者: wokaotianshi123, 更新时间: unknown, 大小: 0.0 KB
[2025-10-30 01:39:41] ✅ 解析成功 - https://raw.githubusercontent.com/yjh800307/yjh800307.github.io/4b825da4ab5059eae4f36ffc59877d0b5a76ea63/moontv.json - 作者: yjh800307, 更新时间: unknown, 大小: 0.0 KB
[2025-10-30 01:39:41] ✅ 解析成功 - https://raw.githubusercontent.com/xqrock/openfile/75df10457a00a6e5c9458f20122ebe2c5274c83e/config/vod.json - 作者: xqrock, 更新时间: unknown, 大小: 0.0 KB
[2025-10-30 01:39:41] ✅ 解析成功 - https://raw.githubusercontent.com/kpsmail/new/8057c0c7c79f20afc6d658de13759621dc4011cb/config.json - 作者: kpsmail, 更新时间: unknown, 大小: 0.0 KB
[2025-10-30 01:39:42] ✅ 解析成功 - https://raw.githubusercontent.com/viacooky/tv-box-sub/3f7188cb5f0b65903fb0bc5dc94b2128e8e6f021/2.json - 作者: viacooky, 更新时间: unknown, 大小: 0.0 KB
[2025-10-30 01:39:42] ✅ 解析成功 - https://raw.githubusercontent.com/samqin123/MoonTV/c0bba763d16fb5cd830a808d58329025337491cf/config.json - 作者: samqin123, 更新时间: unknown, 大小: 0.0 KB
[2025-10-30 01:39:42] ✅ 解析成功 - https://raw.githubusercontent.com/Mikephie/Script/ee97906a28d2fd6933b0025a27afc5aa10042c8a/config-3.json - 作者: Mikephie, 更新时间: unknown, 大小: 0.0 KB
[2025-10-30 01:39:42] ✅ 解析成功 - https://raw.githubusercontent.com/SCXSVIP/TV/e7bc32117505d2bda3b31ade3dc96114c6ce623c/MoonTV/MoonTV-xs.json - 作者: SCXSVIP, 更新时间: unknown, 大小: 0.0 KB
[2025-10-30 01:39:42] ✅ 解析成功 - https://raw.githubusercontent.com/zhumengkang/edgeone-moontv/262ce332a93ba34966adb07761e7bfab8faab7bf/config.json - 作者: zhumengkang, 更新时间: unknown, 大小: 0.0 KB
[2025-10-30 01:39:42] ✅ 解析成功 - https://raw.githubusercontent.com/yangbvv/yangbvv.github.io/ccc07b795d13d93dc95eb0ca233bd1dd0726b624/moontv.json - 作者: yangbvv, 更新时间: unknown, 大小: 0.0 KB
[2025-10-30 01:39:42] ✅ 解析成功 - https://raw.githubusercontent.com/oooopera/moontv_config/1e6a9fa6802a138fa9a866bb004e2a7136eb7c94/input.json - 作者: oooopera, 更新时间: unknown, 大小: 0.0 KB
[2025-10-30 01:39:42] ✅ 解析成功 - https://raw.githubusercontent.com/mhq1389/lsegou/7cbbee54537334e668dd678fd8a8ef5efe6e0957/config.json - 作者: mhq1389, 更新时间: unknown, 大小: 0.0 KB
[2025-10-30 01:39:42] ✅ 解析成功 - https://raw.githubusercontent.com/gxnas/TvBox/73fe7b54b2ac132896f821f76e6a877079250c81/20250823.json - 作者: gxnas, 更新时间: unknown, 大小: 0.0 KB
[2025-10-30 01:39:43] ✅ 解析成功 - https://raw.githubusercontent.com/haogege8888/KatelyaTV/e58837e6b5dcc4d7d112e05e1d9bda3e9b3bf992/config.json - 作者: haogege8888, 更新时间: unknown, 大小: 0.0 KB
[2025-10-30 01:39:43] ✅ 解析成功 - https://raw.githubusercontent.com/lovevampplus/cfdata/48ae504408e44ef0a64d175cca50bc57efde28b7/moontv-config.json - 作者: lovevampplus, 更新时间: unknown, 大小: 0.0 KB
[2025-10-31 01:28:22] ✅ 解析成功 - https://raw.githubusercontent.com/katelya77/KatelyaTV/fc78bb11c026285d1b66e841b227e6171574956c/config.json - 作者: katelya77, 更新时间: unknown, 大小: 0.0 KB
[2025-10-31 01:28:22] ✅ 解析成功 - https://raw.githubusercontent.com/hafrey1/LunaTV-config/bf19a6986e9be50e9d405eeb41c04f8a9e69056c/jingjian.json - 作者: hafrey1, 更新时间: unknown, 大小: 0.0 KB
[2025-10-31 01:28:23] ✅ 解析成功 - https://raw.githubusercontent.com/wokaotianshi123/wokaotianshi123.github.io/172bb69966e3974d9ba311c53d792e8b7d632044/luna20251027.json - 作者: wokaotianshi123, 更新时间: unknown, 大小: 0.0 KB
[2025-10-31 01:28:23] ✅ 解析成功 - https://raw.githubusercontent.com/webshellren/XMoonTV/ef052045a4f7a3a10c5907da4d30e3a90984b03b/config.json - 作者: webshellren, 更新时间: unknown, 大小: 0.0 KB
[2025-10-31 01:28:23] ✅ 解析成功 - https://raw.githubusercontent.com/Stardm0/MoonTV/8ae5af9c14b13ccef8483a6ee71a6bc10c576d7e/config.json - 作者: Stardm0, 更新时间: unknown, 大小: 0.0 KB
[2025-10-31 01:28:23] ✅ 解析成功 - https://raw.githubusercontent.com/Nesciasnenion/helloworld/cbaa34b8af6af1d1efedfa2230fe41ba1e1996da/moontv-config-all.json - 作者: Nesciasnenion, 更新时间: unknown, 大小: 0.0 KB
[2025-10-31 01:28:24] ✅ 解析成功 - https://raw.githubusercontent.com/lovevampplus/cfdata/48ae504408e44ef0a64d175cca50bc57efde28b7/96.json - 作者: lovevampplus, 更新时间: unknown, 大小: 0.0 KB
[2025-10-31 01:28:24] ✅ 解析成功 - https://raw.githubusercontent.com/oooopera/moontv_config/7daad17dbe8fbc6234dfb669e0ef484566fe8eb4/config%E5%88%9D%E5%A7%8B.json - 作者: oooopera, 更新时间: unknown, 大小: 0.0 KB
[2025-10-31 01:28:24] ✅ 解析成功 - https://raw.githubusercontent.com/yjh800307/yjh800307.github.io/4b825da4ab5059eae4f36ffc59877d0b5a76ea63/moontv.json - 作者: yjh800307, 更新时间: unknown, 大小: 0.0 KB
[2025-10-31 01:28:24] ✅ 解析成功 - https://raw.githubusercontent.com/yenkj/epg/fd0576c83555bc352f4fadc40a187dd480d621be/config0.json - 作者: yenkj, 更新时间: unknown, 大小: 0.0 KB
[2025-10-31 01:28:24] ✅ 解析成功 - https://raw.githubusercontent.com/Mikephie/Script/2992cfee72a0023e57e6b614b5561b35aaad8d20/config-2.json - 作者: Mikephie, 更新时间: unknown, 大小: 0.0 KB
[2025-10-31 01:28:25] ✅ 解析成功 - https://raw.githubusercontent.com/PAICNI/Videos_PLUS/b51ff1521a1e77f17ad538ccfd3c100cc42e0663/MoonTV%E8%A7%86%E9%A2%91%E6%BA%90Plus%E7%89%88.json - 作者: PAICNI, 更新时间: unknown, 大小: 0.0 KB
[2025-10-31 01:28:25] ✅ 解析成功 - https://raw.githubusercontent.com/Jonney111/jonney_clash/7277685840b1cbedbc2b55377acc81adff1d5745/moontv.json - 作者: Jonney111, 更新时间: unknown, 大小: 0.0 KB
[2025-10-31 01:28:25] ✅ 解析成功 - https://raw.githubusercontent.com/chat263/tvjson/45dbc00aebda1642a95c20be2b5a0bda61a60e78/m.json - 作者: chat263, 更新时间: unknown, 大小: 0.0 KB
[2025-10-31 01:28:25] ✅ 解析成功 - https://raw.githubusercontent.com/moli-xia/MoonTV-app/aea64cc2504b56ea05e23fc2af49c7ed5a305dea/config.json - 作者: moli-xia, 更新时间: unknown, 大小: 0.0 KB
[2025-10-31 01:28:25] ✅ 解析成功 - https://raw.githubusercontent.com/gxnas/TvBox/73fe7b54b2ac132896f821f76e6a877079250c81/20250823.json - 作者: gxnas, 更新时间: unknown, 大小: 0.0 KB
[2025-10-31 01:28:26] ✅ 解析成功 - https://raw.githubusercontent.com/lovevampplus/cfdata/48ae504408e44ef0a64d175cca50bc57efde28b7/moontv-config.json - 作者: lovevampplus, 更新时间: unknown, 大小: 0.0 KB
[2025-10-31 01:28:26] ✅ 解析成功 - https://raw.githubusercontent.com/Pundsup/Live/dfc568b0eb6cb46f4f81e6745b769a06b301006a/yszyby.json - 作者: Pundsup, 更新时间: unknown, 大小: 0.0 KB
[2025-10-31 01:28:26] ✅ 解析成功 - https://raw.githubusercontent.com/Mikephie/Script/2992cfee72a0023e57e6b614b5561b35aaad8d20/config-3.json - 作者: Mikephie, 更新时间: unknown, 大小: 0.0 KB
[2025-10-31 01:28:26] ✅ 解析成功 - https://raw.githubusercontent.com/xqrock/openfile/75df10457a00a6e5c9458f20122ebe2c5274c83e/config/vod.json - 作者: xqrock, 更新时间: unknown, 大小: 0.0 KB
[2025-10-31 01:28:27] ✅ 解析成功 - https://raw.githubusercontent.com/kpsmail/new/8057c0c7c79f20afc6d658de13759621dc4011cb/config.json - 作者: kpsmail, 更新时间: unknown, 大小: 0.0 KB
[2025-10-31 01:28:27] ✅ 解析成功 - https://raw.githubusercontent.com/cc638/tvbox/20d56986273b6dbc5c9ac31da1c83e0b90019871/%E8%A7%86%E9%A2%91%E6%BA%90.json - 作者: cc638, 更新时间: unknown, 大小: 0.0 KB
[2025-10-31 01:28:27] ✅ 解析成功 - https://raw.githubusercontent.com/jeffliub/MoonTV2/0a23fd92f0523ba828a445dfbe41f563eec65d66/config.json - 作者: jeffliub, 更新时间: unknown, 大小: 0.0 KB
[2025-10-31 01:28:27] ✅ 解析成功 - https://raw.githubusercontent.com/chisenin/rules-template/75231ea30f347dc89a38cd787b6321a4d078b688/config.json - 作者: chisenin, 更新时间: unknown, 大小: 0.0 KB
[2025-10-31 01:28:27] ✅ 解析成功 - https://raw.githubusercontent.com/oooopera/moontv_config/7daad17dbe8fbc6234dfb669e0ef484566fe8eb4/input.json - 作者: oooopera, 更新时间: unknown, 大小: 0.0 KB
[2025-10-31 01:28:28] ✅ 解析成功 - https://raw.githubusercontent.com/viacooky/tv-box-sub/3f7188cb5f0b65903fb0bc5dc94b2128e8e6f021/1.json - 作者: viacooky, 更新时间: unknown, 大小: 0.0 KB
[2025-10-31 01:28:28] ✅ 解析成功 - https://raw.githubusercontent.com/lyqnihao/m3u8/719c30115e56a42e21ac6d50191d3e3ada5d2330/MoonTV/config.json - 作者: lyqnihao, 更新时间: unknown, 大小: 0.0 KB
[2025-10-31 01:28:28] ✅ 解析成功 - https://raw.githubusercontent.com/yangbvv/yangbvv.github.io/ccc07b795d13d93dc95eb0ca233bd1dd0726b624/moontv.json - 作者: yangbvv, 更新时间: unknown, 大小: 0.0 KB
[2025-10-31 01:28:28] ✅ 解析成功 - https://raw.githubusercontent.com/hafrey1/LunaTV-config/bf19a6986e9be50e9d405eeb41c04f8a9e69056c/jin18.json - 作者: hafrey1, 更新时间: unknown, 大小: 0.0 KB
[2025-10-31 01:28:29] ✅ 解析成功 - https://raw.githubusercontent.com/zhumengkang/edgeone-moontv/262ce332a93ba34966adb07761e7bfab8faab7bf/config.json - 作者: zhumengkang, 更新时间: unknown, 大小: 0.0 KB
[2025-11-01 01:40:15] ✅ 解析成功 - https://raw.githubusercontent.com/katelya77/KatelyaTV/fc78bb11c026285d1b66e841b227e6171574956c/config.json - 作者: katelya77, 更新时间: unknown, 大小: 0.0 KB
[2025-11-01 01:40:15] ✅ 解析成功 - https://raw.githubusercontent.com/hafrey1/LunaTV-config/30d1af17de04f93d365b3f49f7f869ceec1adfe4/jingjian.json - 作者: hafrey1, 更新时间: unknown, 大小: 0.0 KB
[2025-11-01 01:40:15] ✅ 解析成功 - https://raw.githubusercontent.com/wokaotianshi123/wokaotianshi123.github.io/172bb69966e3974d9ba311c53d792e8b7d632044/luna20251027.json - 作者: wokaotianshi123, 更新时间: unknown, 大小: 0.0 KB
[2025-11-01 01:40:15] ✅ 解析成功 - https://raw.githubusercontent.com/webshellren/XMoonTV/ef052045a4f7a3a10c5907da4d30e3a90984b03b/config.json - 作者: webshellren, 更新时间: unknown, 大小: 0.0 KB
[2025-11-01 01:40:16] ✅ 解析成功 - https://raw.githubusercontent.com/Stardm0/MoonTV/8ae5af9c14b13ccef8483a6ee71a6bc10c576d7e/config.json - 作者: Stardm0, 更新时间: unknown, 大小: 0.0 KB
[2025-11-01 01:40:16] ✅ 解析成功 - https://raw.githubusercontent.com/hjdhnx/drpy-node/0bf8c0cf53da0134c4a2f20e5e8295353760e39d/scripts/mjs/moontv.json - 作者: hjdhnx, 更新时间: unknown, 大小: 0.0 KB
[2025-11-01 01:40:16] ✅ 解析成功 - https://raw.githubusercontent.com/yenkj/epg/6ac9229a77f80f9404c4c72d8219b9c859b25b6b/config0.json - 作者: yenkj, 更新时间: unknown, 大小: 0.0 KB
[2025-11-01 01:40:16] ✅ 解析成功 - https://raw.githubusercontent.com/oooopera/moontv_config/01c442fd3f8e20a408cc38bc79303514974698ca/config%E5%88%9D%E5%A7%8B.json - 作者: oooopera, 更新时间: unknown, 大小: 0.0 KB
[2025-11-01 01:40:17] ✅ 解析成功 - https://raw.githubusercontent.com/viacooky/tv-box-sub/3f7188cb5f0b65903fb0bc5dc94b2128e8e6f021/2.json - 作者: viacooky, 更新时间: unknown, 大小: 0.0 KB
[2025-11-01 01:40:17] ✅ 解析成功 - https://raw.githubusercontent.com/lovevampplus/cfdata/48ae504408e44ef0a64d175cca50bc57efde28b7/96.json - 作者: lovevampplus, 更新时间: unknown, 大小: 0.0 KB
[2025-11-01 01:40:17] ✅ 解析成功 - https://raw.githubusercontent.com/Mikephie/Script/68510b984a6734f705c74bdd878f683440c97074/config-2.json - 作者: Mikephie, 更新时间: unknown, 大小: 0.0 KB
[2025-11-01 01:40:17] ✅ 解析成功 - https://raw.githubusercontent.com/SCXSVIP/TV/e7bc32117505d2bda3b31ade3dc96114c6ce623c/MoonTV/MoonTV-xs.json - 作者: SCXSVIP, 更新时间: unknown, 大小: 0.0 KB
[2025-11-01 01:40:17] ✅ 解析成功 - https://raw.githubusercontent.com/xqrock/openfile/75df10457a00a6e5c9458f20122ebe2c5274c83e/config/vod.json - 作者: xqrock, 更新时间: unknown, 大小: 0.0 KB
[2025-11-01 01:40:17] ✅ 解析成功 - https://raw.githubusercontent.com/yjh800307/yjh800307.github.io/4b825da4ab5059eae4f36ffc59877d0b5a76ea63/moontv.json - 作者: yjh800307, 更新时间: unknown, 大小: 0.0 KB
[2025-11-01 01:40:18] ✅ 解析成功 - https://raw.githubusercontent.com/louis779/moontyv/0fe913bafef02036b393feed5683349145c9480a/config.json - 作者: louis779, 更新时间: unknown, 大小: 0.0 KB
[2025-11-01 01:40:18] ✅ 解析成功 - https://raw.githubusercontent.com/adminlove520/Source-Collector/c96c07c6cc42ab851972f5c720cb8ec37d49a6d3/config_isadult.json - 作者: adminlove520, 更新时间: unknown, 大小: 0.0 KB
[2025-11-01 01:40:18] ✅ 解析成功 - https://raw.githubusercontent.com/cc638/tvbox/20d56986273b6dbc5c9ac31da1c83e0b90019871/%E8%A7%86%E9%A2%91%E6%BA%90.json - 作者: cc638, 更新时间: unknown, 大小: 0.0 KB
[2025-11-01 01:40:18] ✅ 解析成功 - https://raw.githubusercontent.com/wokaotianshi123/jgcj/41f63754817d39a14c714d34a6d9c06a3a5a4b27/libretv.json - 作者: wokaotianshi123, 更新时间: unknown, 大小: 0.0 KB
[2025-11-01 01:40:18] ✅ 解析成功 - https://raw.githubusercontent.com/haogege8888/KatelyaTV/e58837e6b5dcc4d7d112e05e1d9bda3e9b3bf992/config.json - 作者: haogege8888, 更新时间: unknown, 大小: 0.0 KB
[2025-11-01 01:40:19] ✅ 解析成功 - https://raw.githubusercontent.com/katelya77/KatelyaTV/fc78bb11c026285d1b66e841b227e6171574956c/config.example.json - 作者: katelya77, 更新时间: unknown, 大小: 0.0 KB
[2025-11-01 01:40:19] ✅ 解析成功 - https://raw.githubusercontent.com/Nesciasnenion/helloworld/cbaa34b8af6af1d1efedfa2230fe41ba1e1996da/moontv-config-all.json - 作者: Nesciasnenion, 更新时间: unknown, 大小: 0.0 KB
[2025-11-01 01:40:19] ✅ 解析成功 - https://raw.githubusercontent.com/Jonney111/jonney_clash/7277685840b1cbedbc2b55377acc81adff1d5745/moontv.json - 作者: Jonney111, 更新时间: unknown, 大小: 0.0 KB
[2025-11-01 01:40:19] ✅ 解析成功 - https://raw.githubusercontent.com/hanzhenya/hzyiptv/00923a1043db8e531f730912d565eb8619b5675f/config(%E8%80%81).json - 作者: hanzhenya, 更新时间: unknown, 大小: 0.0 KB
[2025-11-01 01:40:19] ✅ 解析成功 - https://raw.githubusercontent.com/hafrey1/LunaTV-config/30d1af17de04f93d365b3f49f7f869ceec1adfe4/LunaTV-config.json - 作者: hafrey1, 更新时间: unknown, 大小: 0.0 KB
[2025-11-01 01:40:20] ✅ 解析成功 - https://raw.githubusercontent.com/viacooky/tv-box-sub/3f7188cb5f0b65903fb0bc5dc94b2128e8e6f021/1.json - 作者: viacooky, 更新时间: unknown, 大小: 0.0 KB
[2025-11-01 01:40:20] ✅ 解析成功 - https://raw.githubusercontent.com/gxnas/TvBox/73fe7b54b2ac132896f821f76e6a877079250c81/20250823.json - 作者: gxnas, 更新时间: unknown, 大小: 0.0 KB
[2025-11-01 01:40:20] ✅ 解析成功 - https://raw.githubusercontent.com/PAICNI/Videos_PLUS/b51ff1521a1e77f17ad538ccfd3c100cc42e0663/MoonTV%E8%A7%86%E9%A2%91%E6%BA%90Plus%E7%89%88.json - 作者: PAICNI, 更新时间: unknown, 大小: 0.0 KB
[2025-11-01 01:40:20] ✅ 解析成功 - https://raw.githubusercontent.com/adminlove520/Source-Collector/c96c07c6cc42ab851972f5c720cb8ec37d49a6d3/configplus_isadult.json - 作者: adminlove520, 更新时间: unknown, 大小: 0.0 KB
[2025-11-01 01:40:20] ✅ 解析成功 - https://raw.githubusercontent.com/chisenin/rules-template/9f7881cfcc46565588edeaaeba86ee35ceb0d6f7/config.json - 作者: chisenin, 更新时间: unknown, 大小: 0.0 KB
[2025-11-01 01:40:20] ✅ 解析成功 - https://raw.githubusercontent.com/yangbvv/yangbvv.github.io/ccc07b795d13d93dc95eb0ca233bd1dd0726b624/moontv.json - 作者: yangbvv, 更新时间: unknown, 大小: 0.0 KB
[2025-11-02 01:41:45] ✅ 解析成功 - https://raw.githubusercontent.com/katelya77/KatelyaTV/fc78bb11c026285d1b66e841b227e6171574956c/config.json - 作者: katelya77, 更新时间: unknown, 大小: 0.0 KB
[2025-11-02 01:41:45] ✅ 解析成功 - https://raw.githubusercontent.com/hafrey1/LunaTV-config/d0386b4804067ae608f8f76e1024d983d8685e15/jingjian.json - 作者: hafrey1, 更新时间: unknown, 大小: 0.0 KB
[2025-11-02 01:41:45] ✅ 解析成功 - https://raw.githubusercontent.com/wokaotianshi123/wokaotianshi123.github.io/172bb69966e3974d9ba311c53d792e8b7d632044/luna20251027.json - 作者: wokaotianshi123, 更新时间: unknown, 大小: 0.0 KB
[2025-11-02 01:41:45] ✅ 解析成功 - https://raw.githubusercontent.com/webshellren/XMoonTV/ef052045a4f7a3a10c5907da4d30e3a90984b03b/config.json - 作者: webshellren, 更新时间: unknown, 大小: 0.0 KB
[2025-11-02 01:41:45] ✅ 解析成功 - https://raw.githubusercontent.com/Stardm0/MoonTV/8ae5af9c14b13ccef8483a6ee71a6bc10c576d7e/config.json - 作者: Stardm0, 更新时间: unknown, 大小: 0.0 KB
[2025-11-02 01:41:45] ✅ 解析成功 - https://raw.githubusercontent.com/hjdhnx/drpy-node/0bf8c0cf53da0134c4a2f20e5e8295353760e39d/scripts/mjs/moontv.json - 作者: hjdhnx, 更新时间: unknown, 大小: 0.0 KB
[2025-11-02 01:41:45] ✅ 解析成功 - https://raw.githubusercontent.com/yenkj/epg/bc5b5f621288e16eacbb1762f981d9d53cdf3d8e/config0.json - 作者: yenkj, 更新时间: unknown, 大小: 0.0 KB
[2025-11-02 01:41:46] ✅ 解析成功 - https://raw.githubusercontent.com/oooopera/moontv_config/60d878bac6cbb578beeab58591289b7f3ebb704e/config%E5%88%9D%E5%A7%8B.json - 作者: oooopera, 更新时间: unknown, 大小: 0.0 KB
[2025-11-02 01:41:46] ✅ 解析成功 - https://raw.githubusercontent.com/viacooky/tv-box-sub/3f7188cb5f0b65903fb0bc5dc94b2128e8e6f021/2.json - 作者: viacooky, 更新时间: unknown, 大小: 0.0 KB
[2025-11-02 01:41:46] ✅ 解析成功 - https://raw.githubusercontent.com/lovevampplus/cfdata/48ae504408e44ef0a64d175cca50bc57efde28b7/96.json - 作者: lovevampplus, 更新时间: unknown, 大小: 0.0 KB
[2025-11-02 01:41:46] ✅ 解析成功 - https://raw.githubusercontent.com/Mikephie/Script/e3750d9993aa307fb1bf373cbd90b1837dbd3cd5/config-2.json - 作者: Mikephie, 更新时间: unknown, 大小: 0.0 KB
[2025-11-02 01:41:46] ✅ 解析成功 - https://raw.githubusercontent.com/SCXSVIP/TV/e7bc32117505d2bda3b31ade3dc96114c6ce623c/MoonTV/MoonTV-xs.json - 作者: SCXSVIP, 更新时间: unknown, 大小: 0.0 KB
[2025-11-02 01:41:46] ✅ 解析成功 - https://raw.githubusercontent.com/xqrock/openfile/75df10457a00a6e5c9458f20122ebe2c5274c83e/config/vod.json - 作者: xqrock, 更新时间: unknown, 大小: 0.0 KB
[2025-11-02 01:41:46] ✅ 解析成功 - https://raw.githubusercontent.com/yjh800307/yjh800307.github.io/4b825da4ab5059eae4f36ffc59877d0b5a76ea63/moontv.json - 作者: yjh800307, 更新时间: unknown, 大小: 0.0 KB
[2025-11-02 01:41:46] ✅ 解析成功 - https://raw.githubusercontent.com/louis779/moontyv/0fe913bafef02036b393feed5683349145c9480a/config.json - 作者: louis779, 更新时间: unknown, 大小: 0.0 KB
[2025-11-02 01:41:47] ✅ 解析成功 - https://raw.githubusercontent.com/adminlove520/Source-Collector/c96c07c6cc42ab851972f5c720cb8ec37d49a6d3/config_isadult.json - 作者: adminlove520, 更新时间: unknown, 大小: 0.0 KB
[2025-11-02 01:41:47] ✅ 解析成功 - https://raw.githubusercontent.com/cc638/tvbox/20d56986273b6dbc5c9ac31da1c83e0b90019871/%E8%A7%86%E9%A2%91%E6%BA%90.json - 作者: cc638, 更新时间: unknown, 大小: 0.0 KB
[2025-11-02 01:41:47] ✅ 解析成功 - https://raw.githubusercontent.com/wokaotianshi123/jgcj/41f63754817d39a14c714d34a6d9c06a3a5a4b27/libretv.json - 作者: wokaotianshi123, 更新时间: unknown, 大小: 0.0 KB
[2025-11-02 01:41:47] ✅ 解析成功 - https://raw.githubusercontent.com/haogege8888/KatelyaTV/e58837e6b5dcc4d7d112e05e1d9bda3e9b3bf992/config.json - 作者: haogege8888, 更新时间: unknown, 大小: 0.0 KB
[2025-11-02 01:41:47] ✅ 解析成功 - https://raw.githubusercontent.com/katelya77/KatelyaTV/fc78bb11c026285d1b66e841b227e6171574956c/config.example.json - 作者: katelya77, 更新时间: unknown, 大小: 0.0 KB
[2025-11-02 01:41:47] ✅ 解析成功 - https://raw.githubusercontent.com/Nesciasnenion/helloworld/cbaa34b8af6af1d1efedfa2230fe41ba1e1996da/moontv-config-all.json - 作者: Nesciasnenion, 更新时间: unknown, 大小: 0.0 KB
[2025-11-02 01:41:47] ✅ 解析成功 - https://raw.githubusercontent.com/Jonney111/jonney_clash/7277685840b1cbedbc2b55377acc81adff1d5745/moontv.json - 作者: Jonney111, 更新时间: unknown, 大小: 0.0 KB
[2025-11-02 01:41:47] ✅ 解析成功 - https://raw.githubusercontent.com/hafrey1/LunaTV-config/d0386b4804067ae608f8f76e1024d983d8685e15/LunaTV-config.json - 作者: hafrey1, 更新时间: unknown, 大小: 0.0 KB
[2025-11-02 01:41:48] ✅ 解析成功 - https://raw.githubusercontent.com/hanzhenya/hzyiptv/00923a1043db8e531f730912d565eb8619b5675f/config(%E8%80%81).json - 作者: hanzhenya, 更新时间: unknown, 大小: 0.0 KB
[2025-11-02 01:41:48] ✅ 解析成功 - https://raw.githubusercontent.com/viacooky/tv-box-sub/3f7188cb5f0b65903fb0bc5dc94b2128e8e6f021/1.json - 作者: viacooky, 更新时间: unknown, 大小: 0.0 KB
[2025-11-02 01:41:48] ✅ 解析成功 - https://raw.githubusercontent.com/gxnas/TvBox/73fe7b54b2ac132896f821f76e6a877079250c81/20250823.json - 作者: gxnas, 更新时间: unknown, 大小: 0.0 KB
[2025-11-02 01:41:48] ✅ 解析成功 - https://raw.githubusercontent.com/PAICNI/Videos_PLUS/b51ff1521a1e77f17ad538ccfd3c100cc42e0663/MoonTV%E8%A7%86%E9%A2%91%E6%BA%90Plus%E7%89%88.json - 作者: PAICNI, 更新时间: unknown, 大小: 0.0 KB
[2025-11-02 01:41:48] ✅ 解析成功 - https://raw.githubusercontent.com/adminlove520/Source-Collector/c96c07c6cc42ab851972f5c720cb8ec37d49a6d3/configplus_isadult.json - 作者: adminlove520, 更新时间: unknown, 大小: 0.0 KB
[2025-11-02 01:41:48] ✅ 解析成功 - https://raw.githubusercontent.com/chisenin/rules-template/3583f105adf7d3e67f88b13890653dc284ae7116/config.json - 作者: chisenin, 更新时间: unknown, 大小: 0.0 KB
[2025-11-02 01:41:48] ✅ 解析成功 - https://raw.githubusercontent.com/yangbvv/yangbvv.github.io/ccc07b795d13d93dc95eb0ca233bd1dd0726b624/moontv.json - 作者: yangbvv, 更新时间: unknown, 大小: 0.0 KB
[2025-11-03 01:41:11] ✅ 解析成功 - https://raw.githubusercontent.com/katelya77/KatelyaTV/fc78bb11c026285d1b66e841b227e6171574956c/config.json - 作者: katelya77, 更新时间: unknown, 大小: 0.0 KB
[2025-11-03 01:41:11] ✅ 解析成功 - https://raw.githubusercontent.com/hafrey1/LunaTV-config/fdb6a436487bd1aaac1bd989cac893db3082f2ff/jingjian.json - 作者: hafrey1, 更新时间: unknown, 大小: 0.0 KB
[2025-11-03 01:41:11] ✅ 解析成功 - https://raw.githubusercontent.com/wokaotianshi123/wokaotianshi123.github.io/172bb69966e3974d9ba311c53d792e8b7d632044/luna20251027.json - 作者: wokaotianshi123, 更新时间: unknown, 大小: 0.0 KB
[2025-11-03 01:41:11] ✅ 解析成功 - https://raw.githubusercontent.com/webshellren/XMoonTV/ef052045a4f7a3a10c5907da4d30e3a90984b03b/config.json - 作者: webshellren, 更新时间: unknown, 大小: 0.0 KB
[2025-11-03 01:41:12] ✅ 解析成功 - https://raw.githubusercontent.com/Stardm0/MoonTV/8ae5af9c14b13ccef8483a6ee71a6bc10c576d7e/config.json - 作者: Stardm0, 更新时间: unknown, 大小: 0.0 KB
[2025-11-03 01:41:12] ✅ 解析成功 - https://raw.githubusercontent.com/Nesciasnenion/helloworld/cbaa34b8af6af1d1efedfa2230fe41ba1e1996da/moontv-config-all.json - 作者: Nesciasnenion, 更新时间: unknown, 大小: 0.0 KB
[2025-11-03 01:41:12] ✅ 解析成功 - https://raw.githubusercontent.com/lovevampplus/cfdata/48ae504408e44ef0a64d175cca50bc57efde28b7/96.json - 作者: lovevampplus, 更新时间: unknown, 大小: 0.0 KB
[2025-11-03 01:41:12] ✅ 解析成功 - https://raw.githubusercontent.com/oooopera/moontv_config/e0b909835cadfc42f7a61e58399a3135fb1aba65/config%E5%88%9D%E5%A7%8B.json - 作者: oooopera, 更新时间: unknown, 大小: 0.0 KB
[2025-11-03 01:41:12] ✅ 解析成功 - https://raw.githubusercontent.com/yjh800307/yjh800307.github.io/4b825da4ab5059eae4f36ffc59877d0b5a76ea63/moontv.json - 作者: yjh800307, 更新时间: unknown, 大小: 0.0 KB
[2025-11-03 01:41:12] ✅ 解析成功 - https://raw.githubusercontent.com/yenkj/epg/22a28e305df46d9ef10bb5c893a04ec0a569492c/config0.json - 作者: yenkj, 更新时间: unknown, 大小: 0.0 KB
[2025-11-03 01:41:12] ✅ 解析成功 - https://raw.githubusercontent.com/hafrey1/LunaTV-config/fdb6a436487bd1aaac1bd989cac893db3082f2ff/jin18.json - 作者: hafrey1, 更新时间: unknown, 大小: 0.0 KB
[2025-11-03 01:41:13] ✅ 解析成功 - https://raw.githubusercontent.com/PAICNI/Videos_PLUS/b51ff1521a1e77f17ad538ccfd3c100cc42e0663/MoonTV%E8%A7%86%E9%A2%91%E6%BA%90Plus%E7%89%88.json - 作者: PAICNI, 更新时间: unknown, 大小: 0.0 KB
[2025-11-03 01:41:13] ✅ 解析成功 - https://raw.githubusercontent.com/yangbvv/yangbvv.github.io/ccc07b795d13d93dc95eb0ca233bd1dd0726b624/moontv.json - 作者: yangbvv, 更新时间: unknown, 大小: 0.0 KB
[2025-11-03 01:41:13] ✅ 解析成功 - https://raw.githubusercontent.com/SCXSVIP/TV/e7bc32117505d2bda3b31ade3dc96114c6ce623c/MoonTV/MoonTV-xs.json - 作者: SCXSVIP, 更新时间: unknown, 大小: 0.0 KB
[2025-11-03 01:41:13] ✅ 解析成功 - https://raw.githubusercontent.com/Mikephie/Script/86d5396b8233ef46f8415367f40d93d1dc4f4d63/config-2.json - 作者: Mikephie, 更新时间: unknown, 大小: 0.0 KB
[2025-11-03 01:41:13] ✅ 解析成功 - https://raw.githubusercontent.com/haogege8888/KatelyaTV/e58837e6b5dcc4d7d112e05e1d9bda3e9b3bf992/config.json - 作者: haogege8888, 更新时间: unknown, 大小: 0.0 KB
[2025-11-03 01:41:13] ✅ 解析成功 - https://raw.githubusercontent.com/chat263/tvjson/45dbc00aebda1642a95c20be2b5a0bda61a60e78/m.json - 作者: chat263, 更新时间: unknown, 大小: 0.0 KB
[2025-11-03 01:41:13] ✅ 解析成功 - https://raw.githubusercontent.com/cc638/tvbox/20d56986273b6dbc5c9ac31da1c83e0b90019871/%E8%A7%86%E9%A2%91%E6%BA%90.json - 作者: cc638, 更新时间: unknown, 大小: 0.0 KB
[2025-11-03 01:41:14] ✅ 解析成功 - https://raw.githubusercontent.com/katelya77/KatelyaTV/fc78bb11c026285d1b66e841b227e6171574956c/config.example.json - 作者: katelya77, 更新时间: unknown, 大小: 0.0 KB
[2025-11-03 01:41:14] ✅ 解析成功 - https://raw.githubusercontent.com/xqrock/openfile/75df10457a00a6e5c9458f20122ebe2c5274c83e/config/vod.json - 作者: xqrock, 更新时间: unknown, 大小: 0.0 KB
[2025-11-03 01:41:14] ✅ 解析成功 - https://raw.githubusercontent.com/wokaotianshi123/jgcj/41f63754817d39a14c714d34a6d9c06a3a5a4b27/libretv.json - 作者: wokaotianshi123, 更新时间: unknown, 大小: 0.0 KB
[2025-11-03 01:41:14] ✅ 解析成功 - https://raw.githubusercontent.com/gxnas/TvBox/73fe7b54b2ac132896f821f76e6a877079250c81/20250823.json - 作者: gxnas, 更新时间: unknown, 大小: 0.0 KB
[2025-11-03 01:41:14] ✅ 解析成功 - https://raw.githubusercontent.com/jeffernn/joyflix/7ef1beeba1c6efe7e80a7dd33f28098446659e1b/config.json - 作者: jeffernn, 更新时间: unknown, 大小: 0.0 KB
[2025-11-03 01:41:14] ✅ 解析成功 - https://raw.githubusercontent.com/SeqCrafter/MyStaticFile/bcf26cd0a34c6ebff4a4bf6a1b355e72ea71431c/MoonTV/config.json - 作者: SeqCrafter, 更新时间: unknown, 大小: 0.0 KB
[2025-11-03 01:41:15] ✅ 解析成功 - https://raw.githubusercontent.com/viacooky/tv-box-sub/3f7188cb5f0b65903fb0bc5dc94b2128e8e6f021/2.json - 作者: viacooky, 更新时间: unknown, 大小: 0.0 KB
[2025-11-03 01:41:15] ✅ 解析成功 - https://raw.githubusercontent.com/adminlove520/Source-Collector/c96c07c6cc42ab851972f5c720cb8ec37d49a6d3/configplus_isadult.json - 作者: adminlove520, 更新时间: unknown, 大小: 0.0 KB
[2025-11-03 01:41:15] ✅ 解析成功 - https://raw.githubusercontent.com/moli-xia/MoonTV-app/aea64cc2504b56ea05e23fc2af49c7ed5a305dea/config.json - 作者: moli-xia, 更新时间: unknown, 大小: 0.0 KB
[2025-11-03 01:41:15] ✅ 解析成功 - https://raw.githubusercontent.com/lovevampplus/cfdata/48ae504408e44ef0a64d175cca50bc57efde28b7/moontv-config.json - 作者: lovevampplus, 更新时间: unknown, 大小: 0.0 KB
[2025-11-03 01:41:15] ✅ 解析成功 - https://raw.githubusercontent.com/Jonney111/jonney_clash/7277685840b1cbedbc2b55377acc81adff1d5745/moontv.json - 作者: Jonney111, 更新时间: unknown, 大小: 0.0 KB
[2025-11-03 01:41:15] ✅ 解析成功 - https://raw.githubusercontent.com/sk3879921/tvjson/3e5394dfbc292321326e218e7bc303716f3f5336/q.json - 作者: sk3879921, 更新时间: unknown, 大小: 0.0 KB
[2025-11-04 01:37:22] ✅ 解析成功 - https://raw.githubusercontent.com/katelya77/KatelyaTV/fc78bb11c026285d1b66e841b227e6171574956c/config.json - 作者: katelya77, 更新时间: unknown, 大小: 0.0 KB
[2025-11-04 01:37:23] ✅ 解析成功 - https://raw.githubusercontent.com/hafrey1/LunaTV-config/7876b57709826a3e97f25548cea8ff05c0d2a933/jingjian.json - 作者: hafrey1, 更新时间: unknown, 大小: 0.0 KB
[2025-11-04 01:37:23] ✅ 解析成功 - https://raw.githubusercontent.com/wokaotianshi123/wokaotianshi123.github.io/172bb69966e3974d9ba311c53d792e8b7d632044/luna20251027.json - 作者: wokaotianshi123, 更新时间: unknown, 大小: 0.0 KB
[2025-11-04 01:37:23] ✅ 解析成功 - https://raw.githubusercontent.com/webshellren/XMoonTV/ef052045a4f7a3a10c5907da4d30e3a90984b03b/config.json - 作者: webshellren, 更新时间: unknown, 大小: 0.0 KB
[2025-11-04 01:37:23] ✅ 解析成功 - https://raw.githubusercontent.com/Stardm0/MoonTV/8ae5af9c14b13ccef8483a6ee71a6bc10c576d7e/config.json - 作者: Stardm0, 更新时间: unknown, 大小: 0.0 KB
[2025-11-04 01:37:23] ✅ 解析成功 - https://raw.githubusercontent.com/lovevampplus/cfdata/48ae504408e44ef0a64d175cca50bc57efde28b7/moontv-config.json - 作者: lovevampplus, 更新时间: unknown, 大小: 0.0 KB
[2025-11-04 01:37:23] ✅ 解析成功 - https://raw.githubusercontent.com/Nesciasnenion/helloworld/cbaa34b8af6af1d1efedfa2230fe41ba1e1996da/moontv-config-all.json - 作者: Nesciasnenion, 更新时间: unknown, 大小: 0.0 KB
[2025-11-04 01:37:24] ✅ 解析成功 - https://raw.githubusercontent.com/mhq1389/lsegou/7cbbee54537334e668dd678fd8a8ef5efe6e0957/config.json - 作者: mhq1389, 更新时间: unknown, 大小: 0.0 KB
[2025-11-04 01:37:24] ✅ 解析成功 - https://raw.githubusercontent.com/Mikephie/Script/2b645d6f84313d6831898b233534b4c7a614072f/config-3.json - 作者: Mikephie, 更新时间: unknown, 大小: 0.0 KB
[2025-11-04 01:37:24] ✅ 解析成功 - https://raw.githubusercontent.com/viacooky/tv-box-sub/3f7188cb5f0b65903fb0bc5dc94b2128e8e6f021/2.json - 作者: viacooky, 更新时间: unknown, 大小: 0.0 KB
[2025-11-04 01:37:24] ✅ 解析成功 - https://raw.githubusercontent.com/adminlove520/Source-Collector/c96c07c6cc42ab851972f5c720cb8ec37d49a6d3/configplus_isadult.json - 作者: adminlove520, 更新时间: unknown, 大小: 0.0 KB
[2025-11-04 01:37:24] ✅ 解析成功 - https://raw.githubusercontent.com/cc638/tvbox/20d56986273b6dbc5c9ac31da1c83e0b90019871/%E8%A7%86%E9%A2%91%E6%BA%90.json - 作者: cc638, 更新时间: unknown, 大小: 0.0 KB
[2025-11-04 01:37:25] ✅ 解析成功 - https://raw.githubusercontent.com/SCXSVIP/TV/e7bc32117505d2bda3b31ade3dc96114c6ce623c/MoonTV/MoonTV-xs.json - 作者: SCXSVIP, 更新时间: unknown, 大小: 0.0 KB
[2025-11-04 01:37:25] ✅ 解析成功 - https://raw.githubusercontent.com/lyqnihao/m3u8/719c30115e56a42e21ac6d50191d3e3ada5d2330/MoonTV/config.json - 作者: lyqnihao, 更新时间: unknown, 大小: 0.0 KB
[2025-11-04 01:37:25] ✅ 解析成功 - https://raw.githubusercontent.com/Jonney111/jonney_clash/7277685840b1cbedbc2b55377acc81adff1d5745/moontv.json - 作者: Jonney111, 更新时间: unknown, 大小: 0.0 KB
[2025-11-04 01:37:25] ✅ 解析成功 - https://raw.githubusercontent.com/sk3879921/tvjson/3e5394dfbc292321326e218e7bc303716f3f5336/q.json - 作者: sk3879921, 更新时间: unknown, 大小: 0.0 KB
[2025-11-04 01:37:25] ✅ 解析成功 - https://raw.githubusercontent.com/hjdhnx/drpy-node/0bf8c0cf53da0134c4a2f20e5e8295353760e39d/scripts/mjs/moontv.json - 作者: hjdhnx, 更新时间: unknown, 大小: 0.0 KB
[2025-11-04 01:37:26] ✅ 解析成功 - https://raw.githubusercontent.com/katelya77/KatelyaTV/fc78bb11c026285d1b66e841b227e6171574956c/config.example.json - 作者: katelya77, 更新时间: unknown, 大小: 0.0 KB
[2025-11-04 01:37:26] ✅ 解析成功 - https://raw.githubusercontent.com/wokaotianshi123/jgcj/a6b05107c92712a1a48c632a001d8e0d9c47091b/libretv.json - 作者: wokaotianshi123, 更新时间: unknown, 大小: 0.0 KB
[2025-11-04 01:37:26] ✅ 解析成功 - https://raw.githubusercontent.com/xqrock/openfile/75df10457a00a6e5c9458f20122ebe2c5274c83e/config/vod.json - 作者: xqrock, 更新时间: unknown, 大小: 0.0 KB
[2025-11-04 01:37:26] ✅ 解析成功 - https://raw.githubusercontent.com/chat263/tvjson/45dbc00aebda1642a95c20be2b5a0bda61a60e78/m.json - 作者: chat263, 更新时间: unknown, 大小: 0.0 KB
[2025-11-04 01:37:26] ✅ 解析成功 - https://raw.githubusercontent.com/yenkj/epg/07b04818af142ddad46a76dd024a90bdad01d3bf/config0.json - 作者: yenkj, 更新时间: unknown, 大小: 0.0 KB
[2025-11-04 01:37:27] ✅ 解析成功 - https://raw.githubusercontent.com/oooopera/moontv_config/e8de7b4ae316051219f444f2901448a5e636be34/config%E5%88%9D%E5%A7%8B.json - 作者: oooopera, 更新时间: unknown, 大小: 0.0 KB
[2025-11-04 01:37:27] ✅ 解析成功 - https://raw.githubusercontent.com/PAICNI/Videos_PLUS/b51ff1521a1e77f17ad538ccfd3c100cc42e0663/MoonTV%E8%A7%86%E9%A2%91%E6%BA%90Plus%E7%89%88.json - 作者: PAICNI, 更新时间: unknown, 大小: 0.0 KB
[2025-11-04 01:37:27] ✅ 解析成功 - https://raw.githubusercontent.com/Mikephie/Script/2b645d6f84313d6831898b233534b4c7a614072f/config-2.json - 作者: Mikephie, 更新时间: unknown, 大小: 0.0 KB
[2025-11-04 01:37:27] ✅ 解析成功 - https://raw.githubusercontent.com/yangbvv/yangbvv.github.io/ccc07b795d13d93dc95eb0ca233bd1dd0726b624/moontv.json - 作者: yangbvv, 更新时间: unknown, 大小: 0.0 KB
[2025-11-04 01:37:27] ✅ 解析成功 - https://raw.githubusercontent.com/gxnas/TvBox/73fe7b54b2ac132896f821f76e6a877079250c81/20250823.json - 作者: gxnas, 更新时间: unknown, 大小: 0.0 KB
[2025-11-04 01:37:27] ✅ 解析成功 - https://raw.githubusercontent.com/hafrey1/LunaTV-config/7876b57709826a3e97f25548cea8ff05c0d2a933/jin18.json - 作者: hafrey1, 更新时间: unknown, 大小: 0.0 KB
[2025-11-04 01:37:27] ✅ 解析成功 - https://raw.githubusercontent.com/kpsmail/new/8057c0c7c79f20afc6d658de13759621dc4011cb/config.json - 作者: kpsmail, 更新时间: unknown, 大小: 0.0 KB
[2025-11-04 01:37:28] ✅ 解析成功 - https://raw.githubusercontent.com/haogege8888/KatelyaTV/e58837e6b5dcc4d7d112e05e1d9bda3e9b3bf992/config.json - 作者: haogege8888, 更新时间: unknown, 大小: 0.0 KB
[2025-11-05 01:38:48] ✅ 解析成功 - https://raw.githubusercontent.com/katelya77/KatelyaTV/fc78bb11c026285d1b66e841b227e6171574956c/config.json - 作者: katelya77, 更新时间: unknown, 大小: 0.0 KB
[2025-11-05 01:38:48] ✅ 解析成功 - https://raw.githubusercontent.com/hafrey1/LunaTV-config/ec2ee00a210688de1915307d86aca60c1f536abb/jingjian.json - 作者: hafrey1, 更新时间: unknown, 大小: 0.0 KB
[2025-11-05 01:38:48] ✅ 解析成功 - https://raw.githubusercontent.com/SCXSVIP/TV/e7bc32117505d2bda3b31ade3dc96114c6ce623c/MoonTV/MoonTV-xs.json - 作者: SCXSVIP, 更新时间: unknown, 大小: 0.0 KB
[2025-11-05 01:38:48] ✅ 解析成功 - https://raw.githubusercontent.com/Jonney111/jonney_clash/7277685840b1cbedbc2b55377acc81adff1d5745/moontv.json - 作者: Jonney111, 更新时间: unknown, 大小: 0.0 KB
[2025-11-05 01:38:49] ✅ 解析成功 - https://raw.githubusercontent.com/webshellren/XMoonTV/ef052045a4f7a3a10c5907da4d30e3a90984b03b/config.json - 作者: webshellren, 更新时间: unknown, 大小: 0.0 KB
[2025-11-05 01:38:49] ✅ 解析成功 - https://raw.githubusercontent.com/katelya77/KatelyaTV/fc78bb11c026285d1b66e841b227e6171574956c/config.example.json - 作者: katelya77, 更新时间: unknown, 大小: 0.0 KB
[2025-11-05 01:38:49] ✅ 解析成功 - https://raw.githubusercontent.com/adminlove520/Source-Collector/c96c07c6cc42ab851972f5c720cb8ec37d49a6d3/configplus_isadult.json - 作者: adminlove520, 更新时间: unknown, 大小: 0.0 KB
[2025-11-05 01:38:49] ✅ 解析成功 - https://raw.githubusercontent.com/viacooky/tv-box-sub/3f7188cb5f0b65903fb0bc5dc94b2128e8e6f021/2.json - 作者: viacooky, 更新时间: unknown, 大小: 0.0 KB
[2025-11-05 01:38:49] ✅ 解析成功 - https://raw.githubusercontent.com/jeffernn/joyflix/7ef1beeba1c6efe7e80a7dd33f28098446659e1b/config.json - 作者: jeffernn, 更新时间: unknown, 大小: 0.0 KB
[2025-11-05 01:38:49] ✅ 解析成功 - https://raw.githubusercontent.com/wokaotianshi123/wokaotianshi123.github.io/172bb69966e3974d9ba311c53d792e8b7d632044/luna20251027.json - 作者: wokaotianshi123, 更新时间: unknown, 大小: 0.0 KB
[2025-11-05 01:38:50] ✅ 解析成功 - https://raw.githubusercontent.com/lovevampplus/cfdata/48ae504408e44ef0a64d175cca50bc57efde28b7/96.json - 作者: lovevampplus, 更新时间: unknown, 大小: 0.0 KB
[2025-11-05 01:38:50] ✅ 解析成功 - https://raw.githubusercontent.com/Mikephie/Script/591ff458bd4607f3dcd96fdf722026b7855f0bd4/config-2.json - 作者: Mikephie, 更新时间: unknown, 大小: 0.0 KB
[2025-11-05 01:38:50] ✅ 解析成功 - https://raw.githubusercontent.com/oooopera/moontv_config/900b7a9f51aba8a46954cb6e7a122b0ad5e9eac7/config%E5%88%9D%E5%A7%8B.json - 作者: oooopera, 更新时间: unknown, 大小: 0.0 KB
[2025-11-05 01:38:50] ✅ 解析成功 - https://raw.githubusercontent.com/chat263/tvjson/45dbc00aebda1642a95c20be2b5a0bda61a60e78/m.json - 作者: chat263, 更新时间: unknown, 大小: 0.0 KB
[2025-11-05 01:38:50] ✅ 解析成功 - https://raw.githubusercontent.com/chisenin/rules-template/f8b5536729d166eaf086c5e78f2c58c499925504/config.json - 作者: chisenin, 更新时间: unknown, 大小: 0.0 KB
[2025-11-05 01:38:51] ✅ 解析成功 - https://raw.githubusercontent.com/wokaotianshi123/wokaotianshi123.github.io/172bb69966e3974d9ba311c53d792e8b7d632044/moontv/config_2025-09-23.json - 作者: wokaotianshi123, 更新时间: unknown, 大小: 0.0 KB
[2025-11-05 01:38:51] ✅ 解析成功 - https://raw.githubusercontent.com/sk3879921/tvjson/3e5394dfbc292321326e218e7bc303716f3f5336/q.json - 作者: sk3879921, 更新时间: unknown, 大小: 0.0 KB
[2025-11-05 01:38:51] ✅ 解析成功 - https://raw.githubusercontent.com/PAICNI/Videos_PLUS/b51ff1521a1e77f17ad538ccfd3c100cc42e0663/MoonTV%E8%A7%86%E9%A2%91%E6%BA%90Plus%E7%89%88.json - 作者: PAICNI, 更新时间: unknown, 大小: 0.0 KB
[2025-11-05 01:38:51] ✅ 解析成功 - https://raw.githubusercontent.com/yjh800307/yjh800307.github.io/4b825da4ab5059eae4f36ffc59877d0b5a76ea63/moontv.json - 作者: yjh800307, 更新时间: unknown, 大小: 0.0 KB
[2025-11-05 01:38:51] ✅ 解析成功 - https://raw.githubusercontent.com/louis779/moontyv/0fe913bafef02036b393feed5683349145c9480a/config.json - 作者: louis779, 更新时间: unknown, 大小: 0.0 KB
[2025-11-05 01:38:51] ✅ 解析成功 - https://raw.githubusercontent.com/hanzhenya/hzyiptv/00923a1043db8e531f730912d565eb8619b5675f/config(%E8%80%81).json - 作者: hanzhenya, 更新时间: unknown, 大小: 0.0 KB
[2025-11-05 01:38:52] ✅ 解析成功 - https://raw.githubusercontent.com/Mikephie/Script/591ff458bd4607f3dcd96fdf722026b7855f0bd4/config-3.json - 作者: Mikephie, 更新时间: unknown, 大小: 0.0 KB
[2025-11-05 01:38:52] ✅ 解析成功 - https://raw.githubusercontent.com/hafrey1/LunaTV-config/ec2ee00a210688de1915307d86aca60c1f536abb/jin18.json - 作者: hafrey1, 更新时间: unknown, 大小: 0.0 KB
[2025-11-05 01:38:52] ✅ 解析成功 - https://raw.githubusercontent.com/yangbvv/yangbvv.github.io/ccc07b795d13d93dc95eb0ca233bd1dd0726b624/moontv.json - 作者: yangbvv, 更新时间: unknown, 大小: 0.0 KB
[2025-11-05 01:38:52] ✅ 解析成功 - https://raw.githubusercontent.com/hjdhnx/drpy-node/0bf8c0cf53da0134c4a2f20e5e8295353760e39d/scripts/mjs/moontv.json - 作者: hjdhnx, 更新时间: unknown, 大小: 0.0 KB
[2025-11-05 01:38:52] ✅ 解析成功 - https://raw.githubusercontent.com/adminlove520/Source-Collector/c96c07c6cc42ab851972f5c720cb8ec37d49a6d3/config_isadult.json - 作者: adminlove520, 更新时间: unknown, 大小: 0.0 KB
[2025-11-05 01:38:52] ✅ 解析成功 - https://raw.githubusercontent.com/cc638/tvbox/20d56986273b6dbc5c9ac31da1c83e0b90019871/%E8%A7%86%E9%A2%91%E6%BA%90.json - 作者: cc638, 更新时间: unknown, 大小: 0.0 KB
[2025-11-05 01:38:53] ✅ 解析成功 - https://raw.githubusercontent.com/Nesciasnenion/helloworld/cbaa34b8af6af1d1efedfa2230fe41ba1e1996da/moontv-config-all.json - 作者: Nesciasnenion, 更新时间: unknown, 大小: 0.0 KB
[2025-11-05 01:38:53] ✅ 解析成功 - https://raw.githubusercontent.com/lyqnihao/m3u8/719c30115e56a42e21ac6d50191d3e3ada5d2330/MoonTV/config.json - 作者: lyqnihao, 更新时间: unknown, 大小: 0.0 KB
[2025-11-05 01:38:53] ✅ 解析成功 - https://raw.githubusercontent.com/xqrock/openfile/75df10457a00a6e5c9458f20122ebe2c5274c83e/config/vod.json - 作者: xqrock, 更新时间: unknown, 大小: 0.0 KB
[2025-11-06 01:38:13] ✅ 解析成功 - https://raw.githubusercontent.com/katelya77/KatelyaTV/fc78bb11c026285d1b66e841b227e6171574956c/config.json - 作者: katelya77, 更新时间: unknown, 大小: 0.0 KB
[2025-11-06 01:38:13] ✅ 解析成功 - https://raw.githubusercontent.com/hafrey1/LunaTV-config/5d9f6728a7c890e98c5b034f6266dc79e3737389/jingjian.json - 作者: hafrey1, 更新时间: unknown, 大小: 0.0 KB
[2025-11-06 01:38:13] ✅ 解析成功 - https://raw.githubusercontent.com/SCXSVIP/TV/e7bc32117505d2bda3b31ade3dc96114c6ce623c/MoonTV/MoonTV-xs.json - 作者: SCXSVIP, 更新时间: unknown, 大小: 0.0 KB
[2025-11-06 01:38:13] ✅ 解析成功 - https://raw.githubusercontent.com/Jonney111/jonney_clash/7277685840b1cbedbc2b55377acc81adff1d5745/moontv.json - 作者: Jonney111, 更新时间: unknown, 大小: 0.0 KB
[2025-11-06 01:38:14] ✅ 解析成功 - https://raw.githubusercontent.com/webshellren/XMoonTV/ef052045a4f7a3a10c5907da4d30e3a90984b03b/config.json - 作者: webshellren, 更新时间: unknown, 大小: 0.0 KB
[2025-11-06 01:38:14] ✅ 解析成功 - https://raw.githubusercontent.com/katelya77/KatelyaTV/fc78bb11c026285d1b66e841b227e6171574956c/config.example.json - 作者: katelya77, 更新时间: unknown, 大小: 0.0 KB
[2025-11-06 01:38:14] ✅ 解析成功 - https://raw.githubusercontent.com/adminlove520/Source-Collector/c96c07c6cc42ab851972f5c720cb8ec37d49a6d3/configplus_isadult.json - 作者: adminlove520, 更新时间: unknown, 大小: 0.0 KB
[2025-11-06 01:38:14] ✅ 解析成功 - https://raw.githubusercontent.com/gxnas/TvBox/4153c4225579d480bb5dbba12619ce6e70df8acb/LunaTV.json - 作者: gxnas, 更新时间: unknown, 大小: 0.0 KB
[2025-11-06 01:38:14] ✅ 解析成功 - https://raw.githubusercontent.com/hanzhenya/hzyiptv/00923a1043db8e531f730912d565eb8619b5675f/config(%E8%80%81).json - 作者: hanzhenya, 更新时间: unknown, 大小: 0.0 KB
[2025-11-06 01:38:14] ✅ 解析成功 - https://raw.githubusercontent.com/Mikephie/Script/aca806fda773418dade97aebff34f69ddafcfb60/config-2.json - 作者: Mikephie, 更新时间: unknown, 大小: 0.0 KB
[2025-11-06 01:38:15] ✅ 解析成功 - https://raw.githubusercontent.com/wokaotianshi123/wokaotianshi123.github.io/172bb69966e3974d9ba311c53d792e8b7d632044/moontv/config_2025-09-23.json - 作者: wokaotianshi123, 更新时间: unknown, 大小: 0.0 KB
[2025-11-06 01:38:15] ✅ 解析成功 - https://raw.githubusercontent.com/Stardm0/MoonTV/8ae5af9c14b13ccef8483a6ee71a6bc10c576d7e/config.json - 作者: Stardm0, 更新时间: unknown, 大小: 0.0 KB
[2025-11-06 01:38:15] ✅ 解析成功 - https://raw.githubusercontent.com/lovevampplus/cfdata/48ae504408e44ef0a64d175cca50bc57efde28b7/96.json - 作者: lovevampplus, 更新时间: unknown, 大小: 0.0 KB
[2025-11-06 01:38:15] ✅ 解析成功 - https://raw.githubusercontent.com/moli-xia/MoonTV-app/aea64cc2504b56ea05e23fc2af49c7ed5a305dea/config.json - 作者: moli-xia, 更新时间: unknown, 大小: 0.0 KB
[2025-11-06 01:38:15] ✅ 解析成功 - https://raw.githubusercontent.com/yangbvv/yangbvv.github.io/ccc07b795d13d93dc95eb0ca233bd1dd0726b624/moontv.json - 作者: yangbvv, 更新时间: unknown, 大小: 0.0 KB
[2025-11-06 01:38:15] ✅ 解析成功 - https://raw.githubusercontent.com/samqin123/MoonTV/c0bba763d16fb5cd830a808d58329025337491cf/config.json - 作者: samqin123, 更新时间: unknown, 大小: 0.0 KB
[2025-11-06 01:38:16] ✅ 解析成功 - https://raw.githubusercontent.com/chat263/tvjson/45dbc00aebda1642a95c20be2b5a0bda61a60e78/m.json - 作者: chat263, 更新时间: unknown, 大小: 0.0 KB
[2025-11-06 01:38:16] ✅ 解析成功 - https://raw.githubusercontent.com/Pundsup/Live/d1323d238361d537e12afffacb0a146cddfbbd34/yszyby.json - 作者: Pundsup, 更新时间: unknown, 大小: 0.0 KB
[2025-11-06 01:38:16] ✅ 解析成功 - https://raw.githubusercontent.com/hafrey1/LunaTV-config/5d9f6728a7c890e98c5b034f6266dc79e3737389/LunaTV-config.json - 作者: hafrey1, 更新时间: unknown, 大小: 0.0 KB
[2025-11-06 01:38:16] ✅ 解析成功 - https://raw.githubusercontent.com/yjh800307/yjh800307.github.io/4b825da4ab5059eae4f36ffc59877d0b5a76ea63/moontv.json - 作者: yjh800307, 更新时间: unknown, 大小: 0.0 KB
[2025-11-06 01:38:16] ✅ 解析成功 - https://raw.githubusercontent.com/oooopera/moontv_config/b5658c2cbff95da103a32f537a565a22c98cfa32/config%E5%88%9D%E5%A7%8B.json - 作者: oooopera, 更新时间: unknown, 大小: 0.0 KB
[2025-11-06 01:38:16] ✅ 解析成功 - https://raw.githubusercontent.com/lovevampplus/cfdata/48ae504408e44ef0a64d175cca50bc57efde28b7/moontv-config.json - 作者: lovevampplus, 更新时间: unknown, 大小: 0.0 KB
[2025-11-06 01:38:16] ✅ 解析成功 - https://raw.githubusercontent.com/xqrock/openfile/75df10457a00a6e5c9458f20122ebe2c5274c83e/config/vod.json - 作者: xqrock, 更新时间: unknown, 大小: 0.0 KB
[2025-11-06 01:38:16] ✅ 解析成功 - https://raw.githubusercontent.com/Nesciasnenion/helloworld/cbaa34b8af6af1d1efedfa2230fe41ba1e1996da/moontv-config-all.json - 作者: Nesciasnenion, 更新时间: unknown, 大小: 0.0 KB
[2025-11-06 01:38:17] ✅ 解析成功 - https://raw.githubusercontent.com/Mikephie/Script/aca806fda773418dade97aebff34f69ddafcfb60/config-3.json - 作者: Mikephie, 更新时间: unknown, 大小: 0.0 KB
[2025-11-06 01:38:17] ✅ 解析成功 - https://raw.githubusercontent.com/viacooky/tv-box-sub/3f7188cb5f0b65903fb0bc5dc94b2128e8e6f021/2.json - 作者: viacooky, 更新时间: unknown, 大小: 0.0 KB
[2025-11-06 01:38:17] ✅ 解析成功 - https://raw.githubusercontent.com/zhumengkang/edgeone-moontv/262ce332a93ba34966adb07761e7bfab8faab7bf/config.json - 作者: zhumengkang, 更新时间: unknown, 大小: 0.0 KB
[2025-11-06 01:38:17] ✅ 解析成功 - https://raw.githubusercontent.com/wokaotianshi123/wokaotianshi123.github.io/172bb69966e3974d9ba311c53d792e8b7d632044/luna20251027.json - 作者: wokaotianshi123, 更新时间: unknown, 大小: 0.0 KB
[2025-11-06 01:38:17] ✅ 解析成功 - https://raw.githubusercontent.com/yenkj/epg/70e57f1ac96d690330c795a82b9454ab27b78618/config0.json - 作者: yenkj, 更新时间: unknown, 大小: 0.0 KB
[2025-11-06 01:38:17] ✅ 解析成功 - https://raw.githubusercontent.com/hjdhnx/drpy-node/0bf8c0cf53da0134c4a2f20e5e8295353760e39d/scripts/mjs/moontv.json - 作者: hjdhnx, 更新时间: unknown, 大小: 0.0 KB
[2025-11-07 01:37:39] ✅ 解析成功 - https://raw.githubusercontent.com/katelya77/KatelyaTV/fc78bb11c026285d1b66e841b227e6171574956c/config.json - 作者: katelya77, 更新时间: unknown, 大小: 0.0 KB
[2025-11-07 01:37:39] ✅ 解析成功 - https://raw.githubusercontent.com/hafrey1/LunaTV-config/a796f11058c39922cda357b66068f2e842fbfe97/jingjian.json - 作者: hafrey1, 更新时间: unknown, 大小: 0.0 KB
[2025-11-07 01:37:39] ✅ 解析成功 - https://raw.githubusercontent.com/SCXSVIP/TV/e7bc32117505d2bda3b31ade3dc96114c6ce623c/MoonTV/MoonTV-xs.json - 作者: SCXSVIP, 更新时间: unknown, 大小: 0.0 KB
[2025-11-07 01:37:40] ✅ 解析成功 - https://raw.githubusercontent.com/Jonney111/jonney_clash/7277685840b1cbedbc2b55377acc81adff1d5745/moontv.json - 作者: Jonney111, 更新时间: unknown, 大小: 0.0 KB
[2025-11-07 01:37:40] ✅ 解析成功 - https://raw.githubusercontent.com/webshellren/XMoonTV/ef052045a4f7a3a10c5907da4d30e3a90984b03b/config.json - 作者: webshellren, 更新时间: unknown, 大小: 0.0 KB
[2025-11-07 01:37:40] ✅ 解析成功 - https://raw.githubusercontent.com/katelya77/KatelyaTV/fc78bb11c026285d1b66e841b227e6171574956c/config.example.json - 作者: katelya77, 更新时间: unknown, 大小: 0.0 KB
[2025-11-07 01:37:40] ✅ 解析成功 - https://raw.githubusercontent.com/adminlove520/Source-Collector/c96c07c6cc42ab851972f5c720cb8ec37d49a6d3/configplus_isadult.json - 作者: adminlove520, 更新时间: unknown, 大小: 0.0 KB
[2025-11-07 01:37:40] ✅ 解析成功 - https://raw.githubusercontent.com/Nesciasnenion/helloworld/cbaa34b8af6af1d1efedfa2230fe41ba1e1996da/moontv-config-all.json - 作者: Nesciasnenion, 更新时间: unknown, 大小: 0.0 KB
[2025-11-07 01:37:40] ✅ 解析成功 - https://raw.githubusercontent.com/oooopera/moontv_config/1da4ee1a8853d8ce3d2de9ae18f1b69cba6a4405/input.json - 作者: oooopera, 更新时间: unknown, 大小: 0.0 KB
[2025-11-07 01:37:40] ✅ 解析成功 - https://raw.githubusercontent.com/chat263/tvjson/45dbc00aebda1642a95c20be2b5a0bda61a60e78/m.json - 作者: chat263, 更新时间: unknown, 大小: 0.0 KB
[2025-11-07 01:37:41] ✅ 解析成功 - https://raw.githubusercontent.com/Stardm0/MoonTV/8ae5af9c14b13ccef8483a6ee71a6bc10c576d7e/config.json - 作者: Stardm0, 更新时间: unknown, 大小: 0.0 KB
[2025-11-07 01:37:41] ✅ 解析成功 - https://raw.githubusercontent.com/hanzhenya/hzyiptv/00923a1043db8e531f730912d565eb8619b5675f/config(%E8%80%81).json - 作者: hanzhenya, 更新时间: unknown, 大小: 0.0 KB
[2025-11-07 01:37:41] ✅ 解析成功 - https://raw.githubusercontent.com/viacooky/tv-box-sub/3f7188cb5f0b65903fb0bc5dc94b2128e8e6f021/2.json - 作者: viacooky, 更新时间: unknown, 大小: 0.0 KB
[2025-11-07 01:37:41] ✅ 解析成功 - https://raw.githubusercontent.com/chisenin/rules-template/68c70503ce225d161f29e68096fba649b7b3ceba/config.json - 作者: chisenin, 更新时间: unknown, 大小: 0.0 KB
[2025-11-07 01:37:41] ✅ 解析成功 - https://raw.githubusercontent.com/hafrey1/LunaTV-config/a796f11058c39922cda357b66068f2e842fbfe97/jin18.json - 作者: hafrey1, 更新时间: unknown, 大小: 0.0 KB
[2025-11-07 01:37:41] ✅ 解析成功 - https://raw.githubusercontent.com/yenkj/epg/ccc03e4298c2037043545cff2f2a1ff2d870cdff/config0.json - 作者: yenkj, 更新时间: unknown, 大小: 0.0 KB
[2025-11-07 01:37:41] ✅ 解析成功 - https://raw.githubusercontent.com/lovevampplus/cfdata/48ae504408e44ef0a64d175cca50bc57efde28b7/moontv-config.json - 作者: lovevampplus, 更新时间: unknown, 大小: 0.0 KB
[2025-11-07 01:37:41] ✅ 解析成功 - https://raw.githubusercontent.com/gxnas/TvBox/4153c4225579d480bb5dbba12619ce6e70df8acb/LunaTV.json - 作者: gxnas, 更新时间: unknown, 大小: 0.0 KB
[2025-11-07 01:37:42] ✅ 解析成功 - https://raw.githubusercontent.com/Mikephie/Script/be35e9c0c8ee9181b3b4c20851c151edd23418bf/config-3.json - 作者: Mikephie, 更新时间: unknown, 大小: 0.0 KB
[2025-11-07 01:37:42] ✅ 解析成功 - https://raw.githubusercontent.com/Pundsup/Live/f5de9c16bb8b20793c7d37d6a7a5f45f5164493a/yszyby.json - 作者: Pundsup, 更新时间: unknown, 大小: 0.0 KB
[2025-11-07 01:37:42] ✅ 解析成功 - https://raw.githubusercontent.com/hjdhnx/drpy-node/0bf8c0cf53da0134c4a2f20e5e8295353760e39d/scripts/mjs/moontv.json - 作者: hjdhnx, 更新时间: unknown, 大小: 0.0 KB
[2025-11-07 01:37:42] ✅ 解析成功 - https://raw.githubusercontent.com/yjh800307/yjh800307.github.io/4b825da4ab5059eae4f36ffc59877d0b5a76ea63/moontv.json - 作者: yjh800307, 更新时间: unknown, 大小: 0.0 KB
[2025-11-07 01:37:42] ✅ 解析成功 - https://raw.githubusercontent.com/yangbvv/yangbvv.github.io/ccc07b795d13d93dc95eb0ca233bd1dd0726b624/moontv.json - 作者: yangbvv, 更新时间: unknown, 大小: 0.0 KB
[2025-11-07 01:37:42] ✅ 解析成功 - https://raw.githubusercontent.com/viacooky/tv-box-sub/3f7188cb5f0b65903fb0bc5dc94b2128e8e6f021/1.json - 作者: viacooky, 更新时间: unknown, 大小: 0.0 KB
[2025-11-07 01:37:42] ✅ 解析成功 - https://raw.githubusercontent.com/wokaotianshi123/wokaotianshi123.github.io/172bb69966e3974d9ba311c53d792e8b7d632044/luna20251027.json - 作者: wokaotianshi123, 更新时间: unknown, 大小: 0.0 KB
[2025-11-07 01:37:43] ✅ 解析成功 - https://raw.githubusercontent.com/wokaotianshi123/wokaotianshi123.github.io/172bb69966e3974d9ba311c53d792e8b7d632044/moontv/config_2025-09-23.json - 作者: wokaotianshi123, 更新时间: unknown, 大小: 0.0 KB
[2025-11-07 01:37:43] ✅ 解析成功 - https://raw.githubusercontent.com/PAICNI/Videos_PLUS/b51ff1521a1e77f17ad538ccfd3c100cc42e0663/MoonTV%E8%A7%86%E9%A2%91%E6%BA%90Plus%E7%89%88.json - 作者: PAICNI, 更新时间: unknown, 大小: 0.0 KB
[2025-11-07 01:37:43] ✅ 解析成功 - https://raw.githubusercontent.com/moli-xia/MoonTV-app/aea64cc2504b56ea05e23fc2af49c7ed5a305dea/config.json - 作者: moli-xia, 更新时间: unknown, 大小: 0.0 KB
[2025-11-07 01:37:43] ✅ 解析成功 - https://raw.githubusercontent.com/xqrock/openfile/75df10457a00a6e5c9458f20122ebe2c5274c83e/config/vod.json - 作者: xqrock, 更新时间: unknown, 大小: 0.0 KB
[2025-11-07 01:37:43] ✅ 解析成功 - https://raw.githubusercontent.com/Mikephie/Script/be35e9c0c8ee9181b3b4c20851c151edd23418bf/config-2.json - 作者: Mikephie, 更新时间: unknown, 大小: 0.0 KB
[2025-11-08 01:24:57] ✅ 解析成功 - https://raw.githubusercontent.com/katelya77/KatelyaTV/fc78bb11c026285d1b66e841b227e6171574956c/config.json - 作者: katelya77, 更新时间: unknown, 大小: 0.0 KB
[2025-11-08 01:24:57] ✅ 解析成功 - https://raw.githubusercontent.com/hafrey1/LunaTV-config/19385d9f8894b9e3422fc46d7af6ef82424f5088/jingjian.json - 作者: hafrey1, 更新时间: unknown, 大小: 0.0 KB
[2025-11-08 01:24:57] ✅ 解析成功 - https://raw.githubusercontent.com/SCXSVIP/TV/e7bc32117505d2bda3b31ade3dc96114c6ce623c/MoonTV/MoonTV-xs.json - 作者: SCXSVIP, 更新时间: unknown, 大小: 0.0 KB
[2025-11-08 01:24:57] ✅ 解析成功 - https://raw.githubusercontent.com/Jonney111/jonney_clash/7277685840b1cbedbc2b55377acc81adff1d5745/moontv.json - 作者: Jonney111, 更新时间: unknown, 大小: 0.0 KB
[2025-11-08 01:24:57] ✅ 解析成功 - https://raw.githubusercontent.com/webshellren/XMoonTV/ef052045a4f7a3a10c5907da4d30e3a90984b03b/config.json - 作者: webshellren, 更新时间: unknown, 大小: 0.0 KB
[2025-11-08 01:24:57] ✅ 解析成功 - https://raw.githubusercontent.com/katelya77/KatelyaTV/fc78bb11c026285d1b66e841b227e6171574956c/config.example.json - 作者: katelya77, 更新时间: unknown, 大小: 0.0 KB
[2025-11-08 01:24:57] ✅ 解析成功 - https://raw.githubusercontent.com/adminlove520/Source-Collector/c96c07c6cc42ab851972f5c720cb8ec37d49a6d3/configplus_isadult.json - 作者: adminlove520, 更新时间: unknown, 大小: 0.0 KB
[2025-11-08 01:24:57] ✅ 解析成功 - https://raw.githubusercontent.com/Nesciasnenion/helloworld/cbaa34b8af6af1d1efedfa2230fe41ba1e1996da/moontv-config-all.json - 作者: Nesciasnenion, 更新时间: unknown, 大小: 0.0 KB
[2025-11-08 01:24:58] ✅ 解析成功 - https://raw.githubusercontent.com/oooopera/moontv_config/c3708d9e716cdc147c2bf50cf37cea4c626f7c0c/input.json - 作者: oooopera, 更新时间: unknown, 大小: 0.0 KB
[2025-11-08 01:24:58] ✅ 解析成功 - https://raw.githubusercontent.com/chat263/tvjson/45dbc00aebda1642a95c20be2b5a0bda61a60e78/m.json - 作者: chat263, 更新时间: unknown, 大小: 0.0 KB
[2025-11-08 01:24:58] ✅ 解析成功 - https://raw.githubusercontent.com/Stardm0/MoonTV/714bfd4393a8ba787ff647d66e9ab9911fb4d3c1/config.json - 作者: Stardm0, 更新时间: unknown, 大小: 0.0 KB
[2025-11-08 01:24:58] ✅ 解析成功 - https://raw.githubusercontent.com/hanzhenya/hzyiptv/00923a1043db8e531f730912d565eb8619b5675f/config(%E8%80%81).json - 作者: hanzhenya, 更新时间: unknown, 大小: 0.0 KB
[2025-11-08 01:24:58] ✅ 解析成功 - https://raw.githubusercontent.com/viacooky/tv-box-sub/3f7188cb5f0b65903fb0bc5dc94b2128e8e6f021/2.json - 作者: viacooky, 更新时间: unknown, 大小: 0.0 KB
[2025-11-08 01:24:58] ✅ 解析成功 - https://raw.githubusercontent.com/chisenin/rules-template/d356ce503be1af1ded281304b2b3cdd6246dc2a7/config.json - 作者: chisenin, 更新时间: unknown, 大小: 0.0 KB
[2025-11-08 01:24:58] ✅ 解析成功 - https://raw.githubusercontent.com/hafrey1/LunaTV-config/19385d9f8894b9e3422fc46d7af6ef82424f5088/jin18.json - 作者: hafrey1, 更新时间: unknown, 大小: 0.0 KB
[2025-11-08 01:24:58] ✅ 解析成功 - https://raw.githubusercontent.com/yenkj/epg/c20f64b1445f434df30801c4edb04d1972e71db1/config0.json - 作者: yenkj, 更新时间: unknown, 大小: 0.0 KB
[2025-11-08 01:24:58] ✅ 解析成功 - https://raw.githubusercontent.com/lovevampplus/cfdata/48ae504408e44ef0a64d175cca50bc57efde28b7/moontv-config.json - 作者: lovevampplus, 更新时间: unknown, 大小: 0.0 KB
[2025-11-08 01:24:58] ✅ 解析成功 - https://raw.githubusercontent.com/gxnas/TvBox/4153c4225579d480bb5dbba12619ce6e70df8acb/LunaTV.json - 作者: gxnas, 更新时间: unknown, 大小: 0.0 KB
[2025-11-08 01:24:59] ✅ 解析成功 - https://raw.githubusercontent.com/Mikephie/Script/7c8be5b6d62e01aaf9ab709f1dea970471a1f22b/config-3.json - 作者: Mikephie, 更新时间: unknown, 大小: 0.0 KB
[2025-11-08 01:24:59] ✅ 解析成功 - https://raw.githubusercontent.com/Pundsup/Live/f5de9c16bb8b20793c7d37d6a7a5f45f5164493a/yszyby.json - 作者: Pundsup, 更新时间: unknown, 大小: 0.0 KB
[2025-11-08 01:24:59] ✅ 解析成功 - https://raw.githubusercontent.com/hjdhnx/drpy-node/0bf8c0cf53da0134c4a2f20e5e8295353760e39d/scripts/mjs/moontv.json - 作者: hjdhnx, 更新时间: unknown, 大小: 0.0 KB
[2025-11-08 01:24:59] ✅ 解析成功 - https://raw.githubusercontent.com/yjh800307/yjh800307.github.io/4b825da4ab5059eae4f36ffc59877d0b5a76ea63/moontv.json - 作者: yjh800307, 更新时间: unknown, 大小: 0.0 KB
[2025-11-08 01:24:59] ✅ 解析成功 - https://raw.githubusercontent.com/yangbvv/yangbvv.github.io/ccc07b795d13d93dc95eb0ca233bd1dd0726b624/moontv.json - 作者: yangbvv, 更新时间: unknown, 大小: 0.0 KB
[2025-11-08 01:24:59] ✅ 解析成功 - https://raw.githubusercontent.com/viacooky/tv-box-sub/3f7188cb5f0b65903fb0bc5dc94b2128e8e6f021/1.json - 作者: viacooky, 更新时间: unknown, 大小: 0.0 KB
[2025-11-08 01:24:59] ✅ 解析成功 - https://raw.githubusercontent.com/wokaotianshi123/wokaotianshi123.github.io/172bb69966e3974d9ba311c53d792e8b7d632044/luna20251027.json - 作者: wokaotianshi123, 更新时间: unknown, 大小: 0.0 KB
[2025-11-08 01:24:59] ✅ 解析成功 - https://raw.githubusercontent.com/wokaotianshi123/wokaotianshi123.github.io/172bb69966e3974d9ba311c53d792e8b7d632044/moontv/config_2025-09-23.json - 作者: wokaotianshi123, 更新时间: unknown, 大小: 0.0 KB
[2025-11-08 01:24:59] ✅ 解析成功 - https://raw.githubusercontent.com/PAICNI/Videos_PLUS/b51ff1521a1e77f17ad538ccfd3c100cc42e0663/MoonTV%E8%A7%86%E9%A2%91%E6%BA%90Plus%E7%89%88.json - 作者: PAICNI, 更新时间: unknown, 大小: 0.0 KB
[2025-11-08 01:25:00] ✅ 解析成功 - https://raw.githubusercontent.com/moli-xia/MoonTV-app/aea64cc2504b56ea05e23fc2af49c7ed5a305dea/config.json - 作者: moli-xia, 更新时间: unknown, 大小: 0.0 KB
[2025-11-08 01:25:00] ✅ 解析成功 - https://raw.githubusercontent.com/xqrock/openfile/75df10457a00a6e5c9458f20122ebe2c5274c83e/config/vod.json - 作者: xqrock, 更新时间: unknown, 大小: 0.0 KB
[2025-11-08 01:25:00] ✅ 解析成功 - https://raw.githubusercontent.com/Mikephie/Script/7c8be5b6d62e01aaf9ab709f1dea970471a1f22b/config-2.json - 作者: Mikephie, 更新时间: unknown, 大小: 0.0 KB
[2025-11-09 01:40:50] ✅ 解析成功 - https://raw.githubusercontent.com/katelya77/KatelyaTV/fc78bb11c026285d1b66e841b227e6171574956c/config.json - 作者: katelya77, 更新时间: unknown, 大小: 0.0 KB
[2025-11-09 01:40:50] ✅ 解析成功 - https://raw.githubusercontent.com/hafrey1/LunaTV-config/4077ea7a481fbb9d242dd4e92e99241f49325b20/jingjian.json - 作者: hafrey1, 更新时间: unknown, 大小: 0.0 KB
[2025-11-09 01:40:51] ✅ 解析成功 - https://raw.githubusercontent.com/SCXSVIP/TV/e7bc32117505d2bda3b31ade3dc96114c6ce623c/MoonTV/MoonTV-xs.json - 作者: SCXSVIP, 更新时间: unknown, 大小: 0.0 KB
[2025-11-09 01:40:51] ✅ 解析成功 - https://raw.githubusercontent.com/Jonney111/jonney_clash/7277685840b1cbedbc2b55377acc81adff1d5745/moontv.json - 作者: Jonney111, 更新时间: unknown, 大小: 0.0 KB
[2025-11-09 01:40:51] ✅ 解析成功 - https://raw.githubusercontent.com/webshellren/XMoonTV/ef052045a4f7a3a10c5907da4d30e3a90984b03b/config.json - 作者: webshellren, 更新时间: unknown, 大小: 0.0 KB
[2025-11-09 01:40:51] ✅ 解析成功 - https://raw.githubusercontent.com/katelya77/KatelyaTV/fc78bb11c026285d1b66e841b227e6171574956c/config.example.json - 作者: katelya77, 更新时间: unknown, 大小: 0.0 KB
[2025-11-09 01:40:51] ✅ 解析成功 - https://raw.githubusercontent.com/adminlove520/Source-Collector/c96c07c6cc42ab851972f5c720cb8ec37d49a6d3/configplus_isadult.json - 作者: adminlove520, 更新时间: unknown, 大小: 0.0 KB
[2025-11-09 01:40:51] ✅ 解析成功 - https://raw.githubusercontent.com/Nesciasnenion/helloworld/cbaa34b8af6af1d1efedfa2230fe41ba1e1996da/moontv-config-all.json - 作者: Nesciasnenion, 更新时间: unknown, 大小: 0.0 KB
[2025-11-09 01:40:51] ❌ JSON语法错误 - https://raw.githubusercontent.com/hafrey1/MoonTV1.1.1/614f381e5312d9821bd5fe058f9eed9426e96d23/config.json - Expecting value: line 151 column 1 (char 5001)
[2025-11-09 01:40:51] ✅ 解析成功 - https://raw.githubusercontent.com/chat263/tvjson/45dbc00aebda1642a95c20be2b5a0bda61a60e78/m.json - 作者: chat263, 更新时间: unknown, 大小: 0.0 KB
[2025-11-09 01:40:51] ✅ 解析成功 - https://raw.githubusercontent.com/gxnas/TvBox/4153c4225579d480bb5dbba12619ce6e70df8acb/LunaTV.json - 作者: gxnas, 更新时间: unknown, 大小: 0.0 KB
[2025-11-09 01:40:51] ✅ 解析成功 - https://raw.githubusercontent.com/chisenin/rules-template/99f332b6fec513edf2276acf960ec3713a1b4fa4/config.json - 作者: chisenin, 更新时间: unknown, 大小: 0.0 KB
[2025-11-09 01:40:51] ✅ 解析成功 - https://raw.githubusercontent.com/Pundsup/Live/f5de9c16bb8b20793c7d37d6a7a5f45f5164493a/yszyby.json - 作者: Pundsup, 更新时间: unknown, 大小: 0.0 KB
[2025-11-09 01:40:52] ✅ 解析成功 - https://raw.githubusercontent.com/xqrock/openfile/75df10457a00a6e5c9458f20122ebe2c5274c83e/config/vod.json - 作者: xqrock, 更新时间: unknown, 大小: 0.0 KB
[2025-11-09 01:40:52] ✅ 解析成功 - https://raw.githubusercontent.com/hafrey1/LunaTV-config/4077ea7a481fbb9d242dd4e92e99241f49325b20/jin18.json - 作者: hafrey1, 更新时间: unknown, 大小: 0.0 KB
[2025-11-09 01:40:52] ✅ 解析成功 - https://raw.githubusercontent.com/lovevampplus/cfdata/48ae504408e44ef0a64d175cca50bc57efde28b7/96.json - 作者: lovevampplus, 更新时间: unknown, 大小: 0.0 KB
[2025-11-09 01:40:52] ✅ 解析成功 - https://raw.githubusercontent.com/hanzhenya/hzyiptv/00923a1043db8e531f730912d565eb8619b5675f/config(%E8%80%81).json - 作者: hanzhenya, 更新时间: unknown, 大小: 0.0 KB
[2025-11-09 01:40:52] ✅ 解析成功 - https://raw.githubusercontent.com/Mikephie/Script/a728633549ee9a9dbe530b03f9881dc829547013/config-3.json - 作者: Mikephie, 更新时间: unknown, 大小: 0.0 KB
[2025-11-09 01:40:52] ✅ 解析成功 - https://raw.githubusercontent.com/hjdhnx/drpy-node/0bf8c0cf53da0134c4a2f20e5e8295353760e39d/scripts/mjs/moontv.json - 作者: hjdhnx, 更新时间: unknown, 大小: 0.0 KB
[2025-11-09 01:40:52] ✅ 解析成功 - https://raw.githubusercontent.com/lovevampplus/cfdata/48ae504408e44ef0a64d175cca50bc57efde28b7/moontv-config.json - 作者: lovevampplus, 更新时间: unknown, 大小: 0.0 KB
[2025-11-09 01:40:52] ✅ 解析成功 - https://raw.githubusercontent.com/PAICNI/Videos_PLUS/b51ff1521a1e77f17ad538ccfd3c100cc42e0663/MoonTV%E8%A7%86%E9%A2%91%E6%BA%90Plus%E7%89%88.json - 作者: PAICNI, 更新时间: unknown, 大小: 0.0 KB
[2025-11-09 01:40:52] ✅ 解析成功 - https://raw.githubusercontent.com/yenkj/epg/923ce01021dce946651ab3714c8457e58815c7d5/config0.json - 作者: yenkj, 更新时间: unknown, 大小: 0.0 KB
[2025-11-09 01:40:52] ✅ 解析成功 - https://raw.githubusercontent.com/sk3879921/tvjson/3e5394dfbc292321326e218e7bc303716f3f5336/q.json - 作者: sk3879921, 更新时间: unknown, 大小: 0.0 KB
[2025-11-09 01:40:53] ✅ 解析成功 - https://raw.githubusercontent.com/zhumengkang/edgeone-moontv/262ce332a93ba34966adb07761e7bfab8faab7bf/config.json - 作者: zhumengkang, 更新时间: unknown, 大小: 0.0 KB
[2025-11-09 01:40:53] ✅ 解析成功 - https://raw.githubusercontent.com/wokaotianshi123/wokaotianshi123.github.io/172bb69966e3974d9ba311c53d792e8b7d632044/luna20251027.json - 作者: wokaotianshi123, 更新时间: unknown, 大小: 0.0 KB
[2025-11-09 01:40:53] ✅ 解析成功 - https://raw.githubusercontent.com/oooopera/moontv_config/2e9bfe93d3e2796e4b867e60b61c2b10b9fb19c6/input.json - 作者: oooopera, 更新时间: unknown, 大小: 0.0 KB
[2025-11-09 01:40:53] ✅ 解析成功 - https://raw.githubusercontent.com/wokaotianshi123/wokaotianshi123.github.io/172bb69966e3974d9ba311c53d792e8b7d632044/moontv/config_2025-09-23.json - 作者: wokaotianshi123, 更新时间: unknown, 大小: 0.0 KB
[2025-11-09 01:40:53] ✅ 解析成功 - https://raw.githubusercontent.com/viacooky/tv-box-sub/3f7188cb5f0b65903fb0bc5dc94b2128e8e6f021/1.json - 作者: viacooky, 更新时间: unknown, 大小: 0.0 KB
[2025-11-09 01:40:53] ✅ 解析成功 - https://raw.githubusercontent.com/viacooky/tv-box-sub/3f7188cb5f0b65903fb0bc5dc94b2128e8e6f021/2.json - 作者: viacooky, 更新时间: unknown, 大小: 0.0 KB
[2025-11-09 01:40:53] ✅ 解析成功 - https://raw.githubusercontent.com/lyqnihao/m3u8/719c30115e56a42e21ac6d50191d3e3ada5d2330/MoonTV/config.json - 作者: lyqnihao, 更新时间: unknown, 大小: 0.0 KB
[2025-11-10 01:42:17] ✅ 解析成功 - https://raw.githubusercontent.com/katelya77/KatelyaTV/fc78bb11c026285d1b66e841b227e6171574956c/config.json - 作者: katelya77, 更新时间: unknown, 大小: 0.0 KB
[2025-11-10 01:42:17] ✅ 解析成功 - https://raw.githubusercontent.com/hafrey1/LunaTV-config/c1ef78fc24c82351bbed32d1d26bcde5e8664259/jingjian.json - 作者: hafrey1, 更新时间: unknown, 大小: 0.0 KB
[2025-11-10 01:42:17] ✅ 解析成功 - https://raw.githubusercontent.com/SCXSVIP/TV/e7bc32117505d2bda3b31ade3dc96114c6ce623c/MoonTV/MoonTV-xs.json - 作者: SCXSVIP, 更新时间: unknown, 大小: 0.0 KB
[2025-11-10 01:42:18] ✅ 解析成功 - https://raw.githubusercontent.com/viacooky/tv-box-sub/3f7188cb5f0b65903fb0bc5dc94b2128e8e6f021/2.json - 作者: viacooky, 更新时间: unknown, 大小: 0.0 KB
[2025-11-10 01:42:18] ✅ 解析成功 - https://raw.githubusercontent.com/webshellren/XMoonTV/ef052045a4f7a3a10c5907da4d30e3a90984b03b/config.json - 作者: webshellren, 更新时间: unknown, 大小: 0.0 KB
[2025-11-10 01:42:18] ✅ 解析成功 - https://raw.githubusercontent.com/lovevampplus/cfdata/48ae504408e44ef0a64d175cca50bc57efde28b7/96.json - 作者: lovevampplus, 更新时间: unknown, 大小: 0.0 KB
[2025-11-10 01:42:18] ✅ 解析成功 - https://raw.githubusercontent.com/oooopera/moontv_config/572a61e6630ec5527ba486ef43146d9391ff2ccf/config%E5%88%9D%E5%A7%8B.json - 作者: oooopera, 更新时间: unknown, 大小: 0.0 KB
[2025-11-10 01:42:18] ✅ 解析成功 - https://raw.githubusercontent.com/yenkj/epg/d7530631d3ae1dec15eacc5734d892484651fcff/config0.json - 作者: yenkj, 更新时间: unknown, 大小: 0.0 KB
[2025-11-10 01:42:18] ✅ 解析成功 - https://raw.githubusercontent.com/PAICNI/Videos_PLUS/b51ff1521a1e77f17ad538ccfd3c100cc42e0663/MoonTV%E8%A7%86%E9%A2%91%E6%BA%90Plus%E7%89%88.json - 作者: PAICNI, 更新时间: unknown, 大小: 0.0 KB
[2025-11-10 01:42:18] ✅ 解析成功 - https://raw.githubusercontent.com/wokaotianshi123/wokaotianshi123.github.io/172bb69966e3974d9ba311c53d792e8b7d632044/moontv/config_2025-09-23.json - 作者: wokaotianshi123, 更新时间: unknown, 大小: 0.0 KB
[2025-11-10 01:42:19] ✅ 解析成功 - https://raw.githubusercontent.com/hjdhnx/drpy-node/0bf8c0cf53da0134c4a2f20e5e8295353760e39d/scripts/mjs/moontv.json - 作者: hjdhnx, 更新时间: unknown, 大小: 0.0 KB
[2025-11-10 01:42:19] ❌ JSON语法错误 - https://raw.githubusercontent.com/hafrey1/MoonTV1.1.1/614f381e5312d9821bd5fe058f9eed9426e96d23/config.json - Expecting value: line 151 column 1 (char 5001)
[2025-11-10 01:42:19] ✅ 解析成功 - https://raw.githubusercontent.com/Mikephie/Script/a4e02862cc5f115daa5eddce097fee1ddab8af7b/config-2.json - 作者: Mikephie, 更新时间: unknown, 大小: 0.0 KB
[2025-11-10 01:42:19] ✅ 解析成功 - https://raw.githubusercontent.com/hanzhenya/hzyiptv/00923a1043db8e531f730912d565eb8619b5675f/config(%E8%80%81).json - 作者: hanzhenya, 更新时间: unknown, 大小: 0.0 KB
[2025-11-10 01:42:19] ✅ 解析成功 - https://raw.githubusercontent.com/Nesciasnenion/helloworld/cbaa34b8af6af1d1efedfa2230fe41ba1e1996da/moontv-config-all.json - 作者: Nesciasnenion, 更新时间: unknown, 大小: 0.0 KB
[2025-11-10 01:42:19] ✅ 解析成功 - https://raw.githubusercontent.com/yangbvv/yangbvv.github.io/ccc07b795d13d93dc95eb0ca233bd1dd0726b624/moontv.json - 作者: yangbvv, 更新时间: unknown, 大小: 0.0 KB
[2025-11-10 01:42:19] ✅ 解析成功 - https://raw.githubusercontent.com/talefou/static/0c91dff4d72fe1543670b18e1e1bc73063896942/tv/config.json - 作者: talefou, 更新时间: unknown, 大小: 0.0 KB
[2025-11-10 01:42:19] ✅ 解析成功 - https://raw.githubusercontent.com/adminlove520/Source-Collector/c96c07c6cc42ab851972f5c720cb8ec37d49a6d3/config_isadult.json - 作者: adminlove520, 更新时间: unknown, 大小: 0.0 KB
[2025-11-10 01:42:20] ✅ 解析成功 - https://raw.githubusercontent.com/samqin123/MoonTV/c0bba763d16fb5cd830a808d58329025337491cf/config.json - 作者: samqin123, 更新时间: unknown, 大小: 0.0 KB
[2025-11-10 01:42:20] ✅ 解析成功 - https://raw.githubusercontent.com/sk3879921/tvjson/3e5394dfbc292321326e218e7bc303716f3f5336/q.json - 作者: sk3879921, 更新时间: unknown, 大小: 0.0 KB
[2025-11-10 01:42:20] ✅ 解析成功 - https://raw.githubusercontent.com/cc638/tvbox/20d56986273b6dbc5c9ac31da1c83e0b90019871/%E8%A7%86%E9%A2%91%E6%BA%90.json - 作者: cc638, 更新时间: unknown, 大小: 0.0 KB
[2025-11-10 01:42:20] ✅ 解析成功 - https://raw.githubusercontent.com/Jonney111/jonney_clash/7277685840b1cbedbc2b55377acc81adff1d5745/moontv.json - 作者: Jonney111, 更新时间: unknown, 大小: 0.0 KB
[2025-11-10 01:42:20] ✅ 解析成功 - https://raw.githubusercontent.com/Pundsup/Live/8387736fd2b275d1f3f507ae0ebf458674f4e106/yszyby.json - 作者: Pundsup, 更新时间: unknown, 大小: 0.0 KB
[2025-11-10 01:42:20] ✅ 解析成功 - https://raw.githubusercontent.com/oooopera/moontv_config/572a61e6630ec5527ba486ef43146d9391ff2ccf/input.json - 作者: oooopera, 更新时间: unknown, 大小: 0.0 KB
[2025-11-10 01:42:20] ✅ 解析成功 - https://raw.githubusercontent.com/mhq1389/lsegou/7cbbee54537334e668dd678fd8a8ef5efe6e0957/config.json - 作者: mhq1389, 更新时间: unknown, 大小: 0.0 KB
[2025-11-10 01:42:20] ✅ 解析成功 - https://raw.githubusercontent.com/gxnas/TvBox/4153c4225579d480bb5dbba12619ce6e70df8acb/LunaTV.json - 作者: gxnas, 更新时间: unknown, 大小: 0.0 KB
[2025-11-10 01:42:21] ✅ 解析成功 - https://raw.githubusercontent.com/xqrock/openfile/75df10457a00a6e5c9458f20122ebe2c5274c83e/config/vod.json - 作者: xqrock, 更新时间: unknown, 大小: 0.0 KB
[2025-11-10 01:42:21] ✅ 解析成功 - https://raw.githubusercontent.com/wokaotianshi123/jgcj/2f038e62c9b35595e7c3d9591efb2c6ee4a32c92/libretv.json - 作者: wokaotianshi123, 更新时间: unknown, 大小: 0.0 KB
[2025-11-10 01:42:21] ✅ 解析成功 - https://raw.githubusercontent.com/gxnas/TvBox/4153c4225579d480bb5dbba12619ce6e70df8acb/20250823.json - 作者: gxnas, 更新时间: unknown, 大小: 0.0 KB
[2025-11-10 01:42:21] ✅ 解析成功 - https://raw.githubusercontent.com/Mikephie/Script/a4e02862cc5f115daa5eddce097fee1ddab8af7b/config-3.json - 作者: Mikephie, 更新时间: unknown, 大小: 0.0 KB
[2025-11-11 01:49:19] ✅ 解析成功 - https://raw.githubusercontent.com/katelya77/KatelyaTV/fc78bb11c026285d1b66e841b227e6171574956c/config.json - 作者: katelya77, 更新时间: unknown, 大小: 0.0 KB
[2025-11-11 01:49:20] ✅ 解析成功 - https://raw.githubusercontent.com/hafrey1/LunaTV-config/824a2016117ae9305eb9242688be2e39ed7d59d4/jingjian.json - 作者: hafrey1, 更新时间: unknown, 大小: 0.0 KB
[2025-11-11 01:49:20] ✅ 解析成功 - https://raw.githubusercontent.com/SCXSVIP/TV/e7bc32117505d2bda3b31ade3dc96114c6ce623c/MoonTV/MoonTV-xs.json - 作者: SCXSVIP, 更新时间: unknown, 大小: 0.0 KB
[2025-11-11 01:49:20] ✅ 解析成功 - https://raw.githubusercontent.com/viacooky/tv-box-sub/3f7188cb5f0b65903fb0bc5dc94b2128e8e6f021/2.json - 作者: viacooky, 更新时间: unknown, 大小: 0.0 KB
[2025-11-11 01:49:20] ✅ 解析成功 - https://raw.githubusercontent.com/Pundsup/Live/30f0f87ef7a0d0a8acdd8e205bd0debf54031912/yszyby.json - 作者: Pundsup, 更新时间: unknown, 大小: 0.0 KB
[2025-11-11 01:49:20] ✅ 解析成功 - https://raw.githubusercontent.com/wokaotianshi123/wokaotianshi123.github.io/172bb69966e3974d9ba311c53d792e8b7d632044/luna20251027.json - 作者: wokaotianshi123, 更新时间: unknown, 大小: 0.0 KB
[2025-11-11 01:49:20] ✅ 解析成功 - https://raw.githubusercontent.com/Jonney111/jonney_clash/7277685840b1cbedbc2b55377acc81adff1d5745/moontv.json - 作者: Jonney111, 更新时间: unknown, 大小: 0.0 KB
[2025-11-11 01:49:21] ✅ 解析成功 - https://raw.githubusercontent.com/chat263/tvjson/45dbc00aebda1642a95c20be2b5a0bda61a60e78/m.json - 作者: chat263, 更新时间: unknown, 大小: 0.0 KB
[2025-11-11 01:49:21] ✅ 解析成功 - https://raw.githubusercontent.com/adminlove520/Source-Collector/c96c07c6cc42ab851972f5c720cb8ec37d49a6d3/configplus_isadult.json - 作者: adminlove520, 更新时间: unknown, 大小: 0.0 KB
[2025-11-11 01:49:21] ✅ 解析成功 - https://raw.githubusercontent.com/moli-xia/MoonTV-app/aea64cc2504b56ea05e23fc2af49c7ed5a305dea/config.json - 作者: moli-xia, 更新时间: unknown, 大小: 0.0 KB
[2025-11-11 01:49:21] ✅ 解析成功 - https://raw.githubusercontent.com/Mikephie/Script/b56b397d95716d423b9971607fe4bcfceb73d857/config-2.json - 作者: Mikephie, 更新时间: unknown, 大小: 0.0 KB
[2025-11-11 01:49:22] ✅ 解析成功 - https://raw.githubusercontent.com/lovevampplus/cfdata/48ae504408e44ef0a64d175cca50bc57efde28b7/moontv-config.json - 作者: lovevampplus, 更新时间: unknown, 大小: 0.0 KB
[2025-11-11 01:49:22] ✅ 解析成功 - https://raw.githubusercontent.com/yjh800307/yjh800307.github.io/4b825da4ab5059eae4f36ffc59877d0b5a76ea63/moontv.json - 作者: yjh800307, 更新时间: unknown, 大小: 0.0 KB
[2025-11-11 01:49:22] ✅ 解析成功 - https://raw.githubusercontent.com/PAICNI/Videos_PLUS/b51ff1521a1e77f17ad538ccfd3c100cc42e0663/MoonTV%E8%A7%86%E9%A2%91%E6%BA%90Plus%E7%89%88.json - 作者: PAICNI, 更新时间: unknown, 大小: 0.0 KB
[2025-11-11 01:49:22] ✅ 解析成功 - https://raw.githubusercontent.com/oooopera/moontv_config/81b0d0e3f8532f5e043f3fceb7ae4eda1df64a3c/input.json - 作者: oooopera, 更新时间: unknown, 大小: 0.0 KB
[2025-11-11 01:49:22] ✅ 解析成功 - https://raw.githubusercontent.com/sk3879921/tvjson/3e5394dfbc292321326e218e7bc303716f3f5336/q.json - 作者: sk3879921, 更新时间: unknown, 大小: 0.0 KB
[2025-11-11 01:49:23] ✅ 解析成功 - https://raw.githubusercontent.com/iphoneten/CNTV/77a30bc772c40da92aa73c207ca843ca59410545/config_backup.json - 作者: iphoneten, 更新时间: unknown, 大小: 0.0 KB
[2025-11-11 01:49:23] ✅ 解析成功 - https://raw.githubusercontent.com/webshellren/XMoonTV/ef052045a4f7a3a10c5907da4d30e3a90984b03b/config.json - 作者: webshellren, 更新时间: unknown, 大小: 0.0 KB
[2025-11-11 01:49:23] ✅ 解析成功 - https://raw.githubusercontent.com/lovevampplus/cfdata/48ae504408e44ef0a64d175cca50bc57efde28b7/96.json - 作者: lovevampplus, 更新时间: unknown, 大小: 0.0 KB
[2025-11-11 01:49:23] ✅ 解析成功 - https://raw.githubusercontent.com/Nesciasnenion/helloworld/cbaa34b8af6af1d1efedfa2230fe41ba1e1996da/moontv-config-all.json - 作者: Nesciasnenion, 更新时间: unknown, 大小: 0.0 KB
[2025-11-11 01:49:23] ✅ 解析成功 - https://raw.githubusercontent.com/hafrey1/LunaTV-config/824a2016117ae9305eb9242688be2e39ed7d59d4/jin18.json - 作者: hafrey1, 更新时间: unknown, 大小: 0.0 KB
[2025-11-11 01:49:24] ✅ 解析成功 - https://raw.githubusercontent.com/lyqnihao/m3u8/719c30115e56a42e21ac6d50191d3e3ada5d2330/MoonTV/config.json - 作者: lyqnihao, 更新时间: unknown, 大小: 0.0 KB
[2025-11-11 01:49:24] ✅ 解析成功 - https://raw.githubusercontent.com/jeffliub/MoonTV2/0a23fd92f0523ba828a445dfbe41f563eec65d66/config.json - 作者: jeffliub, 更新时间: unknown, 大小: 0.0 KB
[2025-11-11 01:49:24] ✅ 解析成功 - https://raw.githubusercontent.com/jeffernn/joyflix/7ef1beeba1c6efe7e80a7dd33f28098446659e1b/config.json - 作者: jeffernn, 更新时间: unknown, 大小: 0.0 KB
[2025-11-11 01:49:24] ✅ 解析成功 - https://raw.githubusercontent.com/adminlove520/Source-Collector/c96c07c6cc42ab851972f5c720cb8ec37d49a6d3/config_isadult.json - 作者: adminlove520, 更新时间: unknown, 大小: 0.0 KB
[2025-11-11 01:49:24] ✅ 解析成功 - https://raw.githubusercontent.com/louis779/moontyv/0fe913bafef02036b393feed5683349145c9480a/config.json - 作者: louis779, 更新时间: unknown, 大小: 0.0 KB
[2025-11-11 01:49:25] ✅ 解析成功 - https://raw.githubusercontent.com/gxnas/TvBox/4153c4225579d480bb5dbba12619ce6e70df8acb/LunaTV.json - 作者: gxnas, 更新时间: unknown, 大小: 0.0 KB
[2025-11-11 01:49:25] ✅ 解析成功 - https://raw.githubusercontent.com/hanzhenya/hzyiptv/00923a1043db8e531f730912d565eb8619b5675f/config(%E8%80%81).json - 作者: hanzhenya, 更新时间: unknown, 大小: 0.0 KB
[2025-11-11 01:49:25] ✅ 解析成功 - https://raw.githubusercontent.com/wokaotianshi123/wokaotianshi123.github.io/172bb69966e3974d9ba311c53d792e8b7d632044/moontv/config_2025-09-23.json - 作者: wokaotianshi123, 更新时间: unknown, 大小: 0.0 KB
[2025-11-11 01:49:25] ✅ 解析成功 - https://raw.githubusercontent.com/yenkj/epg/6f158c10a2dfb170e0cf2592987595c217971fca/config0.json - 作者: yenkj, 更新时间: unknown, 大小: 0.0 KB
[2025-11-12 01:38:18] ✅ 解析成功 - https://raw.githubusercontent.com/katelya77/KatelyaTV/fc78bb11c026285d1b66e841b227e6171574956c/config.json - 作者: katelya77, 更新时间: unknown, 大小: 0.0 KB
[2025-11-12 01:38:18] ✅ 解析成功 - https://raw.githubusercontent.com/hafrey1/LunaTV-config/9e55cffa7b33c3faddb683332a85fca00599ee7c/jingjian.json - 作者: hafrey1, 更新时间: unknown, 大小: 0.0 KB
[2025-11-12 01:38:18] ✅ 解析成功 - https://raw.githubusercontent.com/SCXSVIP/TV/e7bc32117505d2bda3b31ade3dc96114c6ce623c/MoonTV/MoonTV-xs.json - 作者: SCXSVIP, 更新时间: unknown, 大小: 0.0 KB
[2025-11-12 01:38:18] ✅ 解析成功 - https://raw.githubusercontent.com/iphoneten/CNTV/77a30bc772c40da92aa73c207ca843ca59410545/config_backup.json - 作者: iphoneten, 更新时间: unknown, 大小: 0.0 KB
[2025-11-12 01:38:18] ✅ 解析成功 - https://raw.githubusercontent.com/gxnas/TvBox/4153c4225579d480bb5dbba12619ce6e70df8acb/LunaTV.json - 作者: gxnas, 更新时间: unknown, 大小: 0.0 KB
[2025-11-12 01:38:18] ✅ 解析成功 - https://raw.githubusercontent.com/mhq1389/lsegou/7cbbee54537334e668dd678fd8a8ef5efe6e0957/config.json - 作者: mhq1389, 更新时间: unknown, 大小: 0.0 KB
[2025-11-12 01:38:19] ✅ 解析成功 - https://raw.githubusercontent.com/wokaotianshi123/wokaotianshi123.github.io/172bb69966e3974d9ba311c53d792e8b7d632044/luna20251027.json - 作者: wokaotianshi123, 更新时间: unknown, 大小: 0.0 KB
[2025-11-12 01:38:19] ✅ 解析成功 - https://raw.githubusercontent.com/Nesciasnenion/helloworld/cbaa34b8af6af1d1efedfa2230fe41ba1e1996da/moontv-config-all.json - 作者: Nesciasnenion, 更新时间: unknown, 大小: 0.0 KB
[2025-11-12 01:38:19] ✅ 解析成功 - https://raw.githubusercontent.com/lovevampplus/cfdata/48ae504408e44ef0a64d175cca50bc57efde28b7/96.json - 作者: lovevampplus, 更新时间: unknown, 大小: 0.0 KB
[2025-11-12 01:38:19] ✅ 解析成功 - https://raw.githubusercontent.com/sk3879921/tvjson/3e5394dfbc292321326e218e7bc303716f3f5336/q.json - 作者: sk3879921, 更新时间: unknown, 大小: 0.0 KB
[2025-11-12 01:38:19] ✅ 解析成功 - https://raw.githubusercontent.com/adminlove520/Source-Collector/c96c07c6cc42ab851972f5c720cb8ec37d49a6d3/configplus_isadult.json - 作者: adminlove520, 更新时间: unknown, 大小: 0.0 KB
[2025-11-12 01:38:20] ✅ 解析成功 - https://raw.githubusercontent.com/katelya77/KatelyaTV/fc78bb11c026285d1b66e841b227e6171574956c/config.example.json - 作者: katelya77, 更新时间: unknown, 大小: 0.0 KB
[2025-11-12 01:38:20] ✅ 解析成功 - https://raw.githubusercontent.com/jeffernn/joyflix/7ef1beeba1c6efe7e80a7dd33f28098446659e1b/config.json - 作者: jeffernn, 更新时间: unknown, 大小: 0.0 KB
[2025-11-12 01:38:20] ✅ 解析成功 - https://raw.githubusercontent.com/Mikephie/Script/92351530a276ae3f52b57b360f5936286309dd8c/config-3.json - 作者: Mikephie, 更新时间: unknown, 大小: 0.0 KB
[2025-11-12 01:38:20] ✅ 解析成功 - https://raw.githubusercontent.com/Stardm0/MoonTV/714bfd4393a8ba787ff647d66e9ab9911fb4d3c1/config.json - 作者: Stardm0, 更新时间: unknown, 大小: 0.0 KB
[2025-11-12 01:38:20] ✅ 解析成功 - https://raw.githubusercontent.com/chat263/tvjson/45dbc00aebda1642a95c20be2b5a0bda61a60e78/m.json - 作者: chat263, 更新时间: unknown, 大小: 0.0 KB
[2025-11-12 01:38:20] ✅ 解析成功 - https://raw.githubusercontent.com/yjh800307/yjh800307.github.io/4b825da4ab5059eae4f36ffc59877d0b5a76ea63/moontv.json - 作者: yjh800307, 更新时间: unknown, 大小: 0.0 KB
[2025-11-12 01:38:21] ✅ 解析成功 - https://raw.githubusercontent.com/Pundsup/Live/e28e9079a8e7614e26392c2de21546e84f50b216/yszyby.json - 作者: Pundsup, 更新时间: unknown, 大小: 0.0 KB
[2025-11-12 01:38:21] ✅ 解析成功 - https://raw.githubusercontent.com/moli-xia/MoonTV-app/aea64cc2504b56ea05e23fc2af49c7ed5a305dea/config.json - 作者: moli-xia, 更新时间: unknown, 大小: 0.0 KB
[2025-11-12 01:38:21] ✅ 解析成功 - https://raw.githubusercontent.com/PAICNI/Videos_PLUS/b51ff1521a1e77f17ad538ccfd3c100cc42e0663/MoonTV%E8%A7%86%E9%A2%91%E6%BA%90Plus%E7%89%88.json - 作者: PAICNI, 更新时间: unknown, 大小: 0.0 KB
[2025-11-12 01:38:21] ✅ 解析成功 - https://raw.githubusercontent.com/oooopera/moontv_config/f628293a043570e6eb9f1522b41f4eb09e91a7b2/input.json - 作者: oooopera, 更新时间: unknown, 大小: 0.0 KB
[2025-11-12 01:38:21] ✅ 解析成功 - https://raw.githubusercontent.com/Jonney111/jonney_clash/7277685840b1cbedbc2b55377acc81adff1d5745/moontv.json - 作者: Jonney111, 更新时间: unknown, 大小: 0.0 KB
[2025-11-12 01:38:22] ✅ 解析成功 - https://raw.githubusercontent.com/hanzhenya/hzyiptv/00923a1043db8e531f730912d565eb8619b5675f/config(%E8%80%81).json - 作者: hanzhenya, 更新时间: unknown, 大小: 0.0 KB
[2025-11-12 01:38:22] ✅ 解析成功 - https://raw.githubusercontent.com/wokaotianshi123/wokaotianshi123.github.io/172bb69966e3974d9ba311c53d792e8b7d632044/moontv/config_2025-09-23.json - 作者: wokaotianshi123, 更新时间: unknown, 大小: 0.0 KB
[2025-11-12 01:38:22] ✅ 解析成功 - https://raw.githubusercontent.com/xqrock/openfile/75df10457a00a6e5c9458f20122ebe2c5274c83e/config/vod.json - 作者: xqrock, 更新时间: unknown, 大小: 0.0 KB
[2025-11-12 01:38:22] ✅ 解析成功 - https://raw.githubusercontent.com/gxnas/TvBox/4153c4225579d480bb5dbba12619ce6e70df8acb/20250823.json - 作者: gxnas, 更新时间: unknown, 大小: 0.0 KB
[2025-11-12 01:38:22] ✅ 解析成功 - https://raw.githubusercontent.com/lovevampplus/cfdata/48ae504408e44ef0a64d175cca50bc57efde28b7/moontv-config.json - 作者: lovevampplus, 更新时间: unknown, 大小: 0.0 KB
[2025-11-12 01:38:23] ✅ 解析成功 - https://raw.githubusercontent.com/viacooky/tv-box-sub/3f7188cb5f0b65903fb0bc5dc94b2128e8e6f021/2.json - 作者: viacooky, 更新时间: unknown, 大小: 0.0 KB
[2025-11-12 01:38:23] ✅ 解析成功 - https://raw.githubusercontent.com/oooopera/moontv_config/f628293a043570e6eb9f1522b41f4eb09e91a7b2/config%E5%88%9D%E5%A7%8B.json - 作者: oooopera, 更新时间: unknown, 大小: 0.0 KB
[2025-11-12 01:38:23] ✅ 解析成功 - https://raw.githubusercontent.com/yangbvv/yangbvv.github.io/ccc07b795d13d93dc95eb0ca233bd1dd0726b624/moontv.json - 作者: yangbvv, 更新时间: unknown, 大小: 0.0 KB
[2025-11-13 01:39:19] ✅ 解析成功 - https://raw.githubusercontent.com/katelya77/KatelyaTV/fc78bb11c026285d1b66e841b227e6171574956c/config.json - 作者: katelya77, 更新时间: unknown, 大小: 0.0 KB
[2025-11-13 01:39:20] ✅ 解析成功 - https://raw.githubusercontent.com/hafrey1/LunaTV-config/e2752c4c9d1e43bd2067ce45b570859295745e99/jingjian.json - 作者: hafrey1, 更新时间: unknown, 大小: 0.0 KB
[2025-11-13 01:39:20] ✅ 解析成功 - https://raw.githubusercontent.com/SCXSVIP/TV/e7bc32117505d2bda3b31ade3dc96114c6ce623c/MoonTV/MoonTV-xs.json - 作者: SCXSVIP, 更新时间: unknown, 大小: 0.0 KB
[2025-11-13 01:39:20] ✅ 解析成功 - https://raw.githubusercontent.com/iphoneten/CNTV/77a30bc772c40da92aa73c207ca843ca59410545/config_backup.json - 作者: iphoneten, 更新时间: unknown, 大小: 0.0 KB
[2025-11-13 01:39:20] ✅ 解析成功 - https://raw.githubusercontent.com/gxnas/TvBox/4153c4225579d480bb5dbba12619ce6e70df8acb/LunaTV.json - 作者: gxnas, 更新时间: unknown, 大小: 0.0 KB
[2025-11-13 01:39:20] ✅ 解析成功 - https://raw.githubusercontent.com/mhq1389/lsegou/7cbbee54537334e668dd678fd8a8ef5efe6e0957/config.json - 作者: mhq1389, 更新时间: unknown, 大小: 0.0 KB
[2025-11-13 01:39:21] ✅ 解析成功 - https://raw.githubusercontent.com/wokaotianshi123/wokaotianshi123.github.io/a4ae55d70d1bd6ef25170fb0c23d92981c2506c0/luna20251027.json - 作者: wokaotianshi123, 更新时间: unknown, 大小: 0.0 KB
[2025-11-13 01:39:21] ✅ 解析成功 - https://raw.githubusercontent.com/Nesciasnenion/helloworld/cbaa34b8af6af1d1efedfa2230fe41ba1e1996da/moontv-config-all.json - 作者: Nesciasnenion, 更新时间: unknown, 大小: 0.0 KB
[2025-11-13 01:39:21] ✅ 解析成功 - https://raw.githubusercontent.com/lovevampplus/cfdata/48ae504408e44ef0a64d175cca50bc57efde28b7/96.json - 作者: lovevampplus, 更新时间: unknown, 大小: 0.0 KB
[2025-11-13 01:39:21] ✅ 解析成功 - https://raw.githubusercontent.com/sk3879921/tvjson/3e5394dfbc292321326e218e7bc303716f3f5336/q.json - 作者: sk3879921, 更新时间: unknown, 大小: 0.0 KB
[2025-11-13 01:39:21] ✅ 解析成功 - https://raw.githubusercontent.com/adminlove520/Source-Collector/c96c07c6cc42ab851972f5c720cb8ec37d49a6d3/configplus_isadult.json - 作者: adminlove520, 更新时间: unknown, 大小: 0.0 KB
[2025-11-13 01:39:22] ✅ 解析成功 - https://raw.githubusercontent.com/katelya77/KatelyaTV/fc78bb11c026285d1b66e841b227e6171574956c/config.example.json - 作者: katelya77, 更新时间: unknown, 大小: 0.0 KB
[2025-11-13 01:39:22] ✅ 解析成功 - https://raw.githubusercontent.com/jeffernn/joyflix/7ef1beeba1c6efe7e80a7dd33f28098446659e1b/config.json - 作者: jeffernn, 更新时间: unknown, 大小: 0.0 KB
[2025-11-13 01:39:22] ✅ 解析成功 - https://raw.githubusercontent.com/Mikephie/Script/47347692043724424e031efa9e22002cd136f49a/config-3.json - 作者: Mikephie, 更新时间: unknown, 大小: 0.0 KB
[2025-11-13 01:39:22] ✅ 解析成功 - https://raw.githubusercontent.com/Stardm0/MoonTV/714bfd4393a8ba787ff647d66e9ab9911fb4d3c1/config.json - 作者: Stardm0, 更新时间: unknown, 大小: 0.0 KB
[2025-11-13 01:39:22] ✅ 解析成功 - https://raw.githubusercontent.com/chat263/tvjson/45dbc00aebda1642a95c20be2b5a0bda61a60e78/m.json - 作者: chat263, 更新时间: unknown, 大小: 0.0 KB
[2025-11-13 01:39:22] ✅ 解析成功 - https://raw.githubusercontent.com/yjh800307/yjh800307.github.io/4b825da4ab5059eae4f36ffc59877d0b5a76ea63/moontv.json - 作者: yjh800307, 更新时间: unknown, 大小: 0.0 KB
[2025-11-13 01:39:23] ✅ 解析成功 - https://raw.githubusercontent.com/Pundsup/Live/e28e9079a8e7614e26392c2de21546e84f50b216/yszyby.json - 作者: Pundsup, 更新时间: unknown, 大小: 0.0 KB
[2025-11-13 01:39:23] ❌ JSON语法错误 - https://raw.githubusercontent.com/hafrey1/MoonTV1.1.1/614f381e5312d9821bd5fe058f9eed9426e96d23/config.json - Expecting value: line 151 column 1 (char 5001)
[2025-11-13 01:39:23] ✅ 解析成功 - https://raw.githubusercontent.com/wokaotianshi123/wokaotianshi123.github.io/a4ae55d70d1bd6ef25170fb0c23d92981c2506c0/moontv/config_2025-09-23.json - 作者: wokaotianshi123, 更新时间: unknown, 大小: 0.0 KB
[2025-11-13 01:39:23] ✅ 解析成功 - https://raw.githubusercontent.com/yangbvv/yangbvv.github.io/ccc07b795d13d93dc95eb0ca233bd1dd0726b624/moontv.json - 作者: yangbvv, 更新时间: unknown, 大小: 0.0 KB
[2025-11-13 01:39:23] ✅ 解析成功 - https://raw.githubusercontent.com/Jonney111/jonney_clash/7277685840b1cbedbc2b55377acc81adff1d5745/moontv.json - 作者: Jonney111, 更新时间: unknown, 大小: 0.0 KB
[2025-11-13 01:39:24] ✅ 解析成功 - https://raw.githubusercontent.com/oooopera/moontv_config/e5b8a2a758f8f28acec52d458d8cd7b6a64938ce/config%E5%88%9D%E5%A7%8B.json - 作者: oooopera, 更新时间: unknown, 大小: 0.0 KB
[2025-11-13 01:39:24] ✅ 解析成功 - https://raw.githubusercontent.com/viacooky/tv-box-sub/3f7188cb5f0b65903fb0bc5dc94b2128e8e6f021/2.json - 作者: viacooky, 更新时间: unknown, 大小: 0.0 KB
[2025-11-13 01:39:24] ✅ 解析成功 - https://raw.githubusercontent.com/webshellren/XMoonTV/ef052045a4f7a3a10c5907da4d30e3a90984b03b/config.json - 作者: webshellren, 更新时间: unknown, 大小: 0.0 KB
[2025-11-13 01:39:24] ✅ 解析成功 - https://raw.githubusercontent.com/oooopera/moontv_config/e5b8a2a758f8f28acec52d458d8cd7b6a64938ce/input.json - 作者: oooopera, 更新时间: unknown, 大小: 0.0 KB
[2025-11-13 01:39:24] ✅ 解析成功 - https://raw.githubusercontent.com/PAICNI/Videos_PLUS/b51ff1521a1e77f17ad538ccfd3c100cc42e0663/MoonTV%E8%A7%86%E9%A2%91%E6%BA%90Plus%E7%89%88.json - 作者: PAICNI, 更新时间: unknown, 大小: 0.0 KB
[2025-11-13 01:39:25] ✅ 解析成功 - https://raw.githubusercontent.com/chisenin/rules-template/0144f03c1503c59ca7ce483ee4f7dfe656ad1aeb/config.json - 作者: chisenin, 更新时间: unknown, 大小: 0.0 KB
[2025-11-13 01:39:25] ✅ 解析成功 - https://raw.githubusercontent.com/xqrock/openfile/75df10457a00a6e5c9458f20122ebe2c5274c83e/config/vod.json - 作者: xqrock, 更新时间: unknown, 大小: 0.0 KB
[2025-11-13 01:39:25] ✅ 解析成功 - https://raw.githubusercontent.com/wokaotianshi123/jgcj/1f3ffa14bb0598f2ba4e87f67704c8a7a1e87cf6/libretv.json - 作者: wokaotianshi123, 更新时间: unknown, 大小: 0.0 KB
[2025-11-14 01:39:09] ✅ 解析成功 - https://raw.githubusercontent.com/katelya77/KatelyaTV/fc78bb11c026285d1b66e841b227e6171574956c/config.json - 作者: katelya77, 更新时间: unknown, 大小: 0.0 KB
[2025-11-14 01:39:09] ✅ 解析成功 - https://raw.githubusercontent.com/hafrey1/LunaTV-config/b25c5d829525d970d224642b2943545e259d4eab/jingjian.json - 作者: hafrey1, 更新时间: unknown, 大小: 0.0 KB
[2025-11-14 01:39:09] ✅ 解析成功 - https://raw.githubusercontent.com/SCXSVIP/TV/e7bc32117505d2bda3b31ade3dc96114c6ce623c/MoonTV/MoonTV-xs.json - 作者: SCXSVIP, 更新时间: unknown, 大小: 0.0 KB
[2025-11-14 01:39:10] ✅ 解析成功 - https://raw.githubusercontent.com/iphoneten/CNTV/77a30bc772c40da92aa73c207ca843ca59410545/config_backup.json - 作者: iphoneten, 更新时间: unknown, 大小: 0.0 KB
[2025-11-14 01:39:10] ✅ 解析成功 - https://raw.githubusercontent.com/gxnas/TvBox/4153c4225579d480bb5dbba12619ce6e70df8acb/LunaTV.json - 作者: gxnas, 更新时间: unknown, 大小: 0.0 KB
[2025-11-14 01:39:10] ✅ 解析成功 - https://raw.githubusercontent.com/mhq1389/lsegou/7cbbee54537334e668dd678fd8a8ef5efe6e0957/config.json - 作者: mhq1389, 更新时间: unknown, 大小: 0.0 KB
[2025-11-14 01:39:10] ✅ 解析成功 - https://raw.githubusercontent.com/wokaotianshi123/wokaotianshi123.github.io/a4ae55d70d1bd6ef25170fb0c23d92981c2506c0/luna20251027.json - 作者: wokaotianshi123, 更新时间: unknown, 大小: 0.0 KB
[2025-11-14 01:39:10] ✅ 解析成功 - https://raw.githubusercontent.com/Nesciasnenion/helloworld/cbaa34b8af6af1d1efedfa2230fe41ba1e1996da/moontv-config-all.json - 作者: Nesciasnenion, 更新时间: unknown, 大小: 0.0 KB
[2025-11-14 01:39:10] ✅ 解析成功 - https://raw.githubusercontent.com/lovevampplus/cfdata/48ae504408e44ef0a64d175cca50bc57efde28b7/96.json - 作者: lovevampplus, 更新时间: unknown, 大小: 0.0 KB
[2025-11-14 01:39:10] ✅ 解析成功 - https://raw.githubusercontent.com/oooopera/moontv_config/fd530e8b7445461e2cc8c52705098c6ec14cfe9a/config%E5%88%9D%E5%A7%8B.json - 作者: oooopera, 更新时间: unknown, 大小: 0.0 KB
[2025-11-14 01:39:10] ✅ 解析成功 - https://raw.githubusercontent.com/adminlove520/Source-Collector/c96c07c6cc42ab851972f5c720cb8ec37d49a6d3/configplus_isadult.json - 作者: adminlove520, 更新时间: unknown, 大小: 0.0 KB
[2025-11-14 01:39:10] ✅ 解析成功 - https://raw.githubusercontent.com/katelya77/KatelyaTV/fc78bb11c026285d1b66e841b227e6171574956c/config.example.json - 作者: katelya77, 更新时间: unknown, 大小: 0.0 KB
[2025-11-14 01:39:11] ✅ 解析成功 - https://raw.githubusercontent.com/jeffernn/joyflix/7ef1beeba1c6efe7e80a7dd33f28098446659e1b/config.json - 作者: jeffernn, 更新时间: unknown, 大小: 0.0 KB
[2025-11-14 01:39:11] ✅ 解析成功 - https://raw.githubusercontent.com/Mikephie/Script/87a09684711f106a9d886c3b7faee5f384b34f47/config-3.json - 作者: Mikephie, 更新时间: unknown, 大小: 0.0 KB
[2025-11-14 01:39:11] ✅ 解析成功 - https://raw.githubusercontent.com/Stardm0/MoonTV/714bfd4393a8ba787ff647d66e9ab9911fb4d3c1/config.json - 作者: Stardm0, 更新时间: unknown, 大小: 0.0 KB
[2025-11-14 01:39:11] ✅ 解析成功 - https://raw.githubusercontent.com/chat263/tvjson/45dbc00aebda1642a95c20be2b5a0bda61a60e78/m.json - 作者: chat263, 更新时间: unknown, 大小: 0.0 KB
[2025-11-14 01:39:11] ✅ 解析成功 - https://raw.githubusercontent.com/yjh800307/yjh800307.github.io/4b825da4ab5059eae4f36ffc59877d0b5a76ea63/moontv.json - 作者: yjh800307, 更新时间: unknown, 大小: 0.0 KB
[2025-11-14 01:39:11] ✅ 解析成功 - https://raw.githubusercontent.com/Pundsup/Live/e28e9079a8e7614e26392c2de21546e84f50b216/yszyby.json - 作者: Pundsup, 更新时间: unknown, 大小: 0.0 KB
[2025-11-14 01:39:11] ✅ 解析成功 - https://raw.githubusercontent.com/Jonney111/jonney_clash/7277685840b1cbedbc2b55377acc81adff1d5745/moontv.json - 作者: Jonney111, 更新时间: unknown, 大小: 0.0 KB
[2025-11-14 01:39:11] ✅ 解析成功 - https://raw.githubusercontent.com/wokaotianshi123/jgcj/1f3ffa14bb0598f2ba4e87f67704c8a7a1e87cf6/libretv.json - 作者: wokaotianshi123, 更新时间: unknown, 大小: 0.0 KB
[2025-11-14 01:39:11] ✅ 解析成功 - https://raw.githubusercontent.com/Korean032/WenXiTV/858aa80242728dbcb74a4b913eb92ebcaf6da04a/config.json - 作者: Korean032, 更新时间: unknown, 大小: 0.0 KB
[2025-11-14 01:39:12] ✅ 解析成功 - https://raw.githubusercontent.com/moli-xia/MoonTV-app/aea64cc2504b56ea05e23fc2af49c7ed5a305dea/config.json - 作者: moli-xia, 更新时间: unknown, 大小: 0.0 KB
[2025-11-14 01:39:12] ✅ 解析成功 - https://raw.githubusercontent.com/viacooky/tv-box-sub/3f7188cb5f0b65903fb0bc5dc94b2128e8e6f021/1.json - 作者: viacooky, 更新时间: unknown, 大小: 0.0 KB
[2025-11-14 01:39:12] ✅ 解析成功 - https://raw.githubusercontent.com/lovevampplus/cfdata/48ae504408e44ef0a64d175cca50bc57efde28b7/moontv-config.json - 作者: lovevampplus, 更新时间: unknown, 大小: 0.0 KB
[2025-11-14 01:39:12] ✅ 解析成功 - https://raw.githubusercontent.com/yutian81/data-source/97c13655052a73d5f455801eed3d366b97acf3ce/OrionTV/config.json - 作者: yutian81, 更新时间: unknown, 大小: 0.0 KB
[2025-11-14 01:39:12] ✅ 解析成功 - https://raw.githubusercontent.com/chisenin/rules-template/49202df58bc147fdee13112bcd80295e53eb0f27/config.json - 作者: chisenin, 更新时间: unknown, 大小: 0.0 KB
[2025-11-14 01:39:12] ✅ 解析成功 - https://raw.githubusercontent.com/yenkj/epg/396a66c4da960c2a66b3bdcebddf0027a544045d/config0.json - 作者: yenkj, 更新时间: unknown, 大小: 0.0 KB
[2025-11-14 01:39:12] ✅ 解析成功 - https://raw.githubusercontent.com/hanzhenya/hzyiptv/00923a1043db8e531f730912d565eb8619b5675f/config(%E8%80%81).json - 作者: hanzhenya, 更新时间: unknown, 大小: 0.0 KB
[2025-11-14 01:39:12] ✅ 解析成功 - https://raw.githubusercontent.com/gxnas/TvBox/4153c4225579d480bb5dbba12619ce6e70df8acb/20250823.json - 作者: gxnas, 更新时间: unknown, 大小: 0.0 KB
[2025-11-14 01:39:12] ✅ 解析成功 - https://raw.githubusercontent.com/viacooky/tv-box-sub/3f7188cb5f0b65903fb0bc5dc94b2128e8e6f021/2.json - 作者: viacooky, 更新时间: unknown, 大小: 0.0 KB
[2025-11-15 01:27:50] ✅ 解析成功 - https://raw.githubusercontent.com/katelya77/KatelyaTV/fc78bb11c026285d1b66e841b227e6171574956c/config.json - 作者: katelya77, 更新时间: unknown, 大小: 0.0 KB
[2025-11-15 01:27:50] ✅ 解析成功 - https://raw.githubusercontent.com/hafrey1/LunaTV-config/e044fee1d8aa4617800fb8fed1e2d8111e7fd4b6/jingjian.json - 作者: hafrey1, 更新时间: unknown, 大小: 0.0 KB
[2025-11-15 01:27:51] ✅ 解析成功 - https://raw.githubusercontent.com/SCXSVIP/TV/e7bc32117505d2bda3b31ade3dc96114c6ce623c/MoonTV/MoonTV-xs.json - 作者: SCXSVIP, 更新时间: unknown, 大小: 0.0 KB
[2025-11-15 01:27:51] ✅ 解析成功 - https://raw.githubusercontent.com/iphoneten/CNTV/77a30bc772c40da92aa73c207ca843ca59410545/config_backup.json - 作者: iphoneten, 更新时间: unknown, 大小: 0.0 KB
[2025-11-15 01:27:51] ✅ 解析成功 - https://raw.githubusercontent.com/gxnas/TvBox/4153c4225579d480bb5dbba12619ce6e70df8acb/LunaTV.json - 作者: gxnas, 更新时间: unknown, 大小: 0.0 KB
[2025-11-15 01:27:51] ✅ 解析成功 - https://raw.githubusercontent.com/mhq1389/lsegou/7cbbee54537334e668dd678fd8a8ef5efe6e0957/config.json - 作者: mhq1389, 更新时间: unknown, 大小: 0.0 KB
[2025-11-15 01:27:51] ✅ 解析成功 - https://raw.githubusercontent.com/Stardm0/MoonTV/714bfd4393a8ba787ff647d66e9ab9911fb4d3c1/config.json - 作者: Stardm0, 更新时间: unknown, 大小: 0.0 KB
[2025-11-15 01:27:51] ✅ 解析成功 - https://raw.githubusercontent.com/yenkj/epg/016512e1ac0cf953179973acaacee7f2f0f3ad70/config0.json - 作者: yenkj, 更新时间: unknown, 大小: 0.0 KB
[2025-11-15 01:27:51] ✅ 解析成功 - https://raw.githubusercontent.com/chat263/tvjson/45dbc00aebda1642a95c20be2b5a0bda61a60e78/m.json - 作者: chat263, 更新时间: unknown, 大小: 0.0 KB
[2025-11-15 01:27:51] ✅ 解析成功 - https://raw.githubusercontent.com/jeffernn/joyflix/7ef1beeba1c6efe7e80a7dd33f28098446659e1b/config.json - 作者: jeffernn, 更新时间: unknown, 大小: 0.0 KB
[2025-11-15 01:27:51] ✅ 解析成功 - https://raw.githubusercontent.com/hanzhenya/hzyiptv/00923a1043db8e531f730912d565eb8619b5675f/config(%E8%80%81).json - 作者: hanzhenya, 更新时间: unknown, 大小: 0.0 KB
[2025-11-15 01:27:51] ✅ 解析成功 - https://raw.githubusercontent.com/jeffliub/MoonTV2/0a23fd92f0523ba828a445dfbe41f563eec65d66/config.json - 作者: jeffliub, 更新时间: unknown, 大小: 0.0 KB
[2025-11-15 01:27:52] ✅ 解析成功 - https://raw.githubusercontent.com/oooopera/moontv_config/06de152dff853ff973bbe7096aa151492c78b6c0/config%E5%88%9D%E5%A7%8B.json - 作者: oooopera, 更新时间: unknown, 大小: 0.0 KB
[2025-11-15 01:27:52] ✅ 解析成功 - https://raw.githubusercontent.com/xqrock/openfile/75df10457a00a6e5c9458f20122ebe2c5274c83e/config/vod.json - 作者: xqrock, 更新时间: unknown, 大小: 0.0 KB
[2025-11-15 01:27:52] ✅ 解析成功 - https://raw.githubusercontent.com/wokaotianshi123/wokaotianshi123.github.io/a4ae55d70d1bd6ef25170fb0c23d92981c2506c0/luna20251027.json - 作者: wokaotianshi123, 更新时间: unknown, 大小: 0.0 KB
[2025-11-15 01:27:52] ✅ 解析成功 - https://raw.githubusercontent.com/hafrey1/LunaTV-config/e044fee1d8aa4617800fb8fed1e2d8111e7fd4b6/LunaTV-config.json - 作者: hafrey1, 更新时间: unknown, 大小: 0.0 KB
[2025-11-15 01:27:52] ✅ 解析成功 - https://raw.githubusercontent.com/gxnas/TvBox/4153c4225579d480bb5dbba12619ce6e70df8acb/20250823.json - 作者: gxnas, 更新时间: unknown, 大小: 0.0 KB
[2025-11-15 01:27:52] ✅ 解析成功 - https://raw.githubusercontent.com/adminlove520/Source-Collector/c96c07c6cc42ab851972f5c720cb8ec37d49a6d3/config_isadult.json - 作者: adminlove520, 更新时间: unknown, 大小: 0.0 KB
[2025-11-15 01:27:52] ✅ 解析成功 - https://raw.githubusercontent.com/Mikephie/Script/cfbd3d8b907d7839fe96c3de45339fab084f5a98/config-2.json - 作者: Mikephie, 更新时间: unknown, 大小: 0.0 KB
[2025-11-15 01:27:52] ✅ 解析成功 - https://raw.githubusercontent.com/Nesciasnenion/helloworld/cbaa34b8af6af1d1efedfa2230fe41ba1e1996da/moontv-config-all.json - 作者: Nesciasnenion, 更新时间: unknown, 大小: 0.0 KB
[2025-11-15 01:27:52] ✅ 解析成功 - https://raw.githubusercontent.com/sk3879921/tvjson/3e5394dfbc292321326e218e7bc303716f3f5336/q.json - 作者: sk3879921, 更新时间: unknown, 大小: 0.0 KB
[2025-11-15 01:27:52] ✅ 解析成功 - https://raw.githubusercontent.com/hjdhnx/drpy-node/0bf8c0cf53da0134c4a2f20e5e8295353760e39d/scripts/mjs/moontv.json - 作者: hjdhnx, 更新时间: unknown, 大小: 0.0 KB
[2025-11-15 01:27:53] ✅ 解析成功 - https://raw.githubusercontent.com/Duoqixiaozei/oriontv/af09b41149143672e9263612ebf5e5263b00a93a/backend/src/config/config.json - 作者: Duoqixiaozei, 更新时间: unknown, 大小: 0.0 KB
[2025-11-15 01:27:53] ✅ 解析成功 - https://raw.githubusercontent.com/moli-xia/MoonTV-app/aea64cc2504b56ea05e23fc2af49c7ed5a305dea/config.json - 作者: moli-xia, 更新时间: unknown, 大小: 0.0 KB
[2025-11-15 01:27:53] ✅ 解析成功 - https://raw.githubusercontent.com/lovevampplus/cfdata/9c9d5acfde74c59cc1b3aa35b5f049132a3701a5/moontv-config.json - 作者: lovevampplus, 更新时间: unknown, 大小: 0.0 KB
[2025-11-15 01:27:53] ✅ 解析成功 - https://raw.githubusercontent.com/PAICNI/Videos_PLUS/b51ff1521a1e77f17ad538ccfd3c100cc42e0663/MoonTV%E8%A7%86%E9%A2%91%E6%BA%90Plus%E7%89%88.json - 作者: PAICNI, 更新时间: unknown, 大小: 0.0 KB
[2025-11-15 01:27:53] ✅ 解析成功 - https://raw.githubusercontent.com/lovevampplus/cfdata/9c9d5acfde74c59cc1b3aa35b5f049132a3701a5/96.json - 作者: lovevampplus, 更新时间: unknown, 大小: 0.0 KB
[2025-11-15 01:27:53] ✅ 解析成功 - https://raw.githubusercontent.com/adminlove520/Source-Collector/c96c07c6cc42ab851972f5c720cb8ec37d49a6d3/configplus_isadult.json - 作者: adminlove520, 更新时间: unknown, 大小: 0.0 KB
[2025-11-15 01:27:53] ✅ 解析成功 - https://raw.githubusercontent.com/viacooky/tv-box-sub/3f7188cb5f0b65903fb0bc5dc94b2128e8e6f021/2.json - 作者: viacooky, 更新时间: unknown, 大小: 0.0 KB
[2025-11-15 01:27:53] ✅ 解析成功 - https://raw.githubusercontent.com/viacooky/tv-box-sub/3f7188cb5f0b65903fb0bc5dc94b2128e8e6f021/1.json - 作者: viacooky, 更新时间: unknown, 大小: 0.0 KB
[2025-11-16 01:43:23] ✅ 解析成功 - https://raw.githubusercontent.com/katelya77/KatelyaTV/fc78bb11c026285d1b66e841b227e6171574956c/config.json - 作者: katelya77, 更新时间: unknown, 大小: 0.0 KB
[2025-11-16 01:43:23] ✅ 解析成功 - https://raw.githubusercontent.com/hafrey1/LunaTV-config/ef21655566d9320d3e94dadb9e3327e9d1d6db94/jingjian.json - 作者: hafrey1, 更新时间: unknown, 大小: 0.0 KB
[2025-11-16 01:43:23] ✅ 解析成功 - https://raw.githubusercontent.com/SCXSVIP/TV/e7bc32117505d2bda3b31ade3dc96114c6ce623c/MoonTV/MoonTV-xs.json - 作者: SCXSVIP, 更新时间: unknown, 大小: 0.0 KB
[2025-11-16 01:43:23] ✅ 解析成功 - https://raw.githubusercontent.com/iphoneten/CNTV/77a30bc772c40da92aa73c207ca843ca59410545/config_backup.json - 作者: iphoneten, 更新时间: unknown, 大小: 0.0 KB
[2025-11-16 01:43:23] ✅ 解析成功 - https://raw.githubusercontent.com/gxnas/TvBox/4153c4225579d480bb5dbba12619ce6e70df8acb/LunaTV.json - 作者: gxnas, 更新时间: unknown, 大小: 0.0 KB
[2025-11-16 01:43:24] ✅ 解析成功 - https://raw.githubusercontent.com/mhq1389/lsegou/7cbbee54537334e668dd678fd8a8ef5efe6e0957/config.json - 作者: mhq1389, 更新时间: unknown, 大小: 0.0 KB
[2025-11-16 01:43:24] ✅ 解析成功 - https://raw.githubusercontent.com/viacooky/tv-box-sub/3f7188cb5f0b65903fb0bc5dc94b2128e8e6f021/1.json - 作者: viacooky, 更新时间: unknown, 大小: 0.0 KB
[2025-11-16 01:43:24] ✅ 解析成功 - https://raw.githubusercontent.com/Stardm0/MoonTV/714bfd4393a8ba787ff647d66e9ab9911fb4d3c1/config.json - 作者: Stardm0, 更新时间: unknown, 大小: 0.0 KB
[2025-11-16 01:43:24] ✅ 解析成功 - https://raw.githubusercontent.com/wokaotianshi123/wokaotianshi123.github.io/a4ae55d70d1bd6ef25170fb0c23d92981c2506c0/moontv/config_2025-09-23.json - 作者: wokaotianshi123, 更新时间: unknown, 大小: 0.0 KB
[2025-11-16 01:43:24] ✅ 解析成功 - https://raw.githubusercontent.com/samqin123/MoonTV/c0bba763d16fb5cd830a808d58329025337491cf/config.json - 作者: samqin123, 更新时间: unknown, 大小: 0.0 KB
[2025-11-16 01:43:24] ✅ 解析成功 - https://raw.githubusercontent.com/chat263/tvjson/45dbc00aebda1642a95c20be2b5a0bda61a60e78/m.json - 作者: chat263, 更新时间: unknown, 大小: 0.0 KB
[2025-11-16 01:43:24] ✅ 解析成功 - https://raw.githubusercontent.com/oooopera/moontv_config/d4c9bb29e23e78427345f3db1b6f592cd1b40ab3/input.json - 作者: oooopera, 更新时间: unknown, 大小: 0.0 KB
[2025-11-16 01:43:24] ✅ 解析成功 - https://raw.githubusercontent.com/hafrey1/LunaTV-config/ef21655566d9320d3e94dadb9e3327e9d1d6db94/jin18.json - 作者: hafrey1, 更新时间: unknown, 大小: 0.0 KB
[2025-11-16 01:43:24] ✅ 解析成功 - https://raw.githubusercontent.com/Jonney111/jonney_clash/7277685840b1cbedbc2b55377acc81adff1d5745/moontv.json - 作者: Jonney111, 更新时间: unknown, 大小: 0.0 KB
[2025-11-16 01:43:25] ✅ 解析成功 - https://raw.githubusercontent.com/lovevampplus/cfdata/45433305a35dd30620e08cd8f75c8f330057786a/moontv-config.json - 作者: lovevampplus, 更新时间: unknown, 大小: 0.0 KB
[2025-11-16 01:43:25] ✅ 解析成功 - https://raw.githubusercontent.com/Duoqixiaozei/oriontv/af09b41149143672e9263612ebf5e5263b00a93a/backend/src/config/config.json - 作者: Duoqixiaozei, 更新时间: unknown, 大小: 0.0 KB
[2025-11-16 01:43:25] ✅ 解析成功 - https://raw.githubusercontent.com/sk3879921/tvjson/3e5394dfbc292321326e218e7bc303716f3f5336/q.json - 作者: sk3879921, 更新时间: unknown, 大小: 0.0 KB
[2025-11-16 01:43:25] ✅ 解析成功 - https://raw.githubusercontent.com/hanzhenya/hzyiptv/00923a1043db8e531f730912d565eb8619b5675f/config(%E8%80%81).json - 作者: hanzhenya, 更新时间: unknown, 大小: 0.0 KB
[2025-11-16 01:43:25] ✅ 解析成功 - https://raw.githubusercontent.com/viacooky/tv-box-sub/3f7188cb5f0b65903fb0bc5dc94b2128e8e6f021/2.json - 作者: viacooky, 更新时间: unknown, 大小: 0.0 KB
[2025-11-16 01:43:25] ✅ 解析成功 - https://raw.githubusercontent.com/Mikephie/Script/fb7e92fe2f586a6b456d39dbc56ce479a073876f/config-2.json - 作者: Mikephie, 更新时间: unknown, 大小: 0.0 KB
[2025-11-16 01:43:25] ✅ 解析成功 - https://raw.githubusercontent.com/jeffliub/MoonTV2/0a23fd92f0523ba828a445dfbe41f563eec65d66/config.json - 作者: jeffliub, 更新时间: unknown, 大小: 0.0 KB
[2025-11-16 01:43:25] ✅ 解析成功 - https://raw.githubusercontent.com/yangbvv/yangbvv.github.io/ccc07b795d13d93dc95eb0ca233bd1dd0726b624/moontv.json - 作者: yangbvv, 更新时间: unknown, 大小: 0.0 KB
[2025-11-16 01:43:25] ✅ 解析成功 - https://raw.githubusercontent.com/moli-xia/MoonTV-app/aea64cc2504b56ea05e23fc2af49c7ed5a305dea/config.json - 作者: moli-xia, 更新时间: unknown, 大小: 0.0 KB
[2025-11-16 01:43:25] ✅ 解析成功 - https://raw.githubusercontent.com/Pundsup/Live/925a8c618be2be645a16fad1de20b3c08f18b242/yszyby.json - 作者: Pundsup, 更新时间: unknown, 大小: 0.0 KB
[2025-11-16 01:43:26] ✅ 解析成功 - https://raw.githubusercontent.com/yenkj/epg/9e1a78b73050142338ba20e8708304f732cf9a69/config0.json - 作者: yenkj, 更新时间: unknown, 大小: 0.0 KB
[2025-11-16 01:43:26] ✅ 解析成功 - https://raw.githubusercontent.com/lovevampplus/cfdata/45433305a35dd30620e08cd8f75c8f330057786a/96.json - 作者: lovevampplus, 更新时间: unknown, 大小: 0.0 KB
[2025-11-16 01:43:26] ✅ 解析成功 - https://raw.githubusercontent.com/adminlove520/Source-Collector/c96c07c6cc42ab851972f5c720cb8ec37d49a6d3/config_isadult.json - 作者: adminlove520, 更新时间: unknown, 大小: 0.0 KB
[2025-11-16 01:43:26] ✅ 解析成功 - https://raw.githubusercontent.com/louis779/moontyv/0fe913bafef02036b393feed5683349145c9480a/config.json - 作者: louis779, 更新时间: unknown, 大小: 0.0 KB
[2025-11-16 01:43:26] ✅ 解析成功 - https://raw.githubusercontent.com/adminlove520/Source-Collector/c96c07c6cc42ab851972f5c720cb8ec37d49a6d3/configplus_isadult.json - 作者: adminlove520, 更新时间: unknown, 大小: 0.0 KB
[2025-11-16 01:43:26] ✅ 解析成功 - https://raw.githubusercontent.com/yutian81/data-source/97c13655052a73d5f455801eed3d366b97acf3ce/OrionTV/config.json - 作者: yutian81, 更新时间: unknown, 大小: 0.0 KB
[2025-11-17 01:39:51] ✅ 解析成功 - https://raw.githubusercontent.com/katelya77/KatelyaTV/fc78bb11c026285d1b66e841b227e6171574956c/config.json - 作者: katelya77, 更新时间: unknown, 大小: 0.0 KB
[2025-11-17 01:39:51] ✅ 解析成功 - https://raw.githubusercontent.com/hafrey1/LunaTV-config/7e9a8ea8ba7f8ded2f5e4e9cc91fc942a16c8628/jingjian.json - 作者: hafrey1, 更新时间: unknown, 大小: 0.0 KB
[2025-11-17 01:39:51] ✅ 解析成功 - https://raw.githubusercontent.com/SCXSVIP/TV/e7bc32117505d2bda3b31ade3dc96114c6ce623c/MoonTV/MoonTV-xs.json - 作者: SCXSVIP, 更新时间: unknown, 大小: 0.0 KB
[2025-11-17 01:39:51] ✅ 解析成功 - https://raw.githubusercontent.com/iphoneten/CNTV/77a30bc772c40da92aa73c207ca843ca59410545/config_backup.json - 作者: iphoneten, 更新时间: unknown, 大小: 0.0 KB
[2025-11-17 01:39:51] ✅ 解析成功 - https://raw.githubusercontent.com/gxnas/TvBox/4153c4225579d480bb5dbba12619ce6e70df8acb/LunaTV.json - 作者: gxnas, 更新时间: unknown, 大小: 0.0 KB
[2025-11-17 01:39:51] ✅ 解析成功 - https://raw.githubusercontent.com/mhq1389/lsegou/7cbbee54537334e668dd678fd8a8ef5efe6e0957/config.json - 作者: mhq1389, 更新时间: unknown, 大小: 0.0 KB
[2025-11-17 01:39:52] ✅ 解析成功 - https://raw.githubusercontent.com/viacooky/tv-box-sub/3f7188cb5f0b65903fb0bc5dc94b2128e8e6f021/1.json - 作者: viacooky, 更新时间: unknown, 大小: 0.0 KB
[2025-11-17 01:39:52] ✅ 解析成功 - https://raw.githubusercontent.com/Stardm0/MoonTV/714bfd4393a8ba787ff647d66e9ab9911fb4d3c1/config.json - 作者: Stardm0, 更新时间: unknown, 大小: 0.0 KB
[2025-11-17 01:39:52] ✅ 解析成功 - https://raw.githubusercontent.com/wokaotianshi123/wokaotianshi123.github.io/a4ae55d70d1bd6ef25170fb0c23d92981c2506c0/moontv/config_2025-09-23.json - 作者: wokaotianshi123, 更新时间: unknown, 大小: 0.0 KB
[2025-11-17 01:39:52] ✅ 解析成功 - https://raw.githubusercontent.com/samqin123/MoonTV/c0bba763d16fb5cd830a808d58329025337491cf/config.json - 作者: samqin123, 更新时间: unknown, 大小: 0.0 KB
[2025-11-17 01:39:52] ✅ 解析成功 - https://raw.githubusercontent.com/chat263/tvjson/45dbc00aebda1642a95c20be2b5a0bda61a60e78/m.json - 作者: chat263, 更新时间: unknown, 大小: 0.0 KB
[2025-11-17 01:39:53] ✅ 解析成功 - https://raw.githubusercontent.com/oooopera/moontv_config/2d810b9650b28ddddb8a8a976269b9471d963154/input.json - 作者: oooopera, 更新时间: unknown, 大小: 0.0 KB
[2025-11-17 01:39:53] ✅ 解析成功 - https://raw.githubusercontent.com/hanzhenya/hzyiptv/00923a1043db8e531f730912d565eb8619b5675f/config(%E8%80%81).json - 作者: hanzhenya, 更新时间: unknown, 大小: 0.0 KB
[2025-11-17 01:39:53] ✅ 解析成功 - https://raw.githubusercontent.com/Jonney111/jonney_clash/7277685840b1cbedbc2b55377acc81adff1d5745/moontv.json - 作者: Jonney111, 更新时间: unknown, 大小: 0.0 KB
[2025-11-17 01:39:53] ✅ 解析成功 - https://raw.githubusercontent.com/lovevampplus/cfdata/45433305a35dd30620e08cd8f75c8f330057786a/moontv-config.json - 作者: lovevampplus, 更新时间: unknown, 大小: 0.0 KB
[2025-11-17 01:39:53] ✅ 解析成功 - https://raw.githubusercontent.com/Duoqixiaozei/oriontv/af09b41149143672e9263612ebf5e5263b00a93a/backend/src/config/config.json - 作者: Duoqixiaozei, 更新时间: unknown, 大小: 0.0 KB
[2025-11-17 01:39:54] ✅ 解析成功 - https://raw.githubusercontent.com/sk3879921/tvjson/3e5394dfbc292321326e218e7bc303716f3f5336/q.json - 作者: sk3879921, 更新时间: unknown, 大小: 0.0 KB
[2025-11-17 01:39:54] ✅ 解析成功 - https://raw.githubusercontent.com/katelya77/KatelyaTV/fc78bb11c026285d1b66e841b227e6171574956c/config.example.json - 作者: katelya77, 更新时间: unknown, 大小: 0.0 KB
[2025-11-17 01:39:54] ✅ 解析成功 - https://raw.githubusercontent.com/hafrey1/LunaTV-config/7e9a8ea8ba7f8ded2f5e4e9cc91fc942a16c8628/jin18.json - 作者: hafrey1, 更新时间: unknown, 大小: 0.0 KB
[2025-11-17 01:39:54] ✅ 解析成功 - https://raw.githubusercontent.com/Mikephie/Script/2ac806fdb8bda6f023471396b82f4e9561653f99/config-2.json - 作者: Mikephie, 更新时间: unknown, 大小: 0.0 KB
[2025-11-17 01:39:54] ✅ 解析成功 - https://raw.githubusercontent.com/yenkj/epg/44a5f88bf1184a3f4fdf8f7b5635bd872683ec56/config0.json - 作者: yenkj, 更新时间: unknown, 大小: 0.0 KB
[2025-11-17 01:39:54] ✅ 解析成功 - https://raw.githubusercontent.com/moli-xia/MoonTV-app/aea64cc2504b56ea05e23fc2af49c7ed5a305dea/config.json - 作者: moli-xia, 更新时间: unknown, 大小: 0.0 KB
[2025-11-17 01:39:55] ✅ 解析成功 - https://raw.githubusercontent.com/Pundsup/Live/925a8c618be2be645a16fad1de20b3c08f18b242/yszyby.json - 作者: Pundsup, 更新时间: unknown, 大小: 0.0 KB
[2025-11-17 01:39:55] ✅ 解析成功 - https://raw.githubusercontent.com/talefou/static/0c91dff4d72fe1543670b18e1e1bc73063896942/tv/config.json - 作者: talefou, 更新时间: unknown, 大小: 0.0 KB
[2025-11-17 01:39:55] ✅ 解析成功 - https://raw.githubusercontent.com/yutian81/data-source/97c13655052a73d5f455801eed3d366b97acf3ce/OrionTV/config.json - 作者: yutian81, 更新时间: unknown, 大小: 0.0 KB
[2025-11-17 01:39:55] ✅ 解析成功 - https://raw.githubusercontent.com/wokaotianshi123/jgcj/2876bc64619492b50522d77ae9a5363210d6ac63/libretv.json - 作者: wokaotianshi123, 更新时间: unknown, 大小: 0.0 KB
[2025-11-17 01:39:55] ✅ 解析成功 - https://raw.githubusercontent.com/adminlove520/Source-Collector/c96c07c6cc42ab851972f5c720cb8ec37d49a6d3/config_isadult.json - 作者: adminlove520, 更新时间: unknown, 大小: 0.0 KB
[2025-11-17 01:39:55] ✅ 解析成功 - https://raw.githubusercontent.com/xuyuani/moontv/ea3d1065e8bbdfde379700bf74eb634e88915ab2/config.json - 作者: xuyuani, 更新时间: unknown, 大小: 0.0 KB
[2025-11-17 01:39:56] ✅ 解析成功 - https://raw.githubusercontent.com/xqrock/openfile/75df10457a00a6e5c9458f20122ebe2c5274c83e/config/vod.json - 作者: xqrock, 更新时间: unknown, 大小: 0.0 KB
[2025-11-17 01:39:56] ✅ 解析成功 - https://raw.githubusercontent.com/haogege8888/KatelyaTV/e58837e6b5dcc4d7d112e05e1d9bda3e9b3bf992/config.json - 作者: haogege8888, 更新时间: unknown, 大小: 0.0 KB
[2025-11-18 01:37:51] ✅ 解析成功 - https://raw.githubusercontent.com/katelya77/KatelyaTV/fc78bb11c026285d1b66e841b227e6171574956c/config.json - 作者: katelya77, 更新时间: unknown, 大小: 0.0 KB
[2025-11-18 01:37:51] ✅ 解析成功 - https://raw.githubusercontent.com/hafrey1/LunaTV-config/f9ef93319e1e62e5be2a7c42d41e9f5992415ae6/jingjian.json - 作者: hafrey1, 更新时间: unknown, 大小: 0.0 KB
[2025-11-18 01:37:51] ✅ 解析成功 - https://raw.githubusercontent.com/SCXSVIP/TV/e7bc32117505d2bda3b31ade3dc96114c6ce623c/MoonTV/MoonTV-xs.json - 作者: SCXSVIP, 更新时间: unknown, 大小: 0.0 KB
[2025-11-18 01:37:51] ✅ 解析成功 - https://raw.githubusercontent.com/wokaotianshi123/wokaotianshi123.github.io/a4ae55d70d1bd6ef25170fb0c23d92981c2506c0/moontv/config_2025-09-23.json - 作者: wokaotianshi123, 更新时间: unknown, 大小: 0.0 KB
[2025-11-18 01:37:51] ✅ 解析成功 - https://raw.githubusercontent.com/webshellren/XMoonTV/ef052045a4f7a3a10c5907da4d30e3a90984b03b/config.json - 作者: webshellren, 更新时间: unknown, 大小: 0.0 KB
[2025-11-18 01:37:52] ✅ 解析成功 - https://raw.githubusercontent.com/viacooky/tv-box-sub/3f7188cb5f0b65903fb0bc5dc94b2128e8e6f021/2.json - 作者: viacooky, 更新时间: unknown, 大小: 0.0 KB
[2025-11-18 01:37:52] ✅ 解析成功 - https://raw.githubusercontent.com/lovevampplus/cfdata/45433305a35dd30620e08cd8f75c8f330057786a/96.json - 作者: lovevampplus, 更新时间: unknown, 大小: 0.0 KB
[2025-11-18 01:37:52] ✅ 解析成功 - https://raw.githubusercontent.com/hanzhenya/hzyiptv/00923a1043db8e531f730912d565eb8619b5675f/config(%E8%80%81).json - 作者: hanzhenya, 更新时间: unknown, 大小: 0.0 KB
[2025-11-18 01:37:52] ✅ 解析成功 - https://raw.githubusercontent.com/sk3879921/tvjson/3e5394dfbc292321326e218e7bc303716f3f5336/q.json - 作者: sk3879921, 更新时间: unknown, 大小: 0.0 KB
[2025-11-18 01:37:52] ✅ 解析成功 - https://raw.githubusercontent.com/jeffliub/MoonTV2/0a23fd92f0523ba828a445dfbe41f563eec65d66/config.json - 作者: jeffliub, 更新时间: unknown, 大小: 0.0 KB
[2025-11-18 01:37:52] ✅ 解析成功 - https://raw.githubusercontent.com/adminlove520/Source-Collector/c96c07c6cc42ab851972f5c720cb8ec37d49a6d3/configplus_isadult.json - 作者: adminlove520, 更新时间: unknown, 大小: 0.0 KB
[2025-11-18 01:37:53] ✅ 解析成功 - https://raw.githubusercontent.com/gxnas/TvBox/4153c4225579d480bb5dbba12619ce6e70df8acb/20250823.json - 作者: gxnas, 更新时间: unknown, 大小: 0.0 KB
[2025-11-18 01:37:53] ✅ 解析成功 - https://raw.githubusercontent.com/oooopera/moontv_config/92c0df1dcff1b5f1a936a6cc86c683eb752bbf69/input.json - 作者: oooopera, 更新时间: unknown, 大小: 0.0 KB
[2025-11-18 01:37:53] ✅ 解析成功 - https://raw.githubusercontent.com/iphoneten/CNTV/77a30bc772c40da92aa73c207ca843ca59410545/config_backup.json - 作者: iphoneten, 更新时间: unknown, 大小: 0.0 KB
[2025-11-18 01:37:53] ✅ 解析成功 - https://raw.githubusercontent.com/hjdhnx/drpy-node/0bf8c0cf53da0134c4a2f20e5e8295353760e39d/scripts/mjs/moontv.json - 作者: hjdhnx, 更新时间: unknown, 大小: 0.0 KB
[2025-11-18 01:37:53] ✅ 解析成功 - https://raw.githubusercontent.com/viacooky/tv-box-sub/3f7188cb5f0b65903fb0bc5dc94b2128e8e6f021/1.json - 作者: viacooky, 更新时间: unknown, 大小: 0.0 KB
[2025-11-18 01:37:53] ✅ 解析成功 - https://raw.githubusercontent.com/Nesciasnenion/helloworld/cbaa34b8af6af1d1efedfa2230fe41ba1e1996da/moontv-config-all.json - 作者: Nesciasnenion, 更新时间: unknown, 大小: 0.0 KB
[2025-11-18 01:37:54] ✅ 解析成功 - https://raw.githubusercontent.com/zhumengkang/edgeone-moontv/262ce332a93ba34966adb07761e7bfab8faab7bf/config.json - 作者: zhumengkang, 更新时间: unknown, 大小: 0.0 KB
[2025-11-18 01:37:54] ✅ 解析成功 - https://raw.githubusercontent.com/cc638/tvbox/20d56986273b6dbc5c9ac31da1c83e0b90019871/%E8%A7%86%E9%A2%91%E6%BA%90.json - 作者: cc638, 更新时间: unknown, 大小: 0.0 KB
[2025-11-18 01:37:54] ✅ 解析成功 - https://raw.githubusercontent.com/chat263/tvjson/45dbc00aebda1642a95c20be2b5a0bda61a60e78/m.json - 作者: chat263, 更新时间: unknown, 大小: 0.0 KB
[2025-11-18 01:37:54] ✅ 解析成功 - https://raw.githubusercontent.com/hafrey1/LunaTV-config/f9ef93319e1e62e5be2a7c42d41e9f5992415ae6/jin18.json - 作者: hafrey1, 更新时间: unknown, 大小: 0.0 KB
[2025-11-18 01:37:54] ✅ 解析成功 - https://raw.githubusercontent.com/jeffernn/joyflix/7ef1beeba1c6efe7e80a7dd33f28098446659e1b/config.json - 作者: jeffernn, 更新时间: unknown, 大小: 0.0 KB
[2025-11-18 01:37:54] ✅ 解析成功 - https://raw.githubusercontent.com/yjh800307/yjh800307.github.io/4b825da4ab5059eae4f36ffc59877d0b5a76ea63/moontv.json - 作者: yjh800307, 更新时间: unknown, 大小: 0.0 KB
[2025-11-18 01:37:55] ✅ 解析成功 - https://raw.githubusercontent.com/xuyuani/moontv/ea3d1065e8bbdfde379700bf74eb634e88915ab2/config.json - 作者: xuyuani, 更新时间: unknown, 大小: 0.0 KB
[2025-11-18 01:37:55] ✅ 解析成功 - https://raw.githubusercontent.com/talefou/static/0c91dff4d72fe1543670b18e1e1bc73063896942/tv/config.json - 作者: talefou, 更新时间: unknown, 大小: 0.0 KB
[2025-11-18 01:37:55] ✅ 解析成功 - https://raw.githubusercontent.com/wokaotianshi123/wokaotianshi123.github.io/a4ae55d70d1bd6ef25170fb0c23d92981c2506c0/luna20251027.json - 作者: wokaotianshi123, 更新时间: unknown, 大小: 0.0 KB
[2025-11-18 01:37:55] ✅ 解析成功 - https://raw.githubusercontent.com/lyqnihao/m3u8/719c30115e56a42e21ac6d50191d3e3ada5d2330/MoonTV/config.json - 作者: lyqnihao, 更新时间: unknown, 大小: 0.0 KB
[2025-11-18 01:37:55] ✅ 解析成功 - https://raw.githubusercontent.com/yutian81/data-source/97c13655052a73d5f455801eed3d366b97acf3ce/OrionTV/config.json - 作者: yutian81, 更新时间: unknown, 大小: 0.0 KB
[2025-11-18 01:37:55] ✅ 解析成功 - https://raw.githubusercontent.com/moli-xia/MoonTV-app/aea64cc2504b56ea05e23fc2af49c7ed5a305dea/config.json - 作者: moli-xia, 更新时间: unknown, 大小: 0.0 KB
[2025-11-18 01:37:56] ✅ 解析成功 - https://raw.githubusercontent.com/Mikephie/Script/b74905d343ccbae8f17c588245fe6fa17f815a94/config-2.json - 作者: Mikephie, 更新时间: unknown, 大小: 0.0 KB
[2025-11-19 01:38:15] ✅ 解析成功 - https://raw.githubusercontent.com/katelya77/KatelyaTV/fc78bb11c026285d1b66e841b227e6171574956c/config.json - 作者: katelya77, 更新时间: unknown, 大小: 0.0 KB
[2025-11-19 01:38:15] ✅ 解析成功 - https://raw.githubusercontent.com/hafrey1/LunaTV-config/1017687cfb293d040514e657fd1902dd5ade1bc2/jingjian.json - 作者: hafrey1, 更新时间: unknown, 大小: 0.0 KB
[2025-11-19 01:38:15] ✅ 解析成功 - https://raw.githubusercontent.com/SCXSVIP/TV/e7bc32117505d2bda3b31ade3dc96114c6ce623c/MoonTV/MoonTV-xs.json - 作者: SCXSVIP, 更新时间: unknown, 大小: 0.0 KB
[2025-11-19 01:38:15] ✅ 解析成功 - https://raw.githubusercontent.com/wokaotianshi123/wokaotianshi123.github.io/230551a295ee622917eac6473a9b6e9819add179/moontv/config_2025-09-23.json - 作者: wokaotianshi123, 更新时间: unknown, 大小: 0.0 KB
[2025-11-19 01:38:15] ✅ 解析成功 - https://raw.githubusercontent.com/webshellren/XMoonTV/ef052045a4f7a3a10c5907da4d30e3a90984b03b/config.json - 作者: webshellren, 更新时间: unknown, 大小: 0.0 KB
[2025-11-19 01:38:15] ✅ 解析成功 - https://raw.githubusercontent.com/cc638/tvbox/20d56986273b6dbc5c9ac31da1c83e0b90019871/%E8%A7%86%E9%A2%91%E6%BA%90.json - 作者: cc638, 更新时间: unknown, 大小: 0.0 KB
[2025-11-19 01:38:15] ✅ 解析成功 - https://raw.githubusercontent.com/iphoneten/CNTV/77a30bc772c40da92aa73c207ca843ca59410545/config.json - 作者: iphoneten, 更新时间: unknown, 大小: 0.0 KB
[2025-11-19 01:38:16] ✅ 解析成功 - https://raw.githubusercontent.com/gxnas/TvBox/4153c4225579d480bb5dbba12619ce6e70df8acb/LunaTV.json - 作者: gxnas, 更新时间: unknown, 大小: 0.0 KB
[2025-11-19 01:38:16] ✅ 解析成功 - https://raw.githubusercontent.com/adminlove520/Source-Collector/c96c07c6cc42ab851972f5c720cb8ec37d49a6d3/config_isadult.json - 作者: adminlove520, 更新时间: unknown, 大小: 0.0 KB
[2025-11-19 01:38:16] ✅ 解析成功 - https://raw.githubusercontent.com/zhumengkang/edgeone-moontv/262ce332a93ba34966adb07761e7bfab8faab7bf/config.json - 作者: zhumengkang, 更新时间: unknown, 大小: 0.0 KB
[2025-11-19 01:38:16] ✅ 解析成功 - https://raw.githubusercontent.com/katelya77/KatelyaTV/fc78bb11c026285d1b66e841b227e6171574956c/config.example.json - 作者: katelya77, 更新时间: unknown, 大小: 0.0 KB
[2025-11-19 01:38:16] ✅ 解析成功 - https://raw.githubusercontent.com/lovevampplus/cfdata/45433305a35dd30620e08cd8f75c8f330057786a/moontv-config.json - 作者: lovevampplus, 更新时间: unknown, 大小: 0.0 KB
[2025-11-19 01:38:16] ✅ 解析成功 - https://raw.githubusercontent.com/hjdhnx/drpy-node/0bf8c0cf53da0134c4a2f20e5e8295353760e39d/scripts/mjs/moontv.json - 作者: hjdhnx, 更新时间: unknown, 大小: 0.0 KB
[2025-11-19 01:38:16] ✅ 解析成功 - https://raw.githubusercontent.com/viacooky/tv-box-sub/3f7188cb5f0b65903fb0bc5dc94b2128e8e6f021/2.json - 作者: viacooky, 更新时间: unknown, 大小: 0.0 KB
[2025-11-19 01:38:16] ✅ 解析成功 - https://raw.githubusercontent.com/hanzhenya/hzyiptv/00923a1043db8e531f730912d565eb8619b5675f/config(%E8%80%81).json - 作者: hanzhenya, 更新时间: unknown, 大小: 0.0 KB
[2025-11-19 01:38:16] ✅ 解析成功 - https://raw.githubusercontent.com/chat263/tvjson/45dbc00aebda1642a95c20be2b5a0bda61a60e78/m.json - 作者: chat263, 更新时间: unknown, 大小: 0.0 KB
[2025-11-19 01:38:17] ✅ 解析成功 - https://raw.githubusercontent.com/Mikephie/Script/6e1bebfbc077fb5d1da911a38f6cce84e36ca3f6/config-2.json - 作者: Mikephie, 更新时间: unknown, 大小: 0.0 KB
[2025-11-19 01:38:17] ✅ 解析成功 - https://raw.githubusercontent.com/Stardm0/MoonTV/714bfd4393a8ba787ff647d66e9ab9911fb4d3c1/config.json - 作者: Stardm0, 更新时间: unknown, 大小: 0.0 KB
[2025-11-19 01:38:17] ✅ 解析成功 - https://raw.githubusercontent.com/oooopera/moontv_config/cf8623a59b2b82b991bca7a867a9365e93e200d3/config%E5%88%9D%E5%A7%8B.json - 作者: oooopera, 更新时间: unknown, 大小: 0.0 KB
[2025-11-19 01:38:17] ✅ 解析成功 - https://raw.githubusercontent.com/hafrey1/LunaTV-config/1017687cfb293d040514e657fd1902dd5ade1bc2/jin18.json - 作者: hafrey1, 更新时间: unknown, 大小: 0.0 KB
[2025-11-19 01:38:17] ✅ 解析成功 - https://raw.githubusercontent.com/xqrock/openfile/75df10457a00a6e5c9458f20122ebe2c5274c83e/config/vod.json - 作者: xqrock, 更新时间: unknown, 大小: 0.0 KB
[2025-11-19 01:38:17] ✅ 解析成功 - https://raw.githubusercontent.com/wokaotianshi123/wokaotianshi123.github.io/230551a295ee622917eac6473a9b6e9819add179/luna20251027.json - 作者: wokaotianshi123, 更新时间: unknown, 大小: 0.0 KB
[2025-11-19 01:38:17] ✅ 解析成功 - https://raw.githubusercontent.com/jeffernn/joyflix/7ef1beeba1c6efe7e80a7dd33f28098446659e1b/config.json - 作者: jeffernn, 更新时间: unknown, 大小: 0.0 KB
[2025-11-19 01:38:17] ✅ 解析成功 - https://raw.githubusercontent.com/Nesciasnenion/helloworld/cbaa34b8af6af1d1efedfa2230fe41ba1e1996da/moontv-config-all.json - 作者: Nesciasnenion, 更新时间: unknown, 大小: 0.0 KB
[2025-11-19 01:38:17] ✅ 解析成功 - https://raw.githubusercontent.com/yenkj/epg/039d4b2e9dd9d915272497ff7defb9d09962be1c/config0.json - 作者: yenkj, 更新时间: unknown, 大小: 0.0 KB
[2025-11-19 01:38:17] ✅ 解析成功 - https://raw.githubusercontent.com/mhq1389/lsegou/7cbbee54537334e668dd678fd8a8ef5efe6e0957/config.json - 作者: mhq1389, 更新时间: unknown, 大小: 0.0 KB
[2025-11-19 01:38:18] ✅ 解析成功 - https://raw.githubusercontent.com/samqin123/MoonTV/c0bba763d16fb5cd830a808d58329025337491cf/config.json - 作者: samqin123, 更新时间: unknown, 大小: 0.0 KB
[2025-11-19 01:38:18] ✅ 解析成功 - https://raw.githubusercontent.com/yangbvv/yangbvv.github.io/ccc07b795d13d93dc95eb0ca233bd1dd0726b624/moontv.json - 作者: yangbvv, 更新时间: unknown, 大小: 0.0 KB
[2025-11-19 01:38:18] ✅ 解析成功 - https://raw.githubusercontent.com/sk3879921/tvjson/3e5394dfbc292321326e218e7bc303716f3f5336/q.json - 作者: sk3879921, 更新时间: unknown, 大小: 0.0 KB
[2025-11-19 01:38:18] ✅ 解析成功 - https://raw.githubusercontent.com/jeffliub/MoonTV2/0a23fd92f0523ba828a445dfbe41f563eec65d66/config.json - 作者: jeffliub, 更新时间: unknown, 大小: 0.0 KB
[2025-11-20 01:28:28] ✅ 解析成功 - https://raw.githubusercontent.com/katelya77/KatelyaTV/fc78bb11c026285d1b66e841b227e6171574956c/config.json - 作者: katelya77, 更新时间: unknown, 大小: 0.0 KB
[2025-11-20 01:28:28] ✅ 解析成功 - https://raw.githubusercontent.com/hafrey1/LunaTV-config/610666ebd42ed3ccd99945b4875a3838f34414f3/jingjian.json - 作者: hafrey1, 更新时间: unknown, 大小: 0.0 KB
[2025-11-20 01:28:28] ✅ 解析成功 - https://raw.githubusercontent.com/SCXSVIP/TV/e7bc32117505d2bda3b31ade3dc96114c6ce623c/MoonTV/MoonTV-xs.json - 作者: SCXSVIP, 更新时间: unknown, 大小: 0.0 KB
[2025-11-20 01:28:28] ✅ 解析成功 - https://raw.githubusercontent.com/lovevampplus/cfdata/1d882b4e5b1f537f3e82b1a780c1d57088cb887f/moontv-config.json - 作者: lovevampplus, 更新时间: unknown, 大小: 0.0 KB
[2025-11-20 01:28:28] ✅ 解析成功 - https://raw.githubusercontent.com/gxnas/TvBox/4153c4225579d480bb5dbba12619ce6e70df8acb/LunaTV.json - 作者: gxnas, 更新时间: unknown, 大小: 0.0 KB
[2025-11-20 01:28:28] ✅ 解析成功 - https://raw.githubusercontent.com/wokaotianshi123/wokaotianshi123.github.io/57a20bcda1bfe0f5e6166f9501a677c984b5c4b8/moontv/config_2025-09-23.json - 作者: wokaotianshi123, 更新时间: unknown, 大小: 0.0 KB
[2025-11-20 01:28:28] ✅ 解析成功 - https://raw.githubusercontent.com/Stardm0/MoonTV/714bfd4393a8ba787ff647d66e9ab9911fb4d3c1/config.json - 作者: Stardm0, 更新时间: unknown, 大小: 0.0 KB
[2025-11-20 01:28:28] ✅ 解析成功 - https://raw.githubusercontent.com/viacooky/tv-box-sub/3f7188cb5f0b65903fb0bc5dc94b2128e8e6f021/1.json - 作者: viacooky, 更新时间: unknown, 大小: 0.0 KB
[2025-11-20 01:28:29] ✅ 解析成功 - https://raw.githubusercontent.com/Nesciasnenion/helloworld/cbaa34b8af6af1d1efedfa2230fe41ba1e1996da/moontv-config-all.json - 作者: Nesciasnenion, 更新时间: unknown, 大小: 0.0 KB
[2025-11-20 01:28:29] ✅ 解析成功 - https://raw.githubusercontent.com/hafrey1/LunaTV-config/610666ebd42ed3ccd99945b4875a3838f34414f3/LunaTV-config.json - 作者: hafrey1, 更新时间: unknown, 大小: 0.0 KB
[2025-11-20 01:28:29] ✅ 解析成功 - https://raw.githubusercontent.com/moli-xia/MoonTV-app/aea64cc2504b56ea05e23fc2af49c7ed5a305dea/config.json - 作者: moli-xia, 更新时间: unknown, 大小: 0.0 KB
[2025-11-20 01:28:29] ✅ 解析成功 - https://raw.githubusercontent.com/Jonney111/jonney_clash/7277685840b1cbedbc2b55377acc81adff1d5745/moontv.json - 作者: Jonney111, 更新时间: unknown, 大小: 0.0 KB
[2025-11-20 01:28:29] ✅ 解析成功 - https://raw.githubusercontent.com/adminlove520/Source-Collector/c96c07c6cc42ab851972f5c720cb8ec37d49a6d3/config_isadult.json - 作者: adminlove520, 更新时间: unknown, 大小: 0.0 KB
[2025-11-20 01:28:29] ✅ 解析成功 - https://raw.githubusercontent.com/webshellren/XMoonTV/ef052045a4f7a3a10c5907da4d30e3a90984b03b/config.json - 作者: webshellren, 更新时间: unknown, 大小: 0.0 KB
[2025-11-20 01:28:29] ✅ 解析成功 - https://raw.githubusercontent.com/lovevampplus/cfdata/1d882b4e5b1f537f3e82b1a780c1d57088cb887f/96.json - 作者: lovevampplus, 更新时间: unknown, 大小: 0.0 KB
[2025-11-20 01:28:29] ✅ 解析成功 - https://raw.githubusercontent.com/Mikephie/Script/496d90a14d8aa8ece5682f7d41dbc2ad27fdd959/config-2.json - 作者: Mikephie, 更新时间: unknown, 大小: 0.0 KB
[2025-11-20 01:28:29] ✅ 解析成功 - https://raw.githubusercontent.com/chat263/tvjson/45dbc00aebda1642a95c20be2b5a0bda61a60e78/m.json - 作者: chat263, 更新时间: unknown, 大小: 0.0 KB
[2025-11-20 01:28:30] ✅ 解析成功 - https://raw.githubusercontent.com/macsur/livetv/3880610be369f43b91f85778d77b86f6688cb013/moontv.json - 作者: macsur, 更新时间: unknown, 大小: 0.0 KB
[2025-11-20 01:28:30] ✅ 解析成功 - https://raw.githubusercontent.com/hafrey1/LunaTV-config/610666ebd42ed3ccd99945b4875a3838f34414f3/jin18.json - 作者: hafrey1, 更新时间: unknown, 大小: 0.0 KB
[2025-11-20 01:28:30] ✅ 解析成功 - https://raw.githubusercontent.com/talefou/static/0c91dff4d72fe1543670b18e1e1bc73063896942/tv/config.json - 作者: talefou, 更新时间: unknown, 大小: 0.0 KB
[2025-11-20 01:28:30] ✅ 解析成功 - https://raw.githubusercontent.com/viacooky/tv-box-sub/3f7188cb5f0b65903fb0bc5dc94b2128e8e6f021/2.json - 作者: viacooky, 更新时间: unknown, 大小: 0.0 KB
[2025-11-20 01:28:30] ✅ 解析成功 - https://raw.githubusercontent.com/wokaotianshi123/wokaotianshi123.github.io/57a20bcda1bfe0f5e6166f9501a677c984b5c4b8/luna20251027.json - 作者: wokaotianshi123, 更新时间: unknown, 大小: 0.0 KB
[2025-11-20 01:28:30] ✅ 解析成功 - https://raw.githubusercontent.com/PAICNI/Videos_PLUS/b51ff1521a1e77f17ad538ccfd3c100cc42e0663/MoonTV%E8%A7%86%E9%A2%91%E6%BA%90Plus%E7%89%88.json - 作者: PAICNI, 更新时间: unknown, 大小: 0.0 KB
[2025-11-20 01:28:30] ✅ 解析成功 - https://raw.githubusercontent.com/haogege8888/KatelyaTV/e58837e6b5dcc4d7d112e05e1d9bda3e9b3bf992/config.json - 作者: haogege8888, 更新时间: unknown, 大小: 0.0 KB
[2025-11-20 01:28:30] ✅ 解析成功 - https://raw.githubusercontent.com/cc638/tvbox/20d56986273b6dbc5c9ac31da1c83e0b90019871/%E8%A7%86%E9%A2%91%E6%BA%90.json - 作者: cc638, 更新时间: unknown, 大小: 0.0 KB
[2025-11-20 01:28:31] ✅ 解析成功 - https://raw.githubusercontent.com/sk3879921/tvjson/3e5394dfbc292321326e218e7bc303716f3f5336/q.json - 作者: sk3879921, 更新时间: unknown, 大小: 0.0 KB
[2025-11-20 01:28:31] ✅ 解析成功 - https://raw.githubusercontent.com/yangbvv/yangbvv.github.io/ccc07b795d13d93dc95eb0ca233bd1dd0726b624/moontv.json - 作者: yangbvv, 更新时间: unknown, 大小: 0.0 KB
[2025-11-20 01:28:31] ✅ 解析成功 - https://raw.githubusercontent.com/oooopera/moontv_config/9b85eef42db371dc1c8ecf4e64ac165c12390ffc/input.json - 作者: oooopera, 更新时间: unknown, 大小: 0.0 KB
[2025-11-20 01:28:31] ✅ 解析成功 - https://raw.githubusercontent.com/zhumengkang/edgeone-moontv/262ce332a93ba34966adb07761e7bfab8faab7bf/config.json - 作者: zhumengkang, 更新时间: unknown, 大小: 0.0 KB
[2025-11-20 01:28:31] ✅ 解析成功 - https://raw.githubusercontent.com/iphoneten/CNTV/77a30bc772c40da92aa73c207ca843ca59410545/config_backup.json - 作者: iphoneten, 更新时间: unknown, 大小: 0.0 KB
[2025-11-21 01:37:37] ✅ 解析成功 - https://raw.githubusercontent.com/katelya77/KatelyaTV/fc78bb11c026285d1b66e841b227e6171574956c/config.json - 作者: katelya77, 更新时间: unknown, 大小: 0.0 KB
[2025-11-21 01:37:37] ✅ 解析成功 - https://raw.githubusercontent.com/hafrey1/LunaTV-config/2db625151a8b398b05f59afb47d890bc514734d5/jingjian.json - 作者: hafrey1, 更新时间: unknown, 大小: 0.0 KB
[2025-11-21 01:37:37] ✅ 解析成功 - https://raw.githubusercontent.com/SCXSVIP/TV/e7bc32117505d2bda3b31ade3dc96114c6ce623c/MoonTV/MoonTV-xs.json - 作者: SCXSVIP, 更新时间: unknown, 大小: 0.0 KB
[2025-11-21 01:37:38] ✅ 解析成功 - https://raw.githubusercontent.com/lovevampplus/cfdata/1d882b4e5b1f537f3e82b1a780c1d57088cb887f/moontv-config.json - 作者: lovevampplus, 更新时间: unknown, 大小: 0.0 KB
[2025-11-21 01:37:38] ✅ 解析成功 - https://raw.githubusercontent.com/gxnas/TvBox/4153c4225579d480bb5dbba12619ce6e70df8acb/LunaTV.json - 作者: gxnas, 更新时间: unknown, 大小: 0.0 KB
[2025-11-21 01:37:38] ✅ 解析成功 - https://raw.githubusercontent.com/wokaotianshi123/wokaotianshi123.github.io/a951d239ec263a60530b1d21cf621865b97c31fd/moontv/config_2025-09-23.json - 作者: wokaotianshi123, 更新时间: unknown, 大小: 0.0 KB
[2025-11-21 01:37:38] ✅ 解析成功 - https://raw.githubusercontent.com/Stardm0/MoonTV/714bfd4393a8ba787ff647d66e9ab9911fb4d3c1/config.json - 作者: Stardm0, 更新时间: unknown, 大小: 0.0 KB
[2025-11-21 01:37:39] ✅ 解析成功 - https://raw.githubusercontent.com/viacooky/tv-box-sub/3f7188cb5f0b65903fb0bc5dc94b2128e8e6f021/1.json - 作者: viacooky, 更新时间: unknown, 大小: 0.0 KB
[2025-11-21 01:37:39] ✅ 解析成功 - https://raw.githubusercontent.com/Nesciasnenion/helloworld/cbaa34b8af6af1d1efedfa2230fe41ba1e1996da/moontv-config-all.json - 作者: Nesciasnenion, 更新时间: unknown, 大小: 0.0 KB
[2025-11-21 01:37:39] ✅ 解析成功 - https://raw.githubusercontent.com/hafrey1/LunaTV-config/2db625151a8b398b05f59afb47d890bc514734d5/LunaTV-config.json - 作者: hafrey1, 更新时间: unknown, 大小: 0.0 KB
[2025-11-21 01:37:39] ✅ 解析成功 - https://raw.githubusercontent.com/moli-xia/MoonTV-app/aea64cc2504b56ea05e23fc2af49c7ed5a305dea/config.json - 作者: moli-xia, 更新时间: unknown, 大小: 0.0 KB
[2025-11-21 01:37:39] ✅ 解析成功 - https://raw.githubusercontent.com/Jonney111/jonney_clash/7277685840b1cbedbc2b55377acc81adff1d5745/moontv.json - 作者: Jonney111, 更新时间: unknown, 大小: 0.0 KB
[2025-11-21 01:37:40] ✅ 解析成功 - https://raw.githubusercontent.com/adminlove520/Source-Collector/eb8cd8f5f7960600c8d3af01245b64029c6421e1/config_isadult.json - 作者: adminlove520, 更新时间: unknown, 大小: 0.0 KB
[2025-11-21 01:37:40] ✅ 解析成功 - https://raw.githubusercontent.com/webshellren/XMoonTV/ef052045a4f7a3a10c5907da4d30e3a90984b03b/config.json - 作者: webshellren, 更新时间: unknown, 大小: 0.0 KB
[2025-11-21 01:37:40] ✅ 解析成功 - https://raw.githubusercontent.com/chat263/tvjson/45dbc00aebda1642a95c20be2b5a0bda61a60e78/m.json - 作者: chat263, 更新时间: unknown, 大小: 0.0 KB
[2025-11-21 01:37:40] ✅ 解析成功 - https://raw.githubusercontent.com/sk3879921/tvjson/3e5394dfbc292321326e218e7bc303716f3f5336/q.json - 作者: sk3879921, 更新时间: unknown, 大小: 0.0 KB
[2025-11-21 01:37:41] ✅ 解析成功 - https://raw.githubusercontent.com/wokaotianshi123/wokaotianshi123.github.io/a951d239ec263a60530b1d21cf621865b97c31fd/luna20251027.json - 作者: wokaotianshi123, 更新时间: unknown, 大小: 0.0 KB
[2025-11-21 01:37:41] ✅ 解析成功 - https://raw.githubusercontent.com/zhumengkang/edgeone-moontv/262ce332a93ba34966adb07761e7bfab8faab7bf/config.json - 作者: zhumengkang, 更新时间: unknown, 大小: 0.0 KB
[2025-11-21 01:37:41] ✅ 解析成功 - https://raw.githubusercontent.com/Mikephie/Script/df77d7ed45145af679c3463cf4ddbd1f5203e6df/config-3.json - 作者: Mikephie, 更新时间: unknown, 大小: 0.0 KB
[2025-11-21 01:37:41] ✅ 解析成功 - https://raw.githubusercontent.com/hafrey1/LunaTV-config/2db625151a8b398b05f59afb47d890bc514734d5/jin18.json - 作者: hafrey1, 更新时间: unknown, 大小: 0.0 KB
[2025-11-21 01:37:41] ✅ 解析成功 - https://raw.githubusercontent.com/viacooky/tv-box-sub/3f7188cb5f0b65903fb0bc5dc94b2128e8e6f021/2.json - 作者: viacooky, 更新时间: unknown, 大小: 0.0 KB
[2025-11-21 01:37:42] ✅ 解析成功 - https://raw.githubusercontent.com/yangbvv/yangbvv.github.io/ccc07b795d13d93dc95eb0ca233bd1dd0726b624/moontv.json - 作者: yangbvv, 更新时间: unknown, 大小: 0.0 KB
[2025-11-21 01:37:42] ✅ 解析成功 - https://raw.githubusercontent.com/adminlove520/Source-Collector/eb8cd8f5f7960600c8d3af01245b64029c6421e1/configplus_isadult.json - 作者: adminlove520, 更新时间: unknown, 大小: 0.0 KB
[2025-11-21 01:37:42] ✅ 解析成功 - https://raw.githubusercontent.com/jeffliub/MoonTV2/0a23fd92f0523ba828a445dfbe41f563eec65d66/config.json - 作者: jeffliub, 更新时间: unknown, 大小: 0.0 KB
[2025-11-21 01:37:42] ✅ 解析成功 - https://raw.githubusercontent.com/cc638/tvbox/20d56986273b6dbc5c9ac31da1c83e0b90019871/%E8%A7%86%E9%A2%91%E6%BA%90.json - 作者: cc638, 更新时间: unknown, 大小: 0.0 KB
[2025-11-21 01:37:42] ✅ 解析成功 - https://raw.githubusercontent.com/PAICNI/Videos_PLUS/b51ff1521a1e77f17ad538ccfd3c100cc42e0663/MoonTV%E8%A7%86%E9%A2%91%E6%BA%90Plus%E7%89%88.json - 作者: PAICNI, 更新时间: unknown, 大小: 0.0 KB
[2025-11-21 01:37:43] ✅ 解析成功 - https://raw.githubusercontent.com/oooopera/moontv_config/9aa16be6ac531d39dcde0a3f830cd12571a14e50/input.json - 作者: oooopera, 更新时间: unknown, 大小: 0.0 KB
[2025-11-21 01:37:43] ✅ 解析成功 - https://raw.githubusercontent.com/mhq1389/lsegou/7cbbee54537334e668dd678fd8a8ef5efe6e0957/config.json - 作者: mhq1389, 更新时间: unknown, 大小: 0.0 KB
[2025-11-21 01:37:43] ✅ 解析成功 - https://raw.githubusercontent.com/lovevampplus/cfdata/1d882b4e5b1f537f3e82b1a780c1d57088cb887f/96.json - 作者: lovevampplus, 更新时间: unknown, 大小: 0.0 KB
[2025-11-21 01:37:43] ✅ 解析成功 - https://raw.githubusercontent.com/haogege8888/KatelyaTV/e58837e6b5dcc4d7d112e05e1d9bda3e9b3bf992/config.json - 作者: haogege8888, 更新时间: unknown, 大小: 0.0 KB
[2025-11-22 01:26:11] ✅ 解析成功 - https://raw.githubusercontent.com/katelya77/KatelyaTV/fc78bb11c026285d1b66e841b227e6171574956c/config.json - 作者: katelya77, 更新时间: unknown, 大小: 0.0 KB
[2025-11-22 01:26:11] ✅ 解析成功 - https://raw.githubusercontent.com/hafrey1/LunaTV-config/f7e75bc5569b92954f3895c50e5913eebf5016c3/jingjian.json - 作者: hafrey1, 更新时间: unknown, 大小: 0.0 KB
[2025-11-22 01:26:11] ✅ 解析成功 - https://raw.githubusercontent.com/SCXSVIP/TV/e7bc32117505d2bda3b31ade3dc96114c6ce623c/MoonTV/MoonTV-xs.json - 作者: SCXSVIP, 更新时间: unknown, 大小: 0.0 KB
[2025-11-22 01:26:12] ✅ 解析成功 - https://raw.githubusercontent.com/lovevampplus/cfdata/1d882b4e5b1f537f3e82b1a780c1d57088cb887f/moontv-config.json - 作者: lovevampplus, 更新时间: unknown, 大小: 0.0 KB
[2025-11-22 01:26:12] ✅ 解析成功 - https://raw.githubusercontent.com/gxnas/TvBox/4153c4225579d480bb5dbba12619ce6e70df8acb/LunaTV.json - 作者: gxnas, 更新时间: unknown, 大小: 0.0 KB
[2025-11-22 01:26:12] ✅ 解析成功 - https://raw.githubusercontent.com/wokaotianshi123/wokaotianshi123.github.io/3b9034d1b37a8b868f6e3fb5c6727fb39f2544ee/moontv/config_2025-09-23.json - 作者: wokaotianshi123, 更新时间: unknown, 大小: 0.0 KB
[2025-11-22 01:26:12] ✅ 解析成功 - https://raw.githubusercontent.com/Stardm0/MoonTV/714bfd4393a8ba787ff647d66e9ab9911fb4d3c1/config.json - 作者: Stardm0, 更新时间: unknown, 大小: 0.0 KB
[2025-11-22 01:26:12] ✅ 解析成功 - https://raw.githubusercontent.com/viacooky/tv-box-sub/3f7188cb5f0b65903fb0bc5dc94b2128e8e6f021/1.json - 作者: viacooky, 更新时间: unknown, 大小: 0.0 KB
[2025-11-22 01:26:12] ✅ 解析成功 - https://raw.githubusercontent.com/Nesciasnenion/helloworld/cbaa34b8af6af1d1efedfa2230fe41ba1e1996da/moontv-config-all.json - 作者: Nesciasnenion, 更新时间: unknown, 大小: 0.0 KB
[2025-11-22 01:26:12] ✅ 解析成功 - https://raw.githubusercontent.com/hafrey1/LunaTV-config/f7e75bc5569b92954f3895c50e5913eebf5016c3/LunaTV-config.json - 作者: hafrey1, 更新时间: unknown, 大小: 0.0 KB
[2025-11-22 01:26:12] ✅ 解析成功 - https://raw.githubusercontent.com/moli-xia/MoonTV-app/aea64cc2504b56ea05e23fc2af49c7ed5a305dea/config.json - 作者: moli-xia, 更新时间: unknown, 大小: 0.0 KB
[2025-11-22 01:26:13] ✅ 解析成功 - https://raw.githubusercontent.com/Jonney111/jonney_clash/7277685840b1cbedbc2b55377acc81adff1d5745/moontv.json - 作者: Jonney111, 更新时间: unknown, 大小: 0.0 KB
[2025-11-22 01:26:13] ✅ 解析成功 - https://raw.githubusercontent.com/adminlove520/Source-Collector/eb8cd8f5f7960600c8d3af01245b64029c6421e1/config_isadult.json - 作者: adminlove520, 更新时间: unknown, 大小: 0.0 KB
[2025-11-22 01:26:13] ✅ 解析成功 - https://raw.githubusercontent.com/webshellren/XMoonTV/ef052045a4f7a3a10c5907da4d30e3a90984b03b/config.json - 作者: webshellren, 更新时间: unknown, 大小: 0.0 KB
[2025-11-22 01:26:13] ✅ 解析成功 - https://raw.githubusercontent.com/chat263/tvjson/45dbc00aebda1642a95c20be2b5a0bda61a60e78/m.json - 作者: chat263, 更新时间: unknown, 大小: 0.0 KB
[2025-11-22 01:26:13] ✅ 解析成功 - https://raw.githubusercontent.com/sk3879921/tvjson/3e5394dfbc292321326e218e7bc303716f3f5336/q.json - 作者: sk3879921, 更新时间: unknown, 大小: 0.0 KB
[2025-11-22 01:26:13] ✅ 解析成功 - https://raw.githubusercontent.com/wokaotianshi123/wokaotianshi123.github.io/3b9034d1b37a8b868f6e3fb5c6727fb39f2544ee/luna20251027.json - 作者: wokaotianshi123, 更新时间: unknown, 大小: 0.0 KB
[2025-11-22 01:26:13] ✅ 解析成功 - https://raw.githubusercontent.com/zhumengkang/edgeone-moontv/262ce332a93ba34966adb07761e7bfab8faab7bf/config.json - 作者: zhumengkang, 更新时间: unknown, 大小: 0.0 KB
[2025-11-22 01:26:13] ✅ 解析成功 - https://raw.githubusercontent.com/Mikephie/Script/d39c5587b2e90f787037abd0442256bee9c71ec4/config-3.json - 作者: Mikephie, 更新时间: unknown, 大小: 0.0 KB
[2025-11-22 01:26:13] ✅ 解析成功 - https://raw.githubusercontent.com/hafrey1/LunaTV-config/f7e75bc5569b92954f3895c50e5913eebf5016c3/jin18.json - 作者: hafrey1, 更新时间: unknown, 大小: 0.0 KB
[2025-11-22 01:26:14] ✅ 解析成功 - https://raw.githubusercontent.com/viacooky/tv-box-sub/3f7188cb5f0b65903fb0bc5dc94b2128e8e6f021/2.json - 作者: viacooky, 更新时间: unknown, 大小: 0.0 KB
[2025-11-22 01:26:14] ✅ 解析成功 - https://raw.githubusercontent.com/yangbvv/yangbvv.github.io/ccc07b795d13d93dc95eb0ca233bd1dd0726b624/moontv.json - 作者: yangbvv, 更新时间: unknown, 大小: 0.0 KB
[2025-11-22 01:26:14] ✅ 解析成功 - https://raw.githubusercontent.com/adminlove520/Source-Collector/eb8cd8f5f7960600c8d3af01245b64029c6421e1/configplus_isadult.json - 作者: adminlove520, 更新时间: unknown, 大小: 0.0 KB
[2025-11-22 01:26:14] ✅ 解析成功 - https://raw.githubusercontent.com/jeffliub/MoonTV2/0a23fd92f0523ba828a445dfbe41f563eec65d66/config.json - 作者: jeffliub, 更新时间: unknown, 大小: 0.0 KB
[2025-11-22 01:26:14] ✅ 解析成功 - https://raw.githubusercontent.com/cc638/tvbox/20d56986273b6dbc5c9ac31da1c83e0b90019871/%E8%A7%86%E9%A2%91%E6%BA%90.json - 作者: cc638, 更新时间: unknown, 大小: 0.0 KB
[2025-11-22 01:26:14] ✅ 解析成功 - https://raw.githubusercontent.com/PAICNI/Videos_PLUS/b51ff1521a1e77f17ad538ccfd3c100cc42e0663/MoonTV%E8%A7%86%E9%A2%91%E6%BA%90Plus%E7%89%88.json - 作者: PAICNI, 更新时间: unknown, 大小: 0.0 KB
[2025-11-22 01:26:14] ✅ 解析成功 - https://raw.githubusercontent.com/oooopera/moontv_config/b6081566e51b8e91c59fe96d12a8534c78fa67a9/input.json - 作者: oooopera, 更新时间: unknown, 大小: 0.0 KB
[2025-11-22 01:26:14] ✅ 解析成功 - https://raw.githubusercontent.com/mhq1389/lsegou/7cbbee54537334e668dd678fd8a8ef5efe6e0957/config.json - 作者: mhq1389, 更新时间: unknown, 大小: 0.0 KB
[2025-11-22 01:26:15] ✅ 解析成功 - https://raw.githubusercontent.com/lovevampplus/cfdata/1d882b4e5b1f537f3e82b1a780c1d57088cb887f/96.json - 作者: lovevampplus, 更新时间: unknown, 大小: 0.0 KB
[2025-11-22 01:26:15] ✅ 解析成功 - https://raw.githubusercontent.com/haogege8888/KatelyaTV/e58837e6b5dcc4d7d112e05e1d9bda3e9b3bf992/config.json - 作者: haogege8888, 更新时间: unknown, 大小: 0.0 KB
[2025-11-23 01:49:51] ✅ 解析成功 - https://raw.githubusercontent.com/katelya77/KatelyaTV/fc78bb11c026285d1b66e841b227e6171574956c/config.json - 作者: katelya77, 更新时间: unknown, 大小: 0.0 KB
[2025-11-23 01:49:51] ✅ 解析成功 - https://raw.githubusercontent.com/hafrey1/LunaTV-config/76665800c577e86edfaf3a90623254278122d1cd/jingjian.json - 作者: hafrey1, 更新时间: unknown, 大小: 0.0 KB
[2025-11-23 01:49:51] ✅ 解析成功 - https://raw.githubusercontent.com/SCXSVIP/TV/e7bc32117505d2bda3b31ade3dc96114c6ce623c/MoonTV/MoonTV-xs.json - 作者: SCXSVIP, 更新时间: unknown, 大小: 0.0 KB
[2025-11-23 01:49:51] ✅ 解析成功 - https://raw.githubusercontent.com/lovevampplus/cfdata/1d882b4e5b1f537f3e82b1a780c1d57088cb887f/moontv-config.json - 作者: lovevampplus, 更新时间: unknown, 大小: 0.0 KB
[2025-11-23 01:49:51] ✅ 解析成功 - https://raw.githubusercontent.com/gxnas/TvBox/4153c4225579d480bb5dbba12619ce6e70df8acb/LunaTV.json - 作者: gxnas, 更新时间: unknown, 大小: 0.0 KB
[2025-11-23 01:49:51] ✅ 解析成功 - https://raw.githubusercontent.com/wokaotianshi123/wokaotianshi123.github.io/3b9034d1b37a8b868f6e3fb5c6727fb39f2544ee/moontv/config_2025-09-23.json - 作者: wokaotianshi123, 更新时间: unknown, 大小: 0.0 KB
[2025-11-23 01:49:51] ✅ 解析成功 - https://raw.githubusercontent.com/Stardm0/MoonTV/714bfd4393a8ba787ff647d66e9ab9911fb4d3c1/config.json - 作者: Stardm0, 更新时间: unknown, 大小: 0.0 KB
[2025-11-23 01:49:52] ✅ 解析成功 - https://raw.githubusercontent.com/viacooky/tv-box-sub/3f7188cb5f0b65903fb0bc5dc94b2128e8e6f021/1.json - 作者: viacooky, 更新时间: unknown, 大小: 0.0 KB
[2025-11-23 01:49:52] ✅ 解析成功 - https://raw.githubusercontent.com/Nesciasnenion/helloworld/cbaa34b8af6af1d1efedfa2230fe41ba1e1996da/moontv-config-all.json - 作者: Nesciasnenion, 更新时间: unknown, 大小: 0.0 KB
[2025-11-23 01:49:52] ✅ 解析成功 - https://raw.githubusercontent.com/hafrey1/LunaTV-config/76665800c577e86edfaf3a90623254278122d1cd/LunaTV-config.json - 作者: hafrey1, 更新时间: unknown, 大小: 0.0 KB
[2025-11-23 01:49:52] ✅ 解析成功 - https://raw.githubusercontent.com/moli-xia/MoonTV-app/aea64cc2504b56ea05e23fc2af49c7ed5a305dea/config.json - 作者: moli-xia, 更新时间: unknown, 大小: 0.0 KB
[2025-11-23 01:49:52] ✅ 解析成功 - https://raw.githubusercontent.com/Jonney111/jonney_clash/7277685840b1cbedbc2b55377acc81adff1d5745/moontv.json - 作者: Jonney111, 更新时间: unknown, 大小: 0.0 KB
[2025-11-23 01:49:52] ✅ 解析成功 - https://raw.githubusercontent.com/adminlove520/Source-Collector/eb8cd8f5f7960600c8d3af01245b64029c6421e1/config_isadult.json - 作者: adminlove520, 更新时间: unknown, 大小: 0.0 KB
[2025-11-23 01:49:52] ✅ 解析成功 - https://raw.githubusercontent.com/webshellren/XMoonTV/ef052045a4f7a3a10c5907da4d30e3a90984b03b/config.json - 作者: webshellren, 更新时间: unknown, 大小: 0.0 KB
[2025-11-23 01:49:52] ✅ 解析成功 - https://raw.githubusercontent.com/chat263/tvjson/45dbc00aebda1642a95c20be2b5a0bda61a60e78/m.json - 作者: chat263, 更新时间: unknown, 大小: 0.0 KB
[2025-11-23 01:49:52] ✅ 解析成功 - https://raw.githubusercontent.com/sk3879921/tvjson/3e5394dfbc292321326e218e7bc303716f3f5336/q.json - 作者: sk3879921, 更新时间: unknown, 大小: 0.0 KB
[2025-11-23 01:49:53] ✅ 解析成功 - https://raw.githubusercontent.com/wokaotianshi123/wokaotianshi123.github.io/3b9034d1b37a8b868f6e3fb5c6727fb39f2544ee/luna20251027.json - 作者: wokaotianshi123, 更新时间: unknown, 大小: 0.0 KB
[2025-11-23 01:49:53] ✅ 解析成功 - https://raw.githubusercontent.com/zhumengkang/edgeone-moontv/262ce332a93ba34966adb07761e7bfab8faab7bf/config.json - 作者: zhumengkang, 更新时间: unknown, 大小: 0.0 KB
[2025-11-23 01:49:53] ✅ 解析成功 - https://raw.githubusercontent.com/Mikephie/Script/f61e2e18f74228ba2a7e79160353f889d9d7e859/config-3.json - 作者: Mikephie, 更新时间: unknown, 大小: 0.0 KB
[2025-11-23 01:49:53] ✅ 解析成功 - https://raw.githubusercontent.com/hafrey1/LunaTV-config/76665800c577e86edfaf3a90623254278122d1cd/jin18.json - 作者: hafrey1, 更新时间: unknown, 大小: 0.0 KB
[2025-11-23 01:49:53] ✅ 解析成功 - https://raw.githubusercontent.com/viacooky/tv-box-sub/3f7188cb5f0b65903fb0bc5dc94b2128e8e6f021/2.json - 作者: viacooky, 更新时间: unknown, 大小: 0.0 KB
[2025-11-23 01:49:53] ✅ 解析成功 - https://raw.githubusercontent.com/yangbvv/yangbvv.github.io/ccc07b795d13d93dc95eb0ca233bd1dd0726b624/moontv.json - 作者: yangbvv, 更新时间: unknown, 大小: 0.0 KB
[2025-11-23 01:49:53] ✅ 解析成功 - https://raw.githubusercontent.com/adminlove520/Source-Collector/eb8cd8f5f7960600c8d3af01245b64029c6421e1/configplus_isadult.json - 作者: adminlove520, 更新时间: unknown, 大小: 0.0 KB
[2025-11-23 01:49:53] ✅ 解析成功 - https://raw.githubusercontent.com/jeffliub/MoonTV2/0a23fd92f0523ba828a445dfbe41f563eec65d66/config.json - 作者: jeffliub, 更新时间: unknown, 大小: 0.0 KB
[2025-11-23 01:49:54] ✅ 解析成功 - https://raw.githubusercontent.com/cc638/tvbox/20d56986273b6dbc5c9ac31da1c83e0b90019871/%E8%A7%86%E9%A2%91%E6%BA%90.json - 作者: cc638, 更新时间: unknown, 大小: 0.0 KB
[2025-11-23 01:49:54] ✅ 解析成功 - https://raw.githubusercontent.com/PAICNI/Videos_PLUS/b51ff1521a1e77f17ad538ccfd3c100cc42e0663/MoonTV%E8%A7%86%E9%A2%91%E6%BA%90Plus%E7%89%88.json - 作者: PAICNI, 更新时间: unknown, 大小: 0.0 KB
[2025-11-23 01:49:54] ✅ 解析成功 - https://raw.githubusercontent.com/oooopera/moontv_config/83696320d77b181df95fe8649a9f0af7cccad993/input.json - 作者: oooopera, 更新时间: unknown, 大小: 0.0 KB
[2025-11-23 01:49:54] ✅ 解析成功 - https://raw.githubusercontent.com/mhq1389/lsegou/7cbbee54537334e668dd678fd8a8ef5efe6e0957/config.json - 作者: mhq1389, 更新时间: unknown, 大小: 0.0 KB
[2025-11-23 01:49:54] ✅ 解析成功 - https://raw.githubusercontent.com/lovevampplus/cfdata/1d882b4e5b1f537f3e82b1a780c1d57088cb887f/96.json - 作者: lovevampplus, 更新时间: unknown, 大小: 0.0 KB
[2025-11-23 01:49:54] ✅ 解析成功 - https://raw.githubusercontent.com/haogege8888/KatelyaTV/e58837e6b5dcc4d7d112e05e1d9bda3e9b3bf992/config.json - 作者: haogege8888, 更新时间: unknown, 大小: 0.0 KB
[2025-11-24 01:44:43] ✅ 解析成功 - https://raw.githubusercontent.com/katelya77/KatelyaTV/fc78bb11c026285d1b66e841b227e6171574956c/config.json - 作者: katelya77, 更新时间: unknown, 大小: 0.0 KB
[2025-11-24 01:44:43] ✅ 解析成功 - https://raw.githubusercontent.com/hafrey1/LunaTV-config/54c12cfff9573b68688ef78841706abf9d66e26e/jingjian.json - 作者: hafrey1, 更新时间: unknown, 大小: 0.0 KB
[2025-11-24 01:44:43] ✅ 解析成功 - https://raw.githubusercontent.com/SCXSVIP/TV/e7bc32117505d2bda3b31ade3dc96114c6ce623c/MoonTV/MoonTV-xs.json - 作者: SCXSVIP, 更新时间: unknown, 大小: 0.0 KB
[2025-11-24 01:44:43] ✅ 解析成功 - https://raw.githubusercontent.com/lovevampplus/cfdata/1d882b4e5b1f537f3e82b1a780c1d57088cb887f/moontv-config.json - 作者: lovevampplus, 更新时间: unknown, 大小: 0.0 KB
[2025-11-24 01:44:43] ✅ 解析成功 - https://raw.githubusercontent.com/gxnas/TvBox/4153c4225579d480bb5dbba12619ce6e70df8acb/LunaTV.json - 作者: gxnas, 更新时间: unknown, 大小: 0.0 KB
[2025-11-24 01:44:43] ✅ 解析成功 - https://raw.githubusercontent.com/wokaotianshi123/wokaotianshi123.github.io/3b9034d1b37a8b868f6e3fb5c6727fb39f2544ee/moontv/config_2025-09-23.json - 作者: wokaotianshi123, 更新时间: unknown, 大小: 0.0 KB
[2025-11-24 01:44:44] ✅ 解析成功 - https://raw.githubusercontent.com/Stardm0/MoonTV/714bfd4393a8ba787ff647d66e9ab9911fb4d3c1/config.json - 作者: Stardm0, 更新时间: unknown, 大小: 0.0 KB
[2025-11-24 01:44:44] ✅ 解析成功 - https://raw.githubusercontent.com/viacooky/tv-box-sub/3f7188cb5f0b65903fb0bc5dc94b2128e8e6f021/1.json - 作者: viacooky, 更新时间: unknown, 大小: 0.0 KB
[2025-11-24 01:44:44] ✅ 解析成功 - https://raw.githubusercontent.com/adminlove520/Source-Collector/eb8cd8f5f7960600c8d3af01245b64029c6421e1/config_isadult.json - 作者: adminlove520, 更新时间: unknown, 大小: 0.0 KB
[2025-11-24 01:44:44] ✅ 解析成功 - https://raw.githubusercontent.com/hafrey1/LunaTV-config/54c12cfff9573b68688ef78841706abf9d66e26e/LunaTV-config.json - 作者: hafrey1, 更新时间: unknown, 大小: 0.0 KB
[2025-11-24 01:44:44] ✅ 解析成功 - https://raw.githubusercontent.com/moli-xia/MoonTV-app/aea64cc2504b56ea05e23fc2af49c7ed5a305dea/config.json - 作者: moli-xia, 更新时间: unknown, 大小: 0.0 KB
[2025-11-24 01:44:44] ✅ 解析成功 - https://raw.githubusercontent.com/Jonney111/jonney_clash/7277685840b1cbedbc2b55377acc81adff1d5745/moontv.json - 作者: Jonney111, 更新时间: unknown, 大小: 0.0 KB
[2025-11-24 01:44:44] ✅ 解析成功 - https://raw.githubusercontent.com/PAICNI/Videos_PLUS/b51ff1521a1e77f17ad538ccfd3c100cc42e0663/MoonTV%E8%A7%86%E9%A2%91%E6%BA%90Plus%E7%89%88.json - 作者: PAICNI, 更新时间: unknown, 大小: 0.0 KB
[2025-11-24 01:44:44] ✅ 解析成功 - https://raw.githubusercontent.com/yenkj/epg/0640bba94d75a4d8b44da1f1a6b7c3fe09d94c70/config0.json - 作者: yenkj, 更新时间: unknown, 大小: 0.0 KB
[2025-11-24 01:44:44] ✅ 解析成功 - https://raw.githubusercontent.com/haogege8888/KatelyaTV/e58837e6b5dcc4d7d112e05e1d9bda3e9b3bf992/config.json - 作者: haogege8888, 更新时间: unknown, 大小: 0.0 KB
[2025-11-24 01:44:45] ✅ 解析成功 - https://raw.githubusercontent.com/cc638/tvbox/e94fcace1eee9a40ef00a356d2c70e0ff293d62d/%E8%A7%86%E9%A2%91%E6%BA%90.json - 作者: cc638, 更新时间: unknown, 大小: 0.0 KB
[2025-11-24 01:44:45] ✅ 解析成功 - https://raw.githubusercontent.com/oooopera/moontv_config/d6d8eac0074301f57cb43e6f3873ca6ec67fc97a/input.json - 作者: oooopera, 更新时间: unknown, 大小: 0.0 KB
[2025-11-24 01:44:45] ✅ 解析成功 - https://raw.githubusercontent.com/Nesciasnenion/helloworld/cbaa34b8af6af1d1efedfa2230fe41ba1e1996da/moontv-config-all.json - 作者: Nesciasnenion, 更新时间: unknown, 大小: 0.0 KB
[2025-11-24 01:44:45] ✅ 解析成功 - https://raw.githubusercontent.com/chat263/tvjson/45dbc00aebda1642a95c20be2b5a0bda61a60e78/m.json - 作者: chat263, 更新时间: unknown, 大小: 0.0 KB
[2025-11-24 01:44:45] ✅ 解析成功 - https://raw.githubusercontent.com/zhumengkang/edgeone-moontv/262ce332a93ba34966adb07761e7bfab8faab7bf/config.json - 作者: zhumengkang, 更新时间: unknown, 大小: 0.0 KB
[2025-11-24 01:44:45] ✅ 解析成功 - https://raw.githubusercontent.com/katelya77/KatelyaTV/fc78bb11c026285d1b66e841b227e6171574956c/config.example.json - 作者: katelya77, 更新时间: unknown, 大小: 0.0 KB
[2025-11-24 01:44:45] ✅ 解析成功 - https://raw.githubusercontent.com/hjdhnx/drpy-node/0bf8c0cf53da0134c4a2f20e5e8295353760e39d/scripts/mjs/moontv.json - 作者: hjdhnx, 更新时间: unknown, 大小: 0.0 KB
[2025-11-24 01:44:46] ✅ 解析成功 - https://raw.githubusercontent.com/lovevampplus/cfdata/1d882b4e5b1f537f3e82b1a780c1d57088cb887f/96.json - 作者: lovevampplus, 更新时间: unknown, 大小: 0.0 KB
[2025-11-24 01:44:46] ✅ 解析成功 - https://raw.githubusercontent.com/iphoneten/CNTV/77a30bc772c40da92aa73c207ca843ca59410545/config.json - 作者: iphoneten, 更新时间: unknown, 大小: 0.0 KB
[2025-11-24 01:44:46] ✅ 解析成功 - https://raw.githubusercontent.com/oooopera/moontv_config/d6d8eac0074301f57cb43e6f3873ca6ec67fc97a/config%E5%88%9D%E5%A7%8B.json - 作者: oooopera, 更新时间: unknown, 大小: 0.0 KB
[2025-11-24 01:44:46] ✅ 解析成功 - https://raw.githubusercontent.com/macsur/livetv/3880610be369f43b91f85778d77b86f6688cb013/moontv.json - 作者: macsur, 更新时间: unknown, 大小: 0.0 KB
[2025-11-24 01:44:46] ✅ 解析成功 - https://raw.githubusercontent.com/kpsmail/new/d9368a0c856efcd98c1c6a8dd94da466a1fca6c0/config.json - 作者: kpsmail, 更新时间: unknown, 大小: 0.0 KB
[2025-11-24 01:44:46] ✅ 解析成功 - https://raw.githubusercontent.com/sk3879921/tvjson/3e5394dfbc292321326e218e7bc303716f3f5336/q.json - 作者: sk3879921, 更新时间: unknown, 大小: 0.0 KB
[2025-11-24 01:44:46] ✅ 解析成功 - https://raw.githubusercontent.com/wokaotianshi123/wokaotianshi123.github.io/3b9034d1b37a8b868f6e3fb5c6727fb39f2544ee/luna20251027.json - 作者: wokaotianshi123, 更新时间: unknown, 大小: 0.0 KB
[2025-11-24 01:44:46] ✅ 解析成功 - https://raw.githubusercontent.com/yangbvv/yangbvv.github.io/ccc07b795d13d93dc95eb0ca233bd1dd0726b624/moontv.json - 作者: yangbvv, 更新时间: unknown, 大小: 0.0 KB
[2025-11-25 01:39:11] ✅ 解析成功 - https://raw.githubusercontent.com/katelya77/KatelyaTV/fc78bb11c026285d1b66e841b227e6171574956c/config.json - 作者: katelya77, 更新时间: unknown, 大小: 0.0 KB
[2025-11-25 01:39:11] ✅ 解析成功 - https://raw.githubusercontent.com/hafrey1/LunaTV-config/b39df979a647f1ee47ae4a536571572d8740771c/jingjian.json - 作者: hafrey1, 更新时间: unknown, 大小: 0.0 KB
[2025-11-25 01:39:12] ✅ 解析成功 - https://raw.githubusercontent.com/SCXSVIP/TV/e7bc32117505d2bda3b31ade3dc96114c6ce623c/MoonTV/MoonTV-xs.json - 作者: SCXSVIP, 更新时间: unknown, 大小: 0.0 KB
[2025-11-25 01:39:12] ✅ 解析成功 - https://raw.githubusercontent.com/lovevampplus/cfdata/1d882b4e5b1f537f3e82b1a780c1d57088cb887f/moontv-config.json - 作者: lovevampplus, 更新时间: unknown, 大小: 0.0 KB
[2025-11-25 01:39:12] ✅ 解析成功 - https://raw.githubusercontent.com/gxnas/TvBox/4153c4225579d480bb5dbba12619ce6e70df8acb/LunaTV.json - 作者: gxnas, 更新时间: unknown, 大小: 0.0 KB
[2025-11-25 01:39:12] ✅ 解析成功 - https://raw.githubusercontent.com/wokaotianshi123/wokaotianshi123.github.io/1d3789f1ff9f3065d2b24759d3effa19a7d0a47d/moontv/config_2025-09-23.json - 作者: wokaotianshi123, 更新时间: unknown, 大小: 0.0 KB
[2025-11-25 01:39:12] ✅ 解析成功 - https://raw.githubusercontent.com/Stardm0/MoonTV/714bfd4393a8ba787ff647d66e9ab9911fb4d3c1/config.json - 作者: Stardm0, 更新时间: unknown, 大小: 0.0 KB
[2025-11-25 01:39:13] ✅ 解析成功 - https://raw.githubusercontent.com/viacooky/tv-box-sub/3f7188cb5f0b65903fb0bc5dc94b2128e8e6f021/1.json - 作者: viacooky, 更新时间: unknown, 大小: 0.0 KB
[2025-11-25 01:39:13] ✅ 解析成功 - https://raw.githubusercontent.com/adminlove520/Source-Collector/eb8cd8f5f7960600c8d3af01245b64029c6421e1/config_isadult.json - 作者: adminlove520, 更新时间: unknown, 大小: 0.0 KB
[2025-11-25 01:39:13] ✅ 解析成功 - https://raw.githubusercontent.com/hafrey1/LunaTV-config/b39df979a647f1ee47ae4a536571572d8740771c/LunaTV-config.json - 作者: hafrey1, 更新时间: unknown, 大小: 0.0 KB
[2025-11-25 01:39:13] ✅ 解析成功 - https://raw.githubusercontent.com/moli-xia/MoonTV-app/aea64cc2504b56ea05e23fc2af49c7ed5a305dea/config.json - 作者: moli-xia, 更新时间: unknown, 大小: 0.0 KB
[2025-11-25 01:39:13] ✅ 解析成功 - https://raw.githubusercontent.com/Jonney111/jonney_clash/7277685840b1cbedbc2b55377acc81adff1d5745/moontv.json - 作者: Jonney111, 更新时间: unknown, 大小: 0.0 KB
[2025-11-25 01:39:13] ✅ 解析成功 - https://raw.githubusercontent.com/PAICNI/Videos_PLUS/b51ff1521a1e77f17ad538ccfd3c100cc42e0663/MoonTV%E8%A7%86%E9%A2%91%E6%BA%90Plus%E7%89%88.json - 作者: PAICNI, 更新时间: unknown, 大小: 0.0 KB
[2025-11-25 01:39:14] ✅ 解析成功 - https://raw.githubusercontent.com/yenkj/epg/79e5127cc99ab47fe68243318c4c0be2511df2e0/config0.json - 作者: yenkj, 更新时间: unknown, 大小: 0.0 KB
[2025-11-25 01:39:14] ✅ 解析成功 - https://raw.githubusercontent.com/haogege8888/KatelyaTV/e58837e6b5dcc4d7d112e05e1d9bda3e9b3bf992/config.json - 作者: haogege8888, 更新时间: unknown, 大小: 0.0 KB
[2025-11-25 01:39:14] ✅ 解析成功 - https://raw.githubusercontent.com/cc638/tvbox/e94fcace1eee9a40ef00a356d2c70e0ff293d62d/%E8%A7%86%E9%A2%91%E6%BA%90.json - 作者: cc638, 更新时间: unknown, 大小: 0.0 KB
[2025-11-25 01:39:14] ✅ 解析成功 - https://raw.githubusercontent.com/oooopera/moontv_config/5fd85c15fb8248e0685fa789cc4c2376021714d4/input.json - 作者: oooopera, 更新时间: unknown, 大小: 0.0 KB
[2025-11-25 01:39:14] ✅ 解析成功 - https://raw.githubusercontent.com/Nesciasnenion/helloworld/cbaa34b8af6af1d1efedfa2230fe41ba1e1996da/moontv-config-all.json - 作者: Nesciasnenion, 更新时间: unknown, 大小: 0.0 KB
[2025-11-25 01:39:15] ✅ 解析成功 - https://raw.githubusercontent.com/chat263/tvjson/45dbc00aebda1642a95c20be2b5a0bda61a60e78/m.json - 作者: chat263, 更新时间: unknown, 大小: 0.0 KB
[2025-11-25 01:39:15] ✅ 解析成功 - https://raw.githubusercontent.com/zhumengkang/edgeone-moontv/262ce332a93ba34966adb07761e7bfab8faab7bf/config.json - 作者: zhumengkang, 更新时间: unknown, 大小: 0.0 KB
[2025-11-25 01:39:15] ✅ 解析成功 - https://raw.githubusercontent.com/katelya77/KatelyaTV/fc78bb11c026285d1b66e841b227e6171574956c/config.example.json - 作者: katelya77, 更新时间: unknown, 大小: 0.0 KB
[2025-11-25 01:39:15] ✅ 解析成功 - https://raw.githubusercontent.com/hjdhnx/drpy-node/0bf8c0cf53da0134c4a2f20e5e8295353760e39d/scripts/mjs/moontv.json - 作者: hjdhnx, 更新时间: unknown, 大小: 0.0 KB
[2025-11-25 01:39:15] ✅ 解析成功 - https://raw.githubusercontent.com/lovevampplus/cfdata/1d882b4e5b1f537f3e82b1a780c1d57088cb887f/96.json - 作者: lovevampplus, 更新时间: unknown, 大小: 0.0 KB
[2025-11-25 01:39:15] ✅ 解析成功 - https://raw.githubusercontent.com/iphoneten/CNTV/77a30bc772c40da92aa73c207ca843ca59410545/config.json - 作者: iphoneten, 更新时间: unknown, 大小: 0.0 KB
[2025-11-25 01:39:16] ✅ 解析成功 - https://raw.githubusercontent.com/oooopera/moontv_config/5fd85c15fb8248e0685fa789cc4c2376021714d4/config%E5%88%9D%E5%A7%8B.json - 作者: oooopera, 更新时间: unknown, 大小: 0.0 KB
[2025-11-25 01:39:16] ✅ 解析成功 - https://raw.githubusercontent.com/macsur/livetv/3880610be369f43b91f85778d77b86f6688cb013/moontv.json - 作者: macsur, 更新时间: unknown, 大小: 0.0 KB
[2025-11-25 01:39:16] ✅ 解析成功 - https://raw.githubusercontent.com/kpsmail/new/d9368a0c856efcd98c1c6a8dd94da466a1fca6c0/config.json - 作者: kpsmail, 更新时间: unknown, 大小: 0.0 KB
[2025-11-25 01:39:16] ✅ 解析成功 - https://raw.githubusercontent.com/sk3879921/tvjson/3e5394dfbc292321326e218e7bc303716f3f5336/q.json - 作者: sk3879921, 更新时间: unknown, 大小: 0.0 KB
[2025-11-25 01:39:16] ✅ 解析成功 - https://raw.githubusercontent.com/wokaotianshi123/wokaotianshi123.github.io/1d3789f1ff9f3065d2b24759d3effa19a7d0a47d/luna20251027.json - 作者: wokaotianshi123, 更新时间: unknown, 大小: 0.0 KB
[2025-11-25 01:39:17] ✅ 解析成功 - https://raw.githubusercontent.com/yangbvv/yangbvv.github.io/ccc07b795d13d93dc95eb0ca233bd1dd0726b624/moontv.json - 作者: yangbvv, 更新时间: unknown, 大小: 0.0 KB
[2025-11-26 01:39:08] ✅ 解析成功 - https://raw.githubusercontent.com/katelya77/KatelyaTV/fc78bb11c026285d1b66e841b227e6171574956c/config.json - 作者: katelya77, 更新时间: unknown, 大小: 0.0 KB
[2025-11-26 01:39:08] ✅ 解析成功 - https://raw.githubusercontent.com/hafrey1/LunaTV-config/12c65dcb339d87a806b43b8aceb7753167edecec/jingjian.json - 作者: hafrey1, 更新时间: unknown, 大小: 0.0 KB
[2025-11-26 01:39:08] ✅ 解析成功 - https://raw.githubusercontent.com/SCXSVIP/TV/e7bc32117505d2bda3b31ade3dc96114c6ce623c/MoonTV/MoonTV-xs.json - 作者: SCXSVIP, 更新时间: unknown, 大小: 0.0 KB
[2025-11-26 01:39:08] ✅ 解析成功 - https://raw.githubusercontent.com/lovevampplus/cfdata/1d882b4e5b1f537f3e82b1a780c1d57088cb887f/moontv-config.json - 作者: lovevampplus, 更新时间: unknown, 大小: 0.0 KB
[2025-11-26 01:39:08] ✅ 解析成功 - https://raw.githubusercontent.com/gxnas/TvBox/4153c4225579d480bb5dbba12619ce6e70df8acb/LunaTV.json - 作者: gxnas, 更新时间: unknown, 大小: 0.0 KB
[2025-11-26 01:39:08] ✅ 解析成功 - https://raw.githubusercontent.com/wokaotianshi123/wokaotianshi123.github.io/9c6165cce80efccf297587289f067571950b3528/moontv/config_2025-09-23.json - 作者: wokaotianshi123, 更新时间: unknown, 大小: 0.0 KB
[2025-11-26 01:39:08] ✅ 解析成功 - https://raw.githubusercontent.com/Stardm0/MoonTV/714bfd4393a8ba787ff647d66e9ab9911fb4d3c1/config.json - 作者: Stardm0, 更新时间: unknown, 大小: 0.0 KB
[2025-11-26 01:39:09] ✅ 解析成功 - https://raw.githubusercontent.com/viacooky/tv-box-sub/3f7188cb5f0b65903fb0bc5dc94b2128e8e6f021/1.json - 作者: viacooky, 更新时间: unknown, 大小: 0.0 KB
[2025-11-26 01:39:09] ✅ 解析成功 - https://raw.githubusercontent.com/adminlove520/Source-Collector/eb8cd8f5f7960600c8d3af01245b64029c6421e1/config_isadult.json - 作者: adminlove520, 更新时间: unknown, 大小: 0.0 KB
[2025-11-26 01:39:09] ✅ 解析成功 - https://raw.githubusercontent.com/hafrey1/LunaTV-config/12c65dcb339d87a806b43b8aceb7753167edecec/LunaTV-config.json - 作者: hafrey1, 更新时间: unknown, 大小: 0.0 KB
[2025-11-26 01:39:09] ✅ 解析成功 - https://raw.githubusercontent.com/moli-xia/MoonTV-app/aea64cc2504b56ea05e23fc2af49c7ed5a305dea/config.json - 作者: moli-xia, 更新时间: unknown, 大小: 0.0 KB
[2025-11-26 01:39:09] ✅ 解析成功 - https://raw.githubusercontent.com/Jonney111/jonney_clash/7277685840b1cbedbc2b55377acc81adff1d5745/moontv.json - 作者: Jonney111, 更新时间: unknown, 大小: 0.0 KB
[2025-11-26 01:39:09] ✅ 解析成功 - https://raw.githubusercontent.com/PAICNI/Videos_PLUS/b51ff1521a1e77f17ad538ccfd3c100cc42e0663/MoonTV%E8%A7%86%E9%A2%91%E6%BA%90Plus%E7%89%88.json - 作者: PAICNI, 更新时间: unknown, 大小: 0.0 KB
[2025-11-26 01:39:09] ✅ 解析成功 - https://raw.githubusercontent.com/yenkj/epg/fe2fa3c8212da7471696a82d262afc8f2d81f9c3/config0.json - 作者: yenkj, 更新时间: unknown, 大小: 0.0 KB
[2025-11-26 01:39:09] ✅ 解析成功 - https://raw.githubusercontent.com/haogege8888/KatelyaTV/e58837e6b5dcc4d7d112e05e1d9bda3e9b3bf992/config.json - 作者: haogege8888, 更新时间: unknown, 大小: 0.0 KB
[2025-11-26 01:39:09] ✅ 解析成功 - https://raw.githubusercontent.com/cc638/tvbox/e94fcace1eee9a40ef00a356d2c70e0ff293d62d/%E8%A7%86%E9%A2%91%E6%BA%90.json - 作者: cc638, 更新时间: unknown, 大小: 0.0 KB
[2025-11-26 01:39:09] ✅ 解析成功 - https://raw.githubusercontent.com/oooopera/moontv_config/183ab75210f8d401ee751593730da6e1cda2d9f3/input.json - 作者: oooopera, 更新时间: unknown, 大小: 0.0 KB
[2025-11-26 01:39:10] ✅ 解析成功 - https://raw.githubusercontent.com/Nesciasnenion/helloworld/cbaa34b8af6af1d1efedfa2230fe41ba1e1996da/moontv-config-all.json - 作者: Nesciasnenion, 更新时间: unknown, 大小: 0.0 KB
[2025-11-26 01:39:10] ✅ 解析成功 - https://raw.githubusercontent.com/chat263/tvjson/45dbc00aebda1642a95c20be2b5a0bda61a60e78/m.json - 作者: chat263, 更新时间: unknown, 大小: 0.0 KB
[2025-11-26 01:39:10] ✅ 解析成功 - https://raw.githubusercontent.com/zhumengkang/edgeone-moontv/262ce332a93ba34966adb07761e7bfab8faab7bf/config.json - 作者: zhumengkang, 更新时间: unknown, 大小: 0.0 KB
[2025-11-26 01:39:10] ✅ 解析成功 - https://raw.githubusercontent.com/katelya77/KatelyaTV/fc78bb11c026285d1b66e841b227e6171574956c/config.example.json - 作者: katelya77, 更新时间: unknown, 大小: 0.0 KB
[2025-11-26 01:39:10] ✅ 解析成功 - https://raw.githubusercontent.com/hjdhnx/drpy-node/0bf8c0cf53da0134c4a2f20e5e8295353760e39d/scripts/mjs/moontv.json - 作者: hjdhnx, 更新时间: unknown, 大小: 0.0 KB
[2025-11-26 01:39:10] ✅ 解析成功 - https://raw.githubusercontent.com/lovevampplus/cfdata/1d882b4e5b1f537f3e82b1a780c1d57088cb887f/96.json - 作者: lovevampplus, 更新时间: unknown, 大小: 0.0 KB
[2025-11-26 01:39:10] ✅ 解析成功 - https://raw.githubusercontent.com/iphoneten/CNTV/77a30bc772c40da92aa73c207ca843ca59410545/config.json - 作者: iphoneten, 更新时间: unknown, 大小: 0.0 KB
[2025-11-26 01:39:10] ✅ 解析成功 - https://raw.githubusercontent.com/oooopera/moontv_config/183ab75210f8d401ee751593730da6e1cda2d9f3/config%E5%88%9D%E5%A7%8B.json - 作者: oooopera, 更新时间: unknown, 大小: 0.0 KB
[2025-11-26 01:39:10] ✅ 解析成功 - https://raw.githubusercontent.com/macsur/livetv/3880610be369f43b91f85778d77b86f6688cb013/moontv.json - 作者: macsur, 更新时间: unknown, 大小: 0.0 KB
[2025-11-26 01:39:10] ✅ 解析成功 - https://raw.githubusercontent.com/kpsmail/new/d9368a0c856efcd98c1c6a8dd94da466a1fca6c0/config.json - 作者: kpsmail, 更新时间: unknown, 大小: 0.0 KB
[2025-11-26 01:39:10] ✅ 解析成功 - https://raw.githubusercontent.com/sk3879921/tvjson/3e5394dfbc292321326e218e7bc303716f3f5336/q.json - 作者: sk3879921, 更新时间: unknown, 大小: 0.0 KB
[2025-11-26 01:39:11] ✅ 解析成功 - https://raw.githubusercontent.com/wokaotianshi123/wokaotianshi123.github.io/9c6165cce80efccf297587289f067571950b3528/luna20251027.json - 作者: wokaotianshi123, 更新时间: unknown, 大小: 0.0 KB
[2025-11-26 01:39:11] ✅ 解析成功 - https://raw.githubusercontent.com/yangbvv/yangbvv.github.io/ccc07b795d13d93dc95eb0ca233bd1dd0726b624/moontv.json - 作者: yangbvv, 更新时间: unknown, 大小: 0.0 KB
[2025-11-27 01:37:46] ✅ 解析成功 - https://raw.githubusercontent.com/katelya77/KatelyaTV/fc78bb11c026285d1b66e841b227e6171574956c/config.json - 作者: katelya77, 更新时间: unknown, 大小: 0.0 KB
[2025-11-27 01:37:46] ✅ 解析成功 - https://raw.githubusercontent.com/hafrey1/LunaTV-config/db2137699f980633226963824a810b9ce9219dd2/jingjian.json - 作者: hafrey1, 更新时间: unknown, 大小: 0.0 KB
[2025-11-27 01:37:46] ✅ 解析成功 - https://raw.githubusercontent.com/SCXSVIP/TV/e7bc32117505d2bda3b31ade3dc96114c6ce623c/MoonTV/MoonTV-xs.json - 作者: SCXSVIP, 更新时间: unknown, 大小: 0.0 KB
[2025-11-27 01:37:47] ✅ 解析成功 - https://raw.githubusercontent.com/lovevampplus/cfdata/1d882b4e5b1f537f3e82b1a780c1d57088cb887f/moontv-config.json - 作者: lovevampplus, 更新时间: unknown, 大小: 0.0 KB
[2025-11-27 01:37:47] ✅ 解析成功 - https://raw.githubusercontent.com/gxnas/TvBox/4153c4225579d480bb5dbba12619ce6e70df8acb/LunaTV.json - 作者: gxnas, 更新时间: unknown, 大小: 0.0 KB
[2025-11-27 01:37:47] ✅ 解析成功 - https://raw.githubusercontent.com/wokaotianshi123/wokaotianshi123.github.io/b350b27000e5037c9c7c1d74b803b7457ac264f4/moontv/config_2025-09-23.json - 作者: wokaotianshi123, 更新时间: unknown, 大小: 0.0 KB
[2025-11-27 01:37:47] ✅ 解析成功 - https://raw.githubusercontent.com/Stardm0/MoonTV/714bfd4393a8ba787ff647d66e9ab9911fb4d3c1/config.json - 作者: Stardm0, 更新时间: unknown, 大小: 0.0 KB
[2025-11-27 01:37:47] ✅ 解析成功 - https://raw.githubusercontent.com/viacooky/tv-box-sub/3f7188cb5f0b65903fb0bc5dc94b2128e8e6f021/1.json - 作者: viacooky, 更新时间: unknown, 大小: 0.0 KB
[2025-11-27 01:37:48] ✅ 解析成功 - https://raw.githubusercontent.com/sk3879921/tvjson/3e5394dfbc292321326e218e7bc303716f3f5336/q.json - 作者: sk3879921, 更新时间: unknown, 大小: 0.0 KB
[2025-11-27 01:37:48] ✅ 解析成功 - https://raw.githubusercontent.com/Nesciasnenion/helloworld/cbaa34b8af6af1d1efedfa2230fe41ba1e1996da/moontv-config-all.json - 作者: Nesciasnenion, 更新时间: unknown, 大小: 0.0 KB
[2025-11-27 01:37:48] ✅ 解析成功 - https://raw.githubusercontent.com/moli-xia/MoonTV-app/aea64cc2504b56ea05e23fc2af49c7ed5a305dea/config.json - 作者: moli-xia, 更新时间: unknown, 大小: 0.0 KB
[2025-11-27 01:37:48] ✅ 解析成功 - https://raw.githubusercontent.com/webshellren/XMoonTV/ef052045a4f7a3a10c5907da4d30e3a90984b03b/config.json - 作者: webshellren, 更新时间: unknown, 大小: 0.0 KB
[2025-11-27 01:37:48] ✅ 解析成功 - https://raw.githubusercontent.com/iphoneten/CNTV/77a30bc772c40da92aa73c207ca843ca59410545/config_backup.json - 作者: iphoneten, 更新时间: unknown, 大小: 0.0 KB
[2025-11-27 01:37:48] ✅ 解析成功 - https://raw.githubusercontent.com/hjdhnx/drpy-node/0bf8c0cf53da0134c4a2f20e5e8295353760e39d/scripts/mjs/moontv.json - 作者: hjdhnx, 更新时间: unknown, 大小: 0.0 KB
[2025-11-27 01:37:49] ✅ 解析成功 - https://raw.githubusercontent.com/oooopera/moontv_config/4cbf18483e8e5a6d0957d23ed93706c15df02bc3/input.json - 作者: oooopera, 更新时间: unknown, 大小: 0.0 KB
[2025-11-27 01:37:49] ❌ JSON语法错误 - https://raw.githubusercontent.com/hafrey1/MoonTV1.1.1/614f381e5312d9821bd5fe058f9eed9426e96d23/config.json - Expecting value: line 151 column 1 (char 5001)
[2025-11-27 01:37:49] ✅ 解析成功 - https://raw.githubusercontent.com/hafrey1/LunaTV-config/db2137699f980633226963824a810b9ce9219dd2/LunaTV-config.json - 作者: hafrey1, 更新时间: unknown, 大小: 0.0 KB
[2025-11-27 01:37:49] ✅ 解析成功 - https://raw.githubusercontent.com/macsur/livetv/3880610be369f43b91f85778d77b86f6688cb013/moontv.json - 作者: macsur, 更新时间: unknown, 大小: 0.0 KB
[2025-11-27 01:37:49] ✅ 解析成功 - https://raw.githubusercontent.com/yutian81/data-source/97c13655052a73d5f455801eed3d366b97acf3ce/OrionTV/config.json - 作者: yutian81, 更新时间: unknown, 大小: 0.0 KB
[2025-11-27 01:37:50] ✅ 解析成功 - https://raw.githubusercontent.com/lovevampplus/cfdata/1d882b4e5b1f537f3e82b1a780c1d57088cb887f/96.json - 作者: lovevampplus, 更新时间: unknown, 大小: 0.0 KB
[2025-11-27 01:37:50] ✅ 解析成功 - https://raw.githubusercontent.com/Mikephie/Script/37f8d9cf068b5fe7d8b41cdc1bce5afc2d35fd3f/config-2.json - 作者: Mikephie, 更新时间: unknown, 大小: 0.0 KB
[2025-11-27 01:37:50] ✅ 解析成功 - https://raw.githubusercontent.com/wokaotianshi123/jgcj/53a320d91a69fc41228f210d2c244200e26e8618/libretv.json - 作者: wokaotianshi123, 更新时间: unknown, 大小: 0.0 KB
[2025-11-27 01:37:50] ✅ 解析成功 - https://raw.githubusercontent.com/adminlove520/Source-Collector/eb8cd8f5f7960600c8d3af01245b64029c6421e1/configplus_isadult.json - 作者: adminlove520, 更新时间: unknown, 大小: 0.0 KB
[2025-11-27 01:37:50] ✅ 解析成功 - https://raw.githubusercontent.com/chat263/tvjson/45dbc00aebda1642a95c20be2b5a0bda61a60e78/m.json - 作者: chat263, 更新时间: unknown, 大小: 0.0 KB
[2025-11-27 01:37:51] ✅ 解析成功 - https://raw.githubusercontent.com/Attiv/oriontv2/0c96b863bdf012b81f27cfeca03e3a7a1720d415/backend/src/config/config.json - 作者: Attiv, 更新时间: unknown, 大小: 0.0 KB
[2025-11-27 01:37:51] ✅ 解析成功 - https://raw.githubusercontent.com/hanzhenya/hzyiptv/00923a1043db8e531f730912d565eb8619b5675f/config(%E8%80%81).json - 作者: hanzhenya, 更新时间: unknown, 大小: 0.0 KB
[2025-11-27 01:37:51] ✅ 解析成功 - https://raw.githubusercontent.com/PAICNI/Videos_PLUS/b51ff1521a1e77f17ad538ccfd3c100cc42e0663/MoonTV%E8%A7%86%E9%A2%91%E6%BA%90Plus%E7%89%88.json - 作者: PAICNI, 更新时间: unknown, 大小: 0.0 KB
[2025-11-27 01:37:51] ✅ 解析成功 - https://raw.githubusercontent.com/cc638/tvbox/e94fcace1eee9a40ef00a356d2c70e0ff293d62d/%E8%A7%86%E9%A2%91%E6%BA%90.json - 作者: cc638, 更新时间: unknown, 大小: 0.0 KB
[2025-11-27 01:37:51] ✅ 解析成功 - https://raw.githubusercontent.com/gxnas/TvBox/4153c4225579d480bb5dbba12619ce6e70df8acb/20250823.json - 作者: gxnas, 更新时间: unknown, 大小: 0.0 KB
[2025-11-27 01:37:52] ✅ 解析成功 - https://raw.githubusercontent.com/katelya77/KatelyaTV/fc78bb11c026285d1b66e841b227e6171574956c/config.example.json - 作者: katelya77, 更新时间: unknown, 大小: 0.0 KB
[2025-11-28 01:28:10] ✅ 解析成功 - https://raw.githubusercontent.com/katelya77/KatelyaTV/fc78bb11c026285d1b66e841b227e6171574956c/config.json - 作者: katelya77, 更新时间: unknown, 大小: 0.0 KB
[2025-11-28 01:28:10] ✅ 解析成功 - https://raw.githubusercontent.com/gxnas/TvBox/4153c4225579d480bb5dbba12619ce6e70df8acb/LunaTV.json - 作者: gxnas, 更新时间: unknown, 大小: 0.0 KB
[2025-11-28 01:28:10] ✅ 解析成功 - https://raw.githubusercontent.com/hafrey1/LunaTV-config/cb46f1e12ae414f9ef9cfd186a6bdf3eafe1cd46/LunaTV-config.json - 作者: hafrey1, 更新时间: unknown, 大小: 0.0 KB
[2025-11-28 01:28:11] ✅ 解析成功 - https://raw.githubusercontent.com/Stardm0/MoonTV/714bfd4393a8ba787ff647d66e9ab9911fb4d3c1/config.json - 作者: Stardm0, 更新时间: unknown, 大小: 0.0 KB
[2025-11-28 01:28:11] ✅ 解析成功 - https://raw.githubusercontent.com/wokaotianshi123/wokaotianshi123.github.io/b350b27000e5037c9c7c1d74b803b7457ac264f4/moontv/config_2025-09-23.json - 作者: wokaotianshi123, 更新时间: unknown, 大小: 0.0 KB
[2025-11-28 01:28:11] ✅ 解析成功 - https://raw.githubusercontent.com/cc638/tvbox/e94fcace1eee9a40ef00a356d2c70e0ff293d62d/%E8%A7%86%E9%A2%91%E6%BA%90.json - 作者: cc638, 更新时间: unknown, 大小: 0.0 KB
[2025-11-28 01:28:11] ✅ 解析成功 - https://raw.githubusercontent.com/chat263/tvjson/45dbc00aebda1642a95c20be2b5a0bda61a60e78/m.json - 作者: chat263, 更新时间: unknown, 大小: 0.0 KB
[2025-11-28 01:28:11] ✅ 解析成功 - https://raw.githubusercontent.com/lovevampplus/cfdata/1d882b4e5b1f537f3e82b1a780c1d57088cb887f/moontv-config.json - 作者: lovevampplus, 更新时间: unknown, 大小: 0.0 KB
[2025-11-28 01:28:12] ✅ 解析成功 - https://raw.githubusercontent.com/SCXSVIP/TV/e7bc32117505d2bda3b31ade3dc96114c6ce623c/MoonTV/MoonTV-xs.json - 作者: SCXSVIP, 更新时间: unknown, 大小: 0.0 KB
[2025-11-28 01:28:12] ✅ 解析成功 - https://raw.githubusercontent.com/viacooky/tv-box-sub/3f7188cb5f0b65903fb0bc5dc94b2128e8e6f021/1.json - 作者: viacooky, 更新时间: unknown, 大小: 0.0 KB
[2025-11-28 01:28:12] ✅ 解析成功 - https://raw.githubusercontent.com/hafrey1/LunaTV-config/cb46f1e12ae414f9ef9cfd186a6bdf3eafe1cd46/jingjian.json - 作者: hafrey1, 更新时间: unknown, 大小: 0.0 KB
[2025-11-28 01:28:12] ✅ 解析成功 - https://raw.githubusercontent.com/Mikephie/Script/2dc56ebaad6484fa158f040bcd2ed3385fb48d8f/config-2.json - 作者: Mikephie, 更新时间: unknown, 大小: 0.0 KB
[2025-11-28 01:28:12] ✅ 解析成功 - https://raw.githubusercontent.com/macsur/livetv/3880610be369f43b91f85778d77b86f6688cb013/moontv.json - 作者: macsur, 更新时间: unknown, 大小: 0.0 KB
[2025-11-28 01:28:13] ✅ 解析成功 - https://raw.githubusercontent.com/oooopera/moontv_config/ffe4eb572ec7a0cfbbc5632c552343fa3b66997e/config%E5%88%9D%E5%A7%8B.json - 作者: oooopera, 更新时间: unknown, 大小: 0.0 KB
[2025-11-28 01:28:13] ✅ 解析成功 - https://raw.githubusercontent.com/hjdhnx/drpy-node/0bf8c0cf53da0134c4a2f20e5e8295353760e39d/scripts/mjs/moontv.json - 作者: hjdhnx, 更新时间: unknown, 大小: 0.0 KB
[2025-11-28 01:28:13] ✅ 解析成功 - https://raw.githubusercontent.com/haogege8888/KatelyaTV/e58837e6b5dcc4d7d112e05e1d9bda3e9b3bf992/config.json - 作者: haogege8888, 更新时间: unknown, 大小: 0.0 KB
[2025-11-28 01:28:13] ✅ 解析成功 - https://raw.githubusercontent.com/mhq1389/lsegou/7cbbee54537334e668dd678fd8a8ef5efe6e0957/config.json - 作者: mhq1389, 更新时间: unknown, 大小: 0.0 KB
[2025-11-28 01:28:14] ✅ 解析成功 - https://raw.githubusercontent.com/katelya77/KatelyaTV/fc78bb11c026285d1b66e841b227e6171574956c/config.example.json - 作者: katelya77, 更新时间: unknown, 大小: 0.0 KB
[2025-11-28 01:28:14] ✅ 解析成功 - https://raw.githubusercontent.com/adminlove520/Source-Collector/eb8cd8f5f7960600c8d3af01245b64029c6421e1/configplus_isadult.json - 作者: adminlove520, 更新时间: unknown, 大小: 0.0 KB
[2025-11-28 01:28:14] ✅ 解析成功 - https://raw.githubusercontent.com/webshellren/XMoonTV/ef052045a4f7a3a10c5907da4d30e3a90984b03b/config.json - 作者: webshellren, 更新时间: unknown, 大小: 0.0 KB
[2025-11-28 01:28:14] ✅ 解析成功 - https://raw.githubusercontent.com/hanzhenya/hzyiptv/00923a1043db8e531f730912d565eb8619b5675f/config(%E8%80%81).json - 作者: hanzhenya, 更新时间: unknown, 大小: 0.0 KB
[2025-11-28 01:28:14] ✅ 解析成功 - https://raw.githubusercontent.com/PAICNI/Videos_PLUS/b51ff1521a1e77f17ad538ccfd3c100cc42e0663/MoonTV%E8%A7%86%E9%A2%91%E6%BA%90Plus%E7%89%88.json - 作者: PAICNI, 更新时间: unknown, 大小: 0.0 KB
[2025-11-28 01:28:15] ✅ 解析成功 - https://raw.githubusercontent.com/oooopera/moontv_config/ffe4eb572ec7a0cfbbc5632c552343fa3b66997e/input.json - 作者: oooopera, 更新时间: unknown, 大小: 0.0 KB
[2025-11-28 01:28:15] ✅ 解析成功 - https://raw.githubusercontent.com/Attiv/oriontv2/0c96b863bdf012b81f27cfeca03e3a7a1720d415/backend/src/config/config.json - 作者: Attiv, 更新时间: unknown, 大小: 0.0 KB
[2025-11-28 01:28:15] ✅ 解析成功 - https://raw.githubusercontent.com/Jonney111/jonney_clash/7277685840b1cbedbc2b55377acc81adff1d5745/moontv.json - 作者: Jonney111, 更新时间: unknown, 大小: 0.0 KB
[2025-11-28 01:28:15] ✅ 解析成功 - https://raw.githubusercontent.com/viacooky/tv-box-sub/3f7188cb5f0b65903fb0bc5dc94b2128e8e6f021/2.json - 作者: viacooky, 更新时间: unknown, 大小: 0.0 KB
[2025-11-28 01:28:15] ✅ 解析成功 - https://raw.githubusercontent.com/lyqnihao/m3u8/719c30115e56a42e21ac6d50191d3e3ada5d2330/MoonTV/config.json - 作者: lyqnihao, 更新时间: unknown, 大小: 0.0 KB
[2025-11-28 01:28:16] ✅ 解析成功 - https://raw.githubusercontent.com/yjh800307/yjh800307.github.io/4b825da4ab5059eae4f36ffc59877d0b5a76ea63/moontv.json - 作者: yjh800307, 更新时间: unknown, 大小: 0.0 KB
[2025-11-28 01:28:16] ✅ 解析成功 - https://raw.githubusercontent.com/Nesciasnenion/helloworld/cbaa34b8af6af1d1efedfa2230fe41ba1e1996da/moontv-config-all.json - 作者: Nesciasnenion, 更新时间: unknown, 大小: 0.0 KB
[2025-11-28 01:28:16] ✅ 解析成功 - https://raw.githubusercontent.com/yenkj/epg/2cb54a7fb5b654270f27eb8c06e7c3ae5a3dc1a8/config0.json - 作者: yenkj, 更新时间: unknown, 大小: 0.0 KB
[2025-11-29 01:36:39] ✅ 解析成功 - https://raw.githubusercontent.com/katelya77/KatelyaTV/fc78bb11c026285d1b66e841b227e6171574956c/config.json - 作者: katelya77, 更新时间: unknown, 大小: 0.0 KB
[2025-11-29 01:36:39] ✅ 解析成功 - https://raw.githubusercontent.com/gxnas/TvBox/4153c4225579d480bb5dbba12619ce6e70df8acb/LunaTV.json - 作者: gxnas, 更新时间: unknown, 大小: 0.0 KB
[2025-11-29 01:36:39] ✅ 解析成功 - https://raw.githubusercontent.com/hafrey1/LunaTV-config/63041dc31c03e9dfdfb0221d66235f78c90868d2/LunaTV-config.json - 作者: hafrey1, 更新时间: unknown, 大小: 0.0 KB
[2025-11-29 01:36:39] ✅ 解析成功 - https://raw.githubusercontent.com/Stardm0/MoonTV/c0157698bf9e18fc40c51c3a05c4036d7297fdd8/config.json - 作者: Stardm0, 更新时间: unknown, 大小: 0.0 KB
[2025-11-29 01:36:39] ✅ 解析成功 - https://raw.githubusercontent.com/wokaotianshi123/wokaotianshi123.github.io/d5c8b6adc9391512be14747732428101000103ab/moontv/config_2025-09-23.json - 作者: wokaotianshi123, 更新时间: unknown, 大小: 0.0 KB
[2025-11-29 01:36:40] ✅ 解析成功 - https://raw.githubusercontent.com/Jonney111/jonney_clash/7277685840b1cbedbc2b55377acc81adff1d5745/moontv.json - 作者: Jonney111, 更新时间: unknown, 大小: 0.0 KB
[2025-11-29 01:36:40] ✅ 解析成功 - https://raw.githubusercontent.com/chat263/tvjson/45dbc00aebda1642a95c20be2b5a0bda61a60e78/m.json - 作者: chat263, 更新时间: unknown, 大小: 0.0 KB
[2025-11-29 01:36:40] ✅ 解析成功 - https://raw.githubusercontent.com/lovevampplus/cfdata/1d882b4e5b1f537f3e82b1a780c1d57088cb887f/moontv-config.json - 作者: lovevampplus, 更新时间: unknown, 大小: 0.0 KB
[2025-11-29 01:36:40] ✅ 解析成功 - https://raw.githubusercontent.com/lyqnihao/m3u8/719c30115e56a42e21ac6d50191d3e3ada5d2330/MoonTV/config.json - 作者: lyqnihao, 更新时间: unknown, 大小: 0.0 KB
[2025-11-29 01:36:40] ✅ 解析成功 - https://raw.githubusercontent.com/cc638/tvbox/e94fcace1eee9a40ef00a356d2c70e0ff293d62d/%E8%A7%86%E9%A2%91%E6%BA%90.json - 作者: cc638, 更新时间: unknown, 大小: 0.0 KB
[2025-11-29 01:36:40] ✅ 解析成功 - https://raw.githubusercontent.com/sk3879921/tvjson/3e5394dfbc292321326e218e7bc303716f3f5336/q.json - 作者: sk3879921, 更新时间: unknown, 大小: 0.0 KB
[2025-11-29 01:36:40] ✅ 解析成功 - https://raw.githubusercontent.com/hanzhenya/hzyiptv/00923a1043db8e531f730912d565eb8619b5675f/config(%E8%80%81).json - 作者: hanzhenya, 更新时间: unknown, 大小: 0.0 KB
[2025-11-29 01:36:40] ✅ 解析成功 - https://raw.githubusercontent.com/Mikephie/Script/e53609bc1d90a34ffb7a9855cc1964380912bb45/config-2.json - 作者: Mikephie, 更新时间: unknown, 大小: 0.0 KB
[2025-11-29 01:36:41] ✅ 解析成功 - https://raw.githubusercontent.com/yjh800307/yjh800307.github.io/4b825da4ab5059eae4f36ffc59877d0b5a76ea63/moontv.json - 作者: yjh800307, 更新时间: unknown, 大小: 0.0 KB
[2025-11-29 01:36:41] ✅ 解析成功 - https://raw.githubusercontent.com/iphoneten/CNTV/77a30bc772c40da92aa73c207ca843ca59410545/config_backup.json - 作者: iphoneten, 更新时间: unknown, 大小: 0.0 KB
[2025-11-29 01:36:41] ✅ 解析成功 - https://raw.githubusercontent.com/xuyuani/moontv/ea3d1065e8bbdfde379700bf74eb634e88915ab2/config.json - 作者: xuyuani, 更新时间: unknown, 大小: 0.0 KB
[2025-11-29 01:36:41] ✅ 解析成功 - https://raw.githubusercontent.com/yenkj/epg/09d179ac5e421307718728694437393498647d61/config0.json - 作者: yenkj, 更新时间: unknown, 大小: 0.0 KB
[2025-11-29 01:36:41] ✅ 解析成功 - https://raw.githubusercontent.com/xqrock/openfile/75df10457a00a6e5c9458f20122ebe2c5274c83e/config/vod.json - 作者: xqrock, 更新时间: unknown, 大小: 0.0 KB
[2025-11-29 01:36:41] ✅ 解析成功 - https://raw.githubusercontent.com/haogege8888/KatelyaTV/e58837e6b5dcc4d7d112e05e1d9bda3e9b3bf992/config.json - 作者: haogege8888, 更新时间: unknown, 大小: 0.0 KB
[2025-11-29 01:36:41] ✅ 解析成功 - https://raw.githubusercontent.com/macsur/livetv/3880610be369f43b91f85778d77b86f6688cb013/moontv.json - 作者: macsur, 更新时间: unknown, 大小: 0.0 KB
[2025-11-29 01:36:41] ✅ 解析成功 - https://raw.githubusercontent.com/oooopera/moontv_config/cbee6e9a72b95b1269fa45bdc4bba815a94490c5/input.json - 作者: oooopera, 更新时间: unknown, 大小: 0.0 KB
[2025-11-29 01:36:41] ✅ 解析成功 - https://raw.githubusercontent.com/jeffernn/joyflix/7ef1beeba1c6efe7e80a7dd33f28098446659e1b/config.json - 作者: jeffernn, 更新时间: unknown, 大小: 0.0 KB
[2025-11-29 01:36:42] ✅ 解析成功 - https://raw.githubusercontent.com/viacooky/tv-box-sub/3f7188cb5f0b65903fb0bc5dc94b2128e8e6f021/2.json - 作者: viacooky, 更新时间: unknown, 大小: 0.0 KB
[2025-11-29 01:36:42] ✅ 解析成功 - https://raw.githubusercontent.com/zhumengkang/edgeone-moontv/262ce332a93ba34966adb07761e7bfab8faab7bf/config.json - 作者: zhumengkang, 更新时间: unknown, 大小: 0.0 KB
[2025-11-29 01:36:42] ✅ 解析成功 - https://raw.githubusercontent.com/katelya77/KatelyaTV/fc78bb11c026285d1b66e841b227e6171574956c/config.example.json - 作者: katelya77, 更新时间: unknown, 大小: 0.0 KB
[2025-11-29 01:36:42] ✅ 解析成功 - https://raw.githubusercontent.com/SCXSVIP/TV/e7bc32117505d2bda3b31ade3dc96114c6ce623c/MoonTV/MoonTV-xs.json - 作者: SCXSVIP, 更新时间: unknown, 大小: 0.0 KB
[2025-11-29 01:36:42] ✅ 解析成功 - https://raw.githubusercontent.com/viacooky/tv-box-sub/3f7188cb5f0b65903fb0bc5dc94b2128e8e6f021/1.json - 作者: viacooky, 更新时间: unknown, 大小: 0.0 KB
[2025-11-29 01:36:42] ✅ 解析成功 - https://raw.githubusercontent.com/oooopera/moontv_config/cbee6e9a72b95b1269fa45bdc4bba815a94490c5/config%E5%88%9D%E5%A7%8B.json - 作者: oooopera, 更新时间: unknown, 大小: 0.0 KB
[2025-11-29 01:36:42] ✅ 解析成功 - https://raw.githubusercontent.com/webshellren/XMoonTV/ef052045a4f7a3a10c5907da4d30e3a90984b03b/config.json - 作者: webshellren, 更新时间: unknown, 大小: 0.0 KB
[2025-11-29 01:36:42] ✅ 解析成功 - https://raw.githubusercontent.com/lovevampplus/cfdata/1d882b4e5b1f537f3e82b1a780c1d57088cb887f/96.json - 作者: lovevampplus, 更新时间: unknown, 大小: 0.0 KB
[2025-11-30 01:48:59] ✅ 解析成功 - https://raw.githubusercontent.com/katelya77/KatelyaTV/fc78bb11c026285d1b66e841b227e6171574956c/config.json - 作者: katelya77, 更新时间: unknown, 大小: 0.0 KB
[2025-11-30 01:48:59] ✅ 解析成功 - https://raw.githubusercontent.com/gxnas/TvBox/4153c4225579d480bb5dbba12619ce6e70df8acb/LunaTV.json - 作者: gxnas, 更新时间: unknown, 大小: 0.0 KB
[2025-11-30 01:48:59] ✅ 解析成功 - https://raw.githubusercontent.com/hafrey1/LunaTV-config/7ae65eef34c52f27f594bba0a230aaa533ab4185/LunaTV-config.json - 作者: hafrey1, 更新时间: unknown, 大小: 0.0 KB
[2025-11-30 01:48:59] ✅ 解析成功 - https://raw.githubusercontent.com/Stardm0/MoonTV/992c2f1de8ee197c4803f93c59d370bb5c343889/config.json - 作者: Stardm0, 更新时间: unknown, 大小: 0.0 KB
[2025-11-30 01:48:59] ✅ 解析成功 - https://raw.githubusercontent.com/wokaotianshi123/wokaotianshi123.github.io/d5c8b6adc9391512be14747732428101000103ab/moontv/config_2025-09-23.json - 作者: wokaotianshi123, 更新时间: unknown, 大小: 0.0 KB
[2025-11-30 01:48:59] ✅ 解析成功 - https://raw.githubusercontent.com/Jonney111/jonney_clash/7277685840b1cbedbc2b55377acc81adff1d5745/moontv.json - 作者: Jonney111, 更新时间: unknown, 大小: 0.0 KB
[2025-11-30 01:48:59] ✅ 解析成功 - https://raw.githubusercontent.com/chat263/tvjson/45dbc00aebda1642a95c20be2b5a0bda61a60e78/m.json - 作者: chat263, 更新时间: unknown, 大小: 0.0 KB
[2025-11-30 01:49:00] ✅ 解析成功 - https://raw.githubusercontent.com/zhumengkang/edgeone-moontv/262ce332a93ba34966adb07761e7bfab8faab7bf/config.json - 作者: zhumengkang, 更新时间: unknown, 大小: 0.0 KB
[2025-11-30 01:49:00] ✅ 解析成功 - https://raw.githubusercontent.com/adminlove520/Source-Collector/eb8cd8f5f7960600c8d3af01245b64029c6421e1/configplus_isadult.json - 作者: adminlove520, 更新时间: unknown, 大小: 0.0 KB
[2025-11-30 01:49:00] ✅ 解析成功 - https://raw.githubusercontent.com/lovevampplus/cfdata/1d882b4e5b1f537f3e82b1a780c1d57088cb887f/96.json - 作者: lovevampplus, 更新时间: unknown, 大小: 0.0 KB
[2025-11-30 01:49:00] ✅ 解析成功 - https://raw.githubusercontent.com/oooopera/moontv_config/429a624d9b0f8a99a1219e8c57c89134fcbe6a81/input.json - 作者: oooopera, 更新时间: unknown, 大小: 0.0 KB
[2025-11-30 01:49:00] ✅ 解析成功 - https://raw.githubusercontent.com/Mikephie/Script/3b45881bc9cb07d96b5a4d58aa0ba2c0a2e1cc5a/config-3.json - 作者: Mikephie, 更新时间: unknown, 大小: 0.0 KB
[2025-11-30 01:49:00] ✅ 解析成功 - https://raw.githubusercontent.com/SCXSVIP/TV/e7bc32117505d2bda3b31ade3dc96114c6ce623c/MoonTV/MoonTV-xs.json - 作者: SCXSVIP, 更新时间: unknown, 大小: 0.0 KB
[2025-11-30 01:49:00] ✅ 解析成功 - https://raw.githubusercontent.com/Attiv/oriontv2/0c96b863bdf012b81f27cfeca03e3a7a1720d415/backend/src/config/config.json - 作者: Attiv, 更新时间: unknown, 大小: 0.0 KB
[2025-11-30 01:49:01] ✅ 解析成功 - https://raw.githubusercontent.com/adminlove520/Source-Collector/eb8cd8f5f7960600c8d3af01245b64029c6421e1/config_isadult.json - 作者: adminlove520, 更新时间: unknown, 大小: 0.0 KB
[2025-11-30 01:49:01] ✅ 解析成功 - https://raw.githubusercontent.com/xuyuani/moontv/ea3d1065e8bbdfde379700bf74eb634e88915ab2/config.json - 作者: xuyuani, 更新时间: unknown, 大小: 0.0 KB
[2025-11-30 01:49:01] ✅ 解析成功 - https://raw.githubusercontent.com/macsur/livetv/3880610be369f43b91f85778d77b86f6688cb013/moontv.json - 作者: macsur, 更新时间: unknown, 大小: 0.0 KB
[2025-11-30 01:49:01] ✅ 解析成功 - https://raw.githubusercontent.com/hanzhenya/hzyiptv/00923a1043db8e531f730912d565eb8619b5675f/config(%E8%80%81).json - 作者: hanzhenya, 更新时间: unknown, 大小: 0.0 KB
[2025-11-30 01:49:01] ✅ 解析成功 - https://raw.githubusercontent.com/oooopera/moontv_config/429a624d9b0f8a99a1219e8c57c89134fcbe6a81/config%E5%88%9D%E5%A7%8B.json - 作者: oooopera, 更新时间: unknown, 大小: 0.0 KB
[2025-11-30 01:49:01] ✅ 解析成功 - https://raw.githubusercontent.com/sk3879921/tvjson/3e5394dfbc292321326e218e7bc303716f3f5336/q.json - 作者: sk3879921, 更新时间: unknown, 大小: 0.0 KB
[2025-11-30 01:49:01] ✅ 解析成功 - https://raw.githubusercontent.com/hafrey1/LunaTV-config/7ae65eef34c52f27f594bba0a230aaa533ab4185/jingjian.json - 作者: hafrey1, 更新时间: unknown, 大小: 0.0 KB
[2025-11-30 01:49:01] ✅ 解析成功 - https://raw.githubusercontent.com/katelya77/KatelyaTV/fc78bb11c026285d1b66e841b227e6171574956c/config.example.json - 作者: katelya77, 更新时间: unknown, 大小: 0.0 KB
[2025-11-30 01:49:01] ✅ 解析成功 - https://raw.githubusercontent.com/lovevampplus/cfdata/1d882b4e5b1f537f3e82b1a780c1d57088cb887f/moontv-config.json - 作者: lovevampplus, 更新时间: unknown, 大小: 0.0 KB
[2025-11-30 01:49:01] ✅ 解析成功 - https://raw.githubusercontent.com/PAICNI/Videos_PLUS/b51ff1521a1e77f17ad538ccfd3c100cc42e0663/MoonTV%E8%A7%86%E9%A2%91%E6%BA%90Plus%E7%89%88.json - 作者: PAICNI, 更新时间: unknown, 大小: 0.0 KB
[2025-11-30 01:49:02] ✅ 解析成功 - https://raw.githubusercontent.com/viacooky/tv-box-sub/3f7188cb5f0b65903fb0bc5dc94b2128e8e6f021/2.json - 作者: viacooky, 更新时间: unknown, 大小: 0.0 KB
[2025-11-30 01:49:02] ✅ 解析成功 - https://raw.githubusercontent.com/Nesciasnenion/helloworld/cbaa34b8af6af1d1efedfa2230fe41ba1e1996da/moontv-config-all.json - 作者: Nesciasnenion, 更新时间: unknown, 大小: 0.0 KB
[2025-11-30 01:49:02] ✅ 解析成功 - https://raw.githubusercontent.com/webshellren/XMoonTV/ef052045a4f7a3a10c5907da4d30e3a90984b03b/config.json - 作者: webshellren, 更新时间: unknown, 大小: 0.0 KB
[2025-11-30 01:49:02] ✅ 解析成功 - https://raw.githubusercontent.com/wokaotianshi123/wokaotianshi123.github.io/d5c8b6adc9391512be14747732428101000103ab/luna20251027.json - 作者: wokaotianshi123, 更新时间: unknown, 大小: 0.0 KB
[2025-11-30 01:49:02] ✅ 解析成功 - https://raw.githubusercontent.com/hafrey1/LunaTV-config/7ae65eef34c52f27f594bba0a230aaa533ab4185/jin18.json - 作者: hafrey1, 更新时间: unknown, 大小: 0.0 KB
[2025-11-30 01:49:02] ✅ 解析成功 - https://raw.githubusercontent.com/xqrock/openfile/75df10457a00a6e5c9458f20122ebe2c5274c83e/config/vod.json - 作者: xqrock, 更新时间: unknown, 大小: 0.0 KB
[2025-12-01 01:56:15] ✅ 解析成功 - https://raw.githubusercontent.com/katelya77/KatelyaTV/fc78bb11c026285d1b66e841b227e6171574956c/config.json - 作者: katelya77, 更新时间: unknown, 大小: 0.0 KB
[2025-12-01 01:56:15] ✅ 解析成功 - https://raw.githubusercontent.com/gxnas/TvBox/4153c4225579d480bb5dbba12619ce6e70df8acb/LunaTV.json - 作者: gxnas, 更新时间: unknown, 大小: 0.0 KB
[2025-12-01 01:56:15] ✅ 解析成功 - https://raw.githubusercontent.com/hafrey1/LunaTV-config/d6c962067a070f443f39b336d877c7a45802a268/LunaTV-config.json - 作者: hafrey1, 更新时间: unknown, 大小: 0.0 KB
[2025-12-01 01:56:15] ✅ 解析成功 - https://raw.githubusercontent.com/Stardm0/MoonTV/2eb71668632b68311aa1845cf750997197fc2200/config.json - 作者: Stardm0, 更新时间: unknown, 大小: 0.0 KB
[2025-12-01 01:56:15] ✅ 解析成功 - https://raw.githubusercontent.com/wokaotianshi123/wokaotianshi123.github.io/712c1492154ad2a2491ac3e47f4212e5783b4fb3/moontv/config_2025-09-23.json - 作者: wokaotianshi123, 更新时间: unknown, 大小: 0.0 KB
[2025-12-01 01:56:15] ✅ 解析成功 - https://raw.githubusercontent.com/Jonney111/jonney_clash/7277685840b1cbedbc2b55377acc81adff1d5745/moontv.json - 作者: Jonney111, 更新时间: unknown, 大小: 0.0 KB
[2025-12-01 01:56:16] ✅ 解析成功 - https://raw.githubusercontent.com/chat263/tvjson/45dbc00aebda1642a95c20be2b5a0bda61a60e78/m.json - 作者: chat263, 更新时间: unknown, 大小: 0.0 KB
[2025-12-01 01:56:16] ✅ 解析成功 - https://raw.githubusercontent.com/zhumengkang/edgeone-moontv/262ce332a93ba34966adb07761e7bfab8faab7bf/config.json - 作者: zhumengkang, 更新时间: unknown, 大小: 0.0 KB
[2025-12-01 01:56:16] ✅ 解析成功 - https://raw.githubusercontent.com/adminlove520/Source-Collector/eb8cd8f5f7960600c8d3af01245b64029c6421e1/configplus_isadult.json - 作者: adminlove520, 更新时间: unknown, 大小: 0.0 KB
[2025-12-01 01:56:16] ✅ 解析成功 - https://raw.githubusercontent.com/lovevampplus/cfdata/1d882b4e5b1f537f3e82b1a780c1d57088cb887f/96.json - 作者: lovevampplus, 更新时间: unknown, 大小: 0.0 KB
[2025-12-01 01:56:16] ✅ 解析成功 - https://raw.githubusercontent.com/oooopera/moontv_config/10e73439b37d48d0e8efcfbc72909f8c7ef2ac13/input.json - 作者: oooopera, 更新时间: unknown, 大小: 0.0 KB
[2025-12-01 01:56:16] ✅ 解析成功 - https://raw.githubusercontent.com/Mikephie/Script/97ab4e81119de1ee3d3f0a2d3c0c40b608a52461/config-3.json - 作者: Mikephie, 更新时间: unknown, 大小: 0.0 KB
[2025-12-01 01:56:17] ✅ 解析成功 - https://raw.githubusercontent.com/SCXSVIP/TV/e7bc32117505d2bda3b31ade3dc96114c6ce623c/MoonTV/MoonTV-xs.json - 作者: SCXSVIP, 更新时间: unknown, 大小: 0.0 KB
[2025-12-01 01:56:17] ✅ 解析成功 - https://raw.githubusercontent.com/Attiv/oriontv2/0c96b863bdf012b81f27cfeca03e3a7a1720d415/backend/src/config/config.json - 作者: Attiv, 更新时间: unknown, 大小: 0.0 KB
[2025-12-01 01:56:17] ✅ 解析成功 - https://raw.githubusercontent.com/adminlove520/Source-Collector/eb8cd8f5f7960600c8d3af01245b64029c6421e1/config_isadult.json - 作者: adminlove520, 更新时间: unknown, 大小: 0.0 KB
[2025-12-01 01:56:17] ✅ 解析成功 - https://raw.githubusercontent.com/xuyuani/moontv/ea3d1065e8bbdfde379700bf74eb634e88915ab2/config.json - 作者: xuyuani, 更新时间: unknown, 大小: 0.0 KB
[2025-12-01 01:56:17] ✅ 解析成功 - https://raw.githubusercontent.com/macsur/livetv/3880610be369f43b91f85778d77b86f6688cb013/moontv.json - 作者: macsur, 更新时间: unknown, 大小: 0.0 KB
[2025-12-01 01:56:17] ✅ 解析成功 - https://raw.githubusercontent.com/hanzhenya/hzyiptv/00923a1043db8e531f730912d565eb8619b5675f/config(%E8%80%81).json - 作者: hanzhenya, 更新时间: unknown, 大小: 0.0 KB
[2025-12-01 01:56:17] ✅ 解析成功 - https://raw.githubusercontent.com/oooopera/moontv_config/10e73439b37d48d0e8efcfbc72909f8c7ef2ac13/config%E5%88%9D%E5%A7%8B.json - 作者: oooopera, 更新时间: unknown, 大小: 0.0 KB
[2025-12-01 01:56:18] ✅ 解析成功 - https://raw.githubusercontent.com/hafrey1/LunaTV-config/d6c962067a070f443f39b336d877c7a45802a268/jingjian.json - 作者: hafrey1, 更新时间: unknown, 大小: 0.0 KB
[2025-12-01 01:56:18] ✅ 解析成功 - https://raw.githubusercontent.com/sk3879921/tvjson/3e5394dfbc292321326e218e7bc303716f3f5336/q.json - 作者: sk3879921, 更新时间: unknown, 大小: 0.0 KB
[2025-12-01 01:56:18] ✅ 解析成功 - https://raw.githubusercontent.com/katelya77/KatelyaTV/fc78bb11c026285d1b66e841b227e6171574956c/config.example.json - 作者: katelya77, 更新时间: unknown, 大小: 0.0 KB
[2025-12-01 01:56:18] ✅ 解析成功 - https://raw.githubusercontent.com/lovevampplus/cfdata/1d882b4e5b1f537f3e82b1a780c1d57088cb887f/moontv-config.json - 作者: lovevampplus, 更新时间: unknown, 大小: 0.0 KB
[2025-12-01 01:56:18] ✅ 解析成功 - https://raw.githubusercontent.com/PAICNI/Videos_PLUS/b51ff1521a1e77f17ad538ccfd3c100cc42e0663/MoonTV%E8%A7%86%E9%A2%91%E6%BA%90Plus%E7%89%88.json - 作者: PAICNI, 更新时间: unknown, 大小: 0.0 KB
[2025-12-01 01:56:19] ✅ 解析成功 - https://raw.githubusercontent.com/viacooky/tv-box-sub/3f7188cb5f0b65903fb0bc5dc94b2128e8e6f021/2.json - 作者: viacooky, 更新时间: unknown, 大小: 0.0 KB
[2025-12-01 01:56:19] ✅ 解析成功 - https://raw.githubusercontent.com/Nesciasnenion/helloworld/cbaa34b8af6af1d1efedfa2230fe41ba1e1996da/moontv-config-all.json - 作者: Nesciasnenion, 更新时间: unknown, 大小: 0.0 KB
[2025-12-01 01:56:19] ✅ 解析成功 - https://raw.githubusercontent.com/webshellren/XMoonTV/ef052045a4f7a3a10c5907da4d30e3a90984b03b/config.json - 作者: webshellren, 更新时间: unknown, 大小: 0.0 KB
[2025-12-01 01:56:19] ✅ 解析成功 - https://raw.githubusercontent.com/wokaotianshi123/wokaotianshi123.github.io/712c1492154ad2a2491ac3e47f4212e5783b4fb3/luna20251027.json - 作者: wokaotianshi123, 更新时间: unknown, 大小: 0.0 KB
[2025-12-01 01:56:19] ✅ 解析成功 - https://raw.githubusercontent.com/xqrock/openfile/75df10457a00a6e5c9458f20122ebe2c5274c83e/config/vod.json - 作者: xqrock, 更新时间: unknown, 大小: 0.0 KB
[2025-12-01 01:56:19] ✅ 解析成功 - https://raw.githubusercontent.com/viacooky/tv-box-sub/3f7188cb5f0b65903fb0bc5dc94b2128e8e6f021/1.json - 作者: viacooky, 更新时间: unknown, 大小: 0.0 KB
[2025-12-02 01:41:17] ✅ 解析成功 - https://raw.githubusercontent.com/katelya77/KatelyaTV/fc78bb11c026285d1b66e841b227e6171574956c/config.json - 作者: katelya77, 更新时间: unknown, 大小: 0.0 KB
[2025-12-02 01:41:18] ✅ 解析成功 - https://raw.githubusercontent.com/gxnas/TvBox/4153c4225579d480bb5dbba12619ce6e70df8acb/LunaTV.json - 作者: gxnas, 更新时间: unknown, 大小: 0.0 KB
[2025-12-02 01:41:18] ✅ 解析成功 - https://raw.githubusercontent.com/hafrey1/LunaTV-config/58a712ff5376cbe0e585daaa2c54928b100437e2/LunaTV-config.json - 作者: hafrey1, 更新时间: unknown, 大小: 0.0 KB
[2025-12-02 01:41:18] ✅ 解析成功 - https://raw.githubusercontent.com/Stardm0/MoonTV/18cd34ae73aa1a57e5b13c1da16e9c59453c78fd/config.json - 作者: Stardm0, 更新时间: unknown, 大小: 0.0 KB
[2025-12-02 01:41:18] ✅ 解析成功 - https://raw.githubusercontent.com/wokaotianshi123/wokaotianshi123.github.io/d2ab80495df4cebf55b611ee821974d94e319445/moontv/config_2025-09-23.json - 作者: wokaotianshi123, 更新时间: unknown, 大小: 0.0 KB
[2025-12-02 01:41:18] ✅ 解析成功 - https://raw.githubusercontent.com/Jonney111/jonney_clash/7277685840b1cbedbc2b55377acc81adff1d5745/moontv.json - 作者: Jonney111, 更新时间: unknown, 大小: 0.0 KB
[2025-12-02 01:41:19] ✅ 解析成功 - https://raw.githubusercontent.com/chat263/tvjson/45dbc00aebda1642a95c20be2b5a0bda61a60e78/m.json - 作者: chat263, 更新时间: unknown, 大小: 0.0 KB
[2025-12-02 01:41:19] ✅ 解析成功 - https://raw.githubusercontent.com/zhumengkang/edgeone-moontv/262ce332a93ba34966adb07761e7bfab8faab7bf/config.json - 作者: zhumengkang, 更新时间: unknown, 大小: 0.0 KB
[2025-12-02 01:41:19] ✅ 解析成功 - https://raw.githubusercontent.com/adminlove520/Source-Collector/eb8cd8f5f7960600c8d3af01245b64029c6421e1/configplus_isadult.json - 作者: adminlove520, 更新时间: unknown, 大小: 0.0 KB
[2025-12-02 01:41:19] ✅ 解析成功 - https://raw.githubusercontent.com/lovevampplus/cfdata/1d882b4e5b1f537f3e82b1a780c1d57088cb887f/96.json - 作者: lovevampplus, 更新时间: unknown, 大小: 0.0 KB
[2025-12-02 01:41:19] ✅ 解析成功 - https://raw.githubusercontent.com/oooopera/moontv_config/f832482dabb12f29eda666b314df52cca3299b30/input.json - 作者: oooopera, 更新时间: unknown, 大小: 0.0 KB
[2025-12-02 01:41:19] ✅ 解析成功 - https://raw.githubusercontent.com/Mikephie/Script/7e06c15966268f42bae38876da7875fdb3ee41ff/config-3.json - 作者: Mikephie, 更新时间: unknown, 大小: 0.0 KB
[2025-12-02 01:41:20] ✅ 解析成功 - https://raw.githubusercontent.com/SCXSVIP/TV/e7bc32117505d2bda3b31ade3dc96114c6ce623c/MoonTV/MoonTV-xs.json - 作者: SCXSVIP, 更新时间: unknown, 大小: 0.0 KB
[2025-12-02 01:41:20] ✅ 解析成功 - https://raw.githubusercontent.com/Attiv/oriontv2/0c96b863bdf012b81f27cfeca03e3a7a1720d415/backend/src/config/config.json - 作者: Attiv, 更新时间: unknown, 大小: 0.0 KB
[2025-12-02 01:41:20] ✅ 解析成功 - https://raw.githubusercontent.com/adminlove520/Source-Collector/eb8cd8f5f7960600c8d3af01245b64029c6421e1/config_isadult.json - 作者: adminlove520, 更新时间: unknown, 大小: 0.0 KB
[2025-12-02 01:41:20] ✅ 解析成功 - https://raw.githubusercontent.com/xuyuani/moontv/ea3d1065e8bbdfde379700bf74eb634e88915ab2/config.json - 作者: xuyuani, 更新时间: unknown, 大小: 0.0 KB
[2025-12-02 01:41:20] ✅ 解析成功 - https://raw.githubusercontent.com/viacooky/tv-box-sub/3f7188cb5f0b65903fb0bc5dc94b2128e8e6f021/2.json - 作者: viacooky, 更新时间: unknown, 大小: 0.0 KB
[2025-12-02 01:41:21] ✅ 解析成功 - https://raw.githubusercontent.com/iphoneten/CNTV/77a30bc772c40da92aa73c207ca843ca59410545/config_backup.json - 作者: iphoneten, 更新时间: unknown, 大小: 0.0 KB
[2025-12-02 01:41:21] ✅ 解析成功 - https://raw.githubusercontent.com/Nesciasnenion/helloworld/cbaa34b8af6af1d1efedfa2230fe41ba1e1996da/moontv-config-all.json - 作者: Nesciasnenion, 更新时间: unknown, 大小: 0.0 KB
[2025-12-02 01:41:21] ✅ 解析成功 - https://raw.githubusercontent.com/oooopera/moontv_config/f832482dabb12f29eda666b314df52cca3299b30/config%E5%88%9D%E5%A7%8B.json - 作者: oooopera, 更新时间: unknown, 大小: 0.0 KB
[2025-12-02 01:41:21] ✅ 解析成功 - https://raw.githubusercontent.com/yjh800307/yjh800307.github.io/4b825da4ab5059eae4f36ffc59877d0b5a76ea63/moontv.json - 作者: yjh800307, 更新时间: unknown, 大小: 0.0 KB
[2025-12-02 01:41:21] ✅ 解析成功 - https://raw.githubusercontent.com/xqrock/openfile/75df10457a00a6e5c9458f20122ebe2c5274c83e/config/vod.json - 作者: xqrock, 更新时间: unknown, 大小: 0.0 KB
[2025-12-02 01:41:21] ✅ 解析成功 - https://raw.githubusercontent.com/lovevampplus/cfdata/1d882b4e5b1f537f3e82b1a780c1d57088cb887f/moontv-config.json - 作者: lovevampplus, 更新时间: unknown, 大小: 0.0 KB
[2025-12-02 01:41:22] ✅ 解析成功 - https://raw.githubusercontent.com/hjdhnx/drpy-node/0bf8c0cf53da0134c4a2f20e5e8295353760e39d/scripts/mjs/moontv.json - 作者: hjdhnx, 更新时间: unknown, 大小: 0.0 KB
[2025-12-02 01:41:22] ✅ 解析成功 - https://raw.githubusercontent.com/hanzhenya/hzyiptv/00923a1043db8e531f730912d565eb8619b5675f/config(%E8%80%81).json - 作者: hanzhenya, 更新时间: unknown, 大小: 0.0 KB
[2025-12-02 01:41:22] ✅ 解析成功 - https://raw.githubusercontent.com/hafrey1/LunaTV-config/58a712ff5376cbe0e585daaa2c54928b100437e2/jingjian.json - 作者: hafrey1, 更新时间: unknown, 大小: 0.0 KB
[2025-12-02 01:41:22] ✅ 解析成功 - https://raw.githubusercontent.com/sk3879921/tvjson/3e5394dfbc292321326e218e7bc303716f3f5336/q.json - 作者: sk3879921, 更新时间: unknown, 大小: 0.0 KB
[2025-12-02 01:41:22] ✅ 解析成功 - https://raw.githubusercontent.com/wokaotianshi123/wokaotianshi123.github.io/d2ab80495df4cebf55b611ee821974d94e319445/luna20251027.json - 作者: wokaotianshi123, 更新时间: unknown, 大小: 0.0 KB
[2025-12-02 01:41:23] ✅ 解析成功 - https://raw.githubusercontent.com/yutian81/data-source/97c13655052a73d5f455801eed3d366b97acf3ce/OrionTV/config.json - 作者: yutian81, 更新时间: unknown, 大小: 0.0 KB
[2025-12-02 01:41:23] ✅ 解析成功 - https://raw.githubusercontent.com/macsur/livetv/3880610be369f43b91f85778d77b86f6688cb013/moontv.json - 作者: macsur, 更新时间: unknown, 大小: 0.0 KB
[2025-12-03 01:40:52] ✅ 解析成功 - https://raw.githubusercontent.com/katelya77/KatelyaTV/fc78bb11c026285d1b66e841b227e6171574956c/config.json - 作者: katelya77, 更新时间: unknown, 大小: 0.0 KB
[2025-12-03 01:40:52] ✅ 解析成功 - https://raw.githubusercontent.com/gxnas/TvBox/4153c4225579d480bb5dbba12619ce6e70df8acb/LunaTV.json - 作者: gxnas, 更新时间: unknown, 大小: 0.0 KB
[2025-12-03 01:40:52] ✅ 解析成功 - https://raw.githubusercontent.com/hafrey1/LunaTV-config/b71939f4411af3ad782fd740602bb83002615570/LunaTV-config.json - 作者: hafrey1, 更新时间: unknown, 大小: 0.0 KB
[2025-12-03 01:40:52] ✅ 解析成功 - https://raw.githubusercontent.com/Stardm0/MoonTV/e6fad6cce046abcba843832eeb3a1f8134331ee8/config.json - 作者: Stardm0, 更新时间: unknown, 大小: 0.0 KB
[2025-12-03 01:40:52] ✅ 解析成功 - https://raw.githubusercontent.com/wokaotianshi123/wokaotianshi123.github.io/781f0d13def349ebf085b88c821e81a3597778e8/moontv/config_2025-09-23.json - 作者: wokaotianshi123, 更新时间: unknown, 大小: 0.0 KB
[2025-12-03 01:40:52] ✅ 解析成功 - https://raw.githubusercontent.com/Jonney111/jonney_clash/7277685840b1cbedbc2b55377acc81adff1d5745/moontv.json - 作者: Jonney111, 更新时间: unknown, 大小: 0.0 KB
[2025-12-03 01:40:53] ✅ 解析成功 - https://raw.githubusercontent.com/chat263/tvjson/45dbc00aebda1642a95c20be2b5a0bda61a60e78/m.json - 作者: chat263, 更新时间: unknown, 大小: 0.0 KB
[2025-12-03 01:40:53] ✅ 解析成功 - https://raw.githubusercontent.com/zhumengkang/edgeone-moontv/262ce332a93ba34966adb07761e7bfab8faab7bf/config.json - 作者: zhumengkang, 更新时间: unknown, 大小: 0.0 KB
[2025-12-03 01:40:53] ✅ 解析成功 - https://raw.githubusercontent.com/adminlove520/Source-Collector/eb8cd8f5f7960600c8d3af01245b64029c6421e1/configplus_isadult.json - 作者: adminlove520, 更新时间: unknown, 大小: 0.0 KB
[2025-12-03 01:40:53] ✅ 解析成功 - https://raw.githubusercontent.com/lovevampplus/cfdata/1d882b4e5b1f537f3e82b1a780c1d57088cb887f/96.json - 作者: lovevampplus, 更新时间: unknown, 大小: 0.0 KB
[2025-12-03 01:40:53] ✅ 解析成功 - https://raw.githubusercontent.com/oooopera/moontv_config/edee3e93c048b5de079dc0b15d11de91efb3bfb5/input.json - 作者: oooopera, 更新时间: unknown, 大小: 0.0 KB
[2025-12-03 01:40:53] ✅ 解析成功 - https://raw.githubusercontent.com/Mikephie/Script/4e46cc9d48e5901d45569041e3217096ec29d82f/config-3.json - 作者: Mikephie, 更新时间: unknown, 大小: 0.0 KB
[2025-12-03 01:40:53] ✅ 解析成功 - https://raw.githubusercontent.com/SCXSVIP/TV/e7bc32117505d2bda3b31ade3dc96114c6ce623c/MoonTV/MoonTV-xs.json - 作者: SCXSVIP, 更新时间: unknown, 大小: 0.0 KB
[2025-12-03 01:40:54] ✅ 解析成功 - https://raw.githubusercontent.com/Attiv/oriontv2/0c96b863bdf012b81f27cfeca03e3a7a1720d415/backend/src/config/config.json - 作者: Attiv, 更新时间: unknown, 大小: 0.0 KB
[2025-12-03 01:40:54] ✅ 解析成功 - https://raw.githubusercontent.com/adminlove520/Source-Collector/eb8cd8f5f7960600c8d3af01245b64029c6421e1/config_isadult.json - 作者: adminlove520, 更新时间: unknown, 大小: 0.0 KB
[2025-12-03 01:40:54] ✅ 解析成功 - https://raw.githubusercontent.com/xuyuani/moontv/ea3d1065e8bbdfde379700bf74eb634e88915ab2/config.json - 作者: xuyuani, 更新时间: unknown, 大小: 0.0 KB
[2025-12-03 01:40:54] ✅ 解析成功 - https://raw.githubusercontent.com/macsur/livetv/3880610be369f43b91f85778d77b86f6688cb013/moontv.json - 作者: macsur, 更新时间: unknown, 大小: 0.0 KB
[2025-12-03 01:40:54] ✅ 解析成功 - https://raw.githubusercontent.com/hanzhenya/hzyiptv/00923a1043db8e531f730912d565eb8619b5675f/config(%E8%80%81).json - 作者: hanzhenya, 更新时间: unknown, 大小: 0.0 KB
[2025-12-03 01:40:54] ✅ 解析成功 - https://raw.githubusercontent.com/viacooky/tv-box-sub/3f7188cb5f0b65903fb0bc5dc94b2128e8e6f021/1.json - 作者: viacooky, 更新时间: unknown, 大小: 0.0 KB
[2025-12-03 01:40:54] ✅ 解析成功 - https://raw.githubusercontent.com/xqrock/openfile/75df10457a00a6e5c9458f20122ebe2c5274c83e/config/vod.json - 作者: xqrock, 更新时间: unknown, 大小: 0.0 KB
[2025-12-03 01:40:54] ✅ 解析成功 - https://raw.githubusercontent.com/Nesciasnenion/helloworld/cbaa34b8af6af1d1efedfa2230fe41ba1e1996da/moontv-config-all.json - 作者: Nesciasnenion, 更新时间: unknown, 大小: 0.0 KB
[2025-12-03 01:40:55] ✅ 解析成功 - https://raw.githubusercontent.com/lovevampplus/cfdata/1d882b4e5b1f537f3e82b1a780c1d57088cb887f/moontv-config.json - 作者: lovevampplus, 更新时间: unknown, 大小: 0.0 KB
[2025-12-03 01:40:55] ✅ 解析成功 - https://raw.githubusercontent.com/wokaotianshi123/wokaotianshi123.github.io/781f0d13def349ebf085b88c821e81a3597778e8/luna20251027.json - 作者: wokaotianshi123, 更新时间: unknown, 大小: 0.0 KB
[2025-12-03 01:40:55] ✅ 解析成功 - https://raw.githubusercontent.com/katelya77/KatelyaTV/fc78bb11c026285d1b66e841b227e6171574956c/config.example.json - 作者: katelya77, 更新时间: unknown, 大小: 0.0 KB
[2025-12-03 01:40:55] ✅ 解析成功 - https://raw.githubusercontent.com/PAICNI/Videos_PLUS/b51ff1521a1e77f17ad538ccfd3c100cc42e0663/MoonTV%E8%A7%86%E9%A2%91%E6%BA%90Plus%E7%89%88.json - 作者: PAICNI, 更新时间: unknown, 大小: 0.0 KB
[2025-12-03 01:40:55] ✅ 解析成功 - https://raw.githubusercontent.com/webshellren/XMoonTV/ef052045a4f7a3a10c5907da4d30e3a90984b03b/config.json - 作者: webshellren, 更新时间: unknown, 大小: 0.0 KB
[2025-12-03 01:40:55] ✅ 解析成功 - https://raw.githubusercontent.com/moli-xia/MoonTV-app/aea64cc2504b56ea05e23fc2af49c7ed5a305dea/config.json - 作者: moli-xia, 更新时间: unknown, 大小: 0.0 KB
[2025-12-03 01:40:55] ✅ 解析成功 - https://raw.githubusercontent.com/hafrey1/LunaTV-config/b71939f4411af3ad782fd740602bb83002615570/jin18.json - 作者: hafrey1, 更新时间: unknown, 大小: 0.0 KB
[2025-12-03 01:40:56] ✅ 解析成功 - https://raw.githubusercontent.com/yenkj/epg/b72fe9f284bbaa7bd8e6d102d92cd8990b343ab0/config0.json - 作者: yenkj, 更新时间: unknown, 大小: 0.0 KB
[2025-12-03 01:40:56] ✅ 解析成功 - https://raw.githubusercontent.com/iphoneten/CNTV/77a30bc772c40da92aa73c207ca843ca59410545/config_backup.json - 作者: iphoneten, 更新时间: unknown, 大小: 0.0 KB
[2025-12-04 01:41:52] ✅ 解析成功 - https://raw.githubusercontent.com/katelya77/KatelyaTV/fc78bb11c026285d1b66e841b227e6171574956c/config.json - 作者: katelya77, 更新时间: unknown, 大小: 0.0 KB
[2025-12-04 01:41:52] ✅ 解析成功 - https://raw.githubusercontent.com/gxnas/TvBox/4153c4225579d480bb5dbba12619ce6e70df8acb/LunaTV.json - 作者: gxnas, 更新时间: unknown, 大小: 0.0 KB
[2025-12-04 01:41:53] ✅ 解析成功 - https://raw.githubusercontent.com/hafrey1/LunaTV-config/1e1886ce7c703b72a2efc3b6530a97b5e1b1a560/LunaTV-config.json - 作者: hafrey1, 更新时间: unknown, 大小: 0.0 KB
[2025-12-04 01:41:53] ✅ 解析成功 - https://raw.githubusercontent.com/Stardm0/MoonTV/4acf01113887a3a2c022304a7ffe134f75904b5c/config.json - 作者: Stardm0, 更新时间: unknown, 大小: 0.0 KB
[2025-12-04 01:41:53] ✅ 解析成功 - https://raw.githubusercontent.com/wokaotianshi123/wokaotianshi123.github.io/6cb85c04deb49117c7ccb0bf200b12e6a2eda1c7/moontv/config_2025-09-23.json - 作者: wokaotianshi123, 更新时间: unknown, 大小: 0.0 KB
[2025-12-04 01:41:53] ✅ 解析成功 - https://raw.githubusercontent.com/Jonney111/jonney_clash/7277685840b1cbedbc2b55377acc81adff1d5745/moontv.json - 作者: Jonney111, 更新时间: unknown, 大小: 0.0 KB
[2025-12-04 01:41:53] ✅ 解析成功 - https://raw.githubusercontent.com/Mikephie/Script/db2f63161b2e22f57ff60e6c15deca4be5144642/config-3.json - 作者: Mikephie, 更新时间: unknown, 大小: 0.0 KB
[2025-12-04 01:41:54] ✅ 解析成功 - https://raw.githubusercontent.com/webshellren/XMoonTV/ef052045a4f7a3a10c5907da4d30e3a90984b03b/config.json - 作者: webshellren, 更新时间: unknown, 大小: 0.0 KB
[2025-12-04 01:41:54] ✅ 解析成功 - https://raw.githubusercontent.com/oooopera/moontv_config/40090c860ca90571b07c76a013e59fa2cbd9d19b/config%E5%88%9D%E5%A7%8B.json - 作者: oooopera, 更新时间: unknown, 大小: 0.0 KB
[2025-12-04 01:41:54] ✅ 解析成功 - https://raw.githubusercontent.com/Nesciasnenion/helloworld/cbaa34b8af6af1d1efedfa2230fe41ba1e1996da/moontv-config-all.json - 作者: Nesciasnenion, 更新时间: unknown, 大小: 0.0 KB
[2025-12-04 01:41:54] ✅ 解析成功 - https://raw.githubusercontent.com/kimballic/IPTV2/2ccf529d9877ad4d7cf48f54a67c6b462979abe4/20250823-json.json - 作者: kimballic, 更新时间: unknown, 大小: 0.0 KB
[2025-12-04 01:41:54] ✅ 解析成功 - https://raw.githubusercontent.com/sk3879921/tvjson/3e5394dfbc292321326e218e7bc303716f3f5336/q.json - 作者: sk3879921, 更新时间: unknown, 大小: 0.0 KB
[2025-12-04 01:41:55] ✅ 解析成功 - https://raw.githubusercontent.com/hanzhenya/hzyiptv/00923a1043db8e531f730912d565eb8619b5675f/config(%E8%80%81).json - 作者: hanzhenya, 更新时间: unknown, 大小: 0.0 KB
[2025-12-04 01:41:55] ✅ 解析成功 - https://raw.githubusercontent.com/xqrock/openfile/75df10457a00a6e5c9458f20122ebe2c5274c83e/config/vod.json - 作者: xqrock, 更新时间: unknown, 大小: 0.0 KB
[2025-12-04 01:41:55] ✅ 解析成功 - https://raw.githubusercontent.com/samqin123/MoonTV/c0bba763d16fb5cd830a808d58329025337491cf/config.json - 作者: samqin123, 更新时间: unknown, 大小: 0.0 KB
[2025-12-04 01:41:55] ✅ 解析成功 - https://raw.githubusercontent.com/chat263/tvjson/45dbc00aebda1642a95c20be2b5a0bda61a60e78/m.json - 作者: chat263, 更新时间: unknown, 大小: 0.0 KB
[2025-12-04 01:41:55] ✅ 解析成功 - https://raw.githubusercontent.com/cc638/tvbox/e94fcace1eee9a40ef00a356d2c70e0ff293d62d/%E8%A7%86%E9%A2%91%E6%BA%90.json - 作者: cc638, 更新时间: unknown, 大小: 0.0 KB
[2025-12-04 01:41:56] ✅ 解析成功 - https://raw.githubusercontent.com/talefou/static/e11ad37a2275361159c20daba3c05dce14482857/tv/config.json - 作者: talefou, 更新时间: unknown, 大小: 0.0 KB
[2025-12-04 01:41:56] ✅ 解析成功 - https://raw.githubusercontent.com/lovevampplus/cfdata/1d882b4e5b1f537f3e82b1a780c1d57088cb887f/96.json - 作者: lovevampplus, 更新时间: unknown, 大小: 0.0 KB
[2025-12-04 01:41:56] ✅ 解析成功 - https://raw.githubusercontent.com/iphoneten/CNTV/77a30bc772c40da92aa73c207ca843ca59410545/config.json - 作者: iphoneten, 更新时间: unknown, 大小: 0.0 KB
[2025-12-04 01:41:56] ✅ 解析成功 - https://raw.githubusercontent.com/hafrey1/LunaTV-config/1e1886ce7c703b72a2efc3b6530a97b5e1b1a560/jin18.json - 作者: hafrey1, 更新时间: unknown, 大小: 0.0 KB
[2025-12-04 01:41:56] ✅ 解析成功 - https://raw.githubusercontent.com/viacooky/tv-box-sub/3f7188cb5f0b65903fb0bc5dc94b2128e8e6f021/1.json - 作者: viacooky, 更新时间: unknown, 大小: 0.0 KB
[2025-12-04 01:41:56] ✅ 解析成功 - https://raw.githubusercontent.com/SCXSVIP/TV/e7bc32117505d2bda3b31ade3dc96114c6ce623c/MoonTV/MoonTV-xs.json - 作者: SCXSVIP, 更新时间: unknown, 大小: 0.0 KB
[2025-12-04 01:41:57] ✅ 解析成功 - https://raw.githubusercontent.com/adminlove520/Source-Collector/eb8cd8f5f7960600c8d3af01245b64029c6421e1/configplus_isadult.json - 作者: adminlove520, 更新时间: unknown, 大小: 0.0 KB
[2025-12-04 01:41:57] ✅ 解析成功 - https://raw.githubusercontent.com/yjh800307/yjh800307.github.io/4b825da4ab5059eae4f36ffc59877d0b5a76ea63/moontv.json - 作者: yjh800307, 更新时间: unknown, 大小: 0.0 KB
[2025-12-04 01:41:57] ✅ 解析成功 - https://raw.githubusercontent.com/wokaotianshi123/wokaotianshi123.github.io/6cb85c04deb49117c7ccb0bf200b12e6a2eda1c7/luna20251027.json - 作者: wokaotianshi123, 更新时间: unknown, 大小: 0.0 KB
[2025-12-04 01:41:57] ✅ 解析成功 - https://raw.githubusercontent.com/PAICNI/Videos_PLUS/b51ff1521a1e77f17ad538ccfd3c100cc42e0663/MoonTV%E8%A7%86%E9%A2%91%E6%BA%90Plus%E7%89%88.json - 作者: PAICNI, 更新时间: unknown, 大小: 0.0 KB
[2025-12-04 01:41:57] ✅ 解析成功 - https://raw.githubusercontent.com/hjdhnx/drpy-node/0bf8c0cf53da0134c4a2f20e5e8295353760e39d/scripts/mjs/moontv.json - 作者: hjdhnx, 更新时间: unknown, 大小: 0.0 KB
[2025-12-04 01:41:58] ✅ 解析成功 - https://raw.githubusercontent.com/hafrey1/LunaTV-config/1e1886ce7c703b72a2efc3b6530a97b5e1b1a560/jingjian.json - 作者: hafrey1, 更新时间: unknown, 大小: 0.0 KB
[2025-12-04 01:41:58] ✅ 解析成功 - https://raw.githubusercontent.com/lovevampplus/cfdata/1d882b4e5b1f537f3e82b1a780c1d57088cb887f/moontv-config.json - 作者: lovevampplus, 更新时间: unknown, 大小: 0.0 KB
[2025-12-05 01:42:04] ✅ 解析成功 - https://raw.githubusercontent.com/katelya77/KatelyaTV/fc78bb11c026285d1b66e841b227e6171574956c/config.json - 作者: katelya77, 更新时间: unknown, 大小: 0.0 KB
[2025-12-05 01:42:04] ✅ 解析成功 - https://raw.githubusercontent.com/gxnas/TvBox/4153c4225579d480bb5dbba12619ce6e70df8acb/LunaTV.json - 作者: gxnas, 更新时间: unknown, 大小: 0.0 KB
[2025-12-05 01:42:04] ✅ 解析成功 - https://raw.githubusercontent.com/hafrey1/LunaTV-config/2a54b1b7a300a81c7729496b1143733f667ca5a7/LunaTV-config.json - 作者: hafrey1, 更新时间: unknown, 大小: 0.0 KB
[2025-12-05 01:42:04] ✅ 解析成功 - https://raw.githubusercontent.com/Stardm0/MoonTV/e5cdbf5133edcd5eb40de3fd80e8c497a511cdb7/config.json - 作者: Stardm0, 更新时间: unknown, 大小: 0.0 KB
[2025-12-05 01:42:04] ✅ 解析成功 - https://raw.githubusercontent.com/wokaotianshi123/wokaotianshi123.github.io/6cb85c04deb49117c7ccb0bf200b12e6a2eda1c7/moontv/config_2025-09-23.json - 作者: wokaotianshi123, 更新时间: unknown, 大小: 0.0 KB
[2025-12-05 01:42:04] ✅ 解析成功 - https://raw.githubusercontent.com/Jonney111/jonney_clash/7277685840b1cbedbc2b55377acc81adff1d5745/moontv.json - 作者: Jonney111, 更新时间: unknown, 大小: 0.0 KB
[2025-12-05 01:42:04] ✅ 解析成功 - https://raw.githubusercontent.com/Mikephie/Script/4e862d4061fed08c60cdf9a497daa9bdf75c2748/config-3.json - 作者: Mikephie, 更新时间: unknown, 大小: 0.0 KB
[2025-12-05 01:42:04] ✅ 解析成功 - https://raw.githubusercontent.com/webshellren/XMoonTV/ef052045a4f7a3a10c5907da4d30e3a90984b03b/config.json - 作者: webshellren, 更新时间: unknown, 大小: 0.0 KB
[2025-12-05 01:42:04] ✅ 解析成功 - https://raw.githubusercontent.com/oooopera/moontv_config/76eb4535a30f2827e8977481919a039510121d33/config%E5%88%9D%E5%A7%8B.json - 作者: oooopera, 更新时间: unknown, 大小: 0.0 KB
[2025-12-05 01:42:05] ✅ 解析成功 - https://raw.githubusercontent.com/Nesciasnenion/helloworld/cbaa34b8af6af1d1efedfa2230fe41ba1e1996da/moontv-config-all.json - 作者: Nesciasnenion, 更新时间: unknown, 大小: 0.0 KB
[2025-12-05 01:42:05] ✅ 解析成功 - https://raw.githubusercontent.com/kimballic/IPTV2/2ccf529d9877ad4d7cf48f54a67c6b462979abe4/20250823-json.json - 作者: kimballic, 更新时间: unknown, 大小: 0.0 KB
[2025-12-05 01:42:05] ✅ 解析成功 - https://raw.githubusercontent.com/sk3879921/tvjson/3e5394dfbc292321326e218e7bc303716f3f5336/q.json - 作者: sk3879921, 更新时间: unknown, 大小: 0.0 KB
[2025-12-05 01:42:05] ✅ 解析成功 - https://raw.githubusercontent.com/hanzhenya/hzyiptv/00923a1043db8e531f730912d565eb8619b5675f/config(%E8%80%81).json - 作者: hanzhenya, 更新时间: unknown, 大小: 0.0 KB
[2025-12-05 01:42:05] ✅ 解析成功 - https://raw.githubusercontent.com/xqrock/openfile/75df10457a00a6e5c9458f20122ebe2c5274c83e/config/vod.json - 作者: xqrock, 更新时间: unknown, 大小: 0.0 KB
[2025-12-05 01:42:05] ✅ 解析成功 - https://raw.githubusercontent.com/samqin123/MoonTV/c0bba763d16fb5cd830a808d58329025337491cf/config.json - 作者: samqin123, 更新时间: unknown, 大小: 0.0 KB
[2025-12-05 01:42:05] ✅ 解析成功 - https://raw.githubusercontent.com/chat263/tvjson/45dbc00aebda1642a95c20be2b5a0bda61a60e78/m.json - 作者: chat263, 更新时间: unknown, 大小: 0.0 KB
[2025-12-05 01:42:05] ✅ 解析成功 - https://raw.githubusercontent.com/cc638/tvbox/e94fcace1eee9a40ef00a356d2c70e0ff293d62d/%E8%A7%86%E9%A2%91%E6%BA%90.json - 作者: cc638, 更新时间: unknown, 大小: 0.0 KB
[2025-12-05 01:42:06] ✅ 解析成功 - https://raw.githubusercontent.com/talefou/static/e11ad37a2275361159c20daba3c05dce14482857/tv/config.json - 作者: talefou, 更新时间: unknown, 大小: 0.0 KB
[2025-12-05 01:42:06] ✅ 解析成功 - https://raw.githubusercontent.com/lovevampplus/cfdata/1d882b4e5b1f537f3e82b1a780c1d57088cb887f/96.json - 作者: lovevampplus, 更新时间: unknown, 大小: 0.0 KB
[2025-12-05 01:42:06] ✅ 解析成功 - https://raw.githubusercontent.com/iphoneten/CNTV/77a30bc772c40da92aa73c207ca843ca59410545/config.json - 作者: iphoneten, 更新时间: unknown, 大小: 0.0 KB
[2025-12-05 01:42:06] ✅ 解析成功 - https://raw.githubusercontent.com/hafrey1/LunaTV-config/2a54b1b7a300a81c7729496b1143733f667ca5a7/jin18.json - 作者: hafrey1, 更新时间: unknown, 大小: 0.0 KB
[2025-12-05 01:42:06] ✅ 解析成功 - https://raw.githubusercontent.com/viacooky/tv-box-sub/3f7188cb5f0b65903fb0bc5dc94b2128e8e6f021/1.json - 作者: viacooky, 更新时间: unknown, 大小: 0.0 KB
[2025-12-05 01:42:06] ✅ 解析成功 - https://raw.githubusercontent.com/SCXSVIP/TV/e7bc32117505d2bda3b31ade3dc96114c6ce623c/MoonTV/MoonTV-xs.json - 作者: SCXSVIP, 更新时间: unknown, 大小: 0.0 KB
[2025-12-05 01:42:06] ✅ 解析成功 - https://raw.githubusercontent.com/adminlove520/Source-Collector/eb8cd8f5f7960600c8d3af01245b64029c6421e1/configplus_isadult.json - 作者: adminlove520, 更新时间: unknown, 大小: 0.0 KB
[2025-12-05 01:42:06] ✅ 解析成功 - https://raw.githubusercontent.com/yjh800307/yjh800307.github.io/4b825da4ab5059eae4f36ffc59877d0b5a76ea63/moontv.json - 作者: yjh800307, 更新时间: unknown, 大小: 0.0 KB
[2025-12-05 01:42:06] ✅ 解析成功 - https://raw.githubusercontent.com/wokaotianshi123/wokaotianshi123.github.io/6cb85c04deb49117c7ccb0bf200b12e6a2eda1c7/luna20251027.json - 作者: wokaotianshi123, 更新时间: unknown, 大小: 0.0 KB
[2025-12-05 01:42:07] ✅ 解析成功 - https://raw.githubusercontent.com/PAICNI/Videos_PLUS/b51ff1521a1e77f17ad538ccfd3c100cc42e0663/MoonTV%E8%A7%86%E9%A2%91%E6%BA%90Plus%E7%89%88.json - 作者: PAICNI, 更新时间: unknown, 大小: 0.0 KB
[2025-12-05 01:42:07] ✅ 解析成功 - https://raw.githubusercontent.com/hjdhnx/drpy-node/0bf8c0cf53da0134c4a2f20e5e8295353760e39d/scripts/mjs/moontv.json - 作者: hjdhnx, 更新时间: unknown, 大小: 0.0 KB
[2025-12-05 01:42:07] ✅ 解析成功 - https://raw.githubusercontent.com/hafrey1/LunaTV-config/2a54b1b7a300a81c7729496b1143733f667ca5a7/jingjian.json - 作者: hafrey1, 更新时间: unknown, 大小: 0.0 KB
[2025-12-05 01:42:07] ✅ 解析成功 - https://raw.githubusercontent.com/lovevampplus/cfdata/1d882b4e5b1f537f3e82b1a780c1d57088cb887f/moontv-config.json - 作者: lovevampplus, 更新时间: unknown, 大小: 0.0 KB
[2025-12-06 01:28:09] ✅ 解析成功 - https://raw.githubusercontent.com/katelya77/KatelyaTV/fc78bb11c026285d1b66e841b227e6171574956c/config.json - 作者: katelya77, 更新时间: unknown, 大小: 0.0 KB
[2025-12-06 01:28:10] ✅ 解析成功 - https://raw.githubusercontent.com/gxnas/TvBox/4153c4225579d480bb5dbba12619ce6e70df8acb/LunaTV.json - 作者: gxnas, 更新时间: unknown, 大小: 0.0 KB
[2025-12-06 01:28:10] ✅ 解析成功 - https://raw.githubusercontent.com/hafrey1/LunaTV-config/9eb0d5a17690f7caff169b46093db0f602932cd6/LunaTV-config.json - 作者: hafrey1, 更新时间: unknown, 大小: 0.0 KB
[2025-12-06 01:28:10] ✅ 解析成功 - https://raw.githubusercontent.com/Stardm0/MoonTV/58dbfe980bedcc40070ea305be2fe3868aaed28a/config.json - 作者: Stardm0, 更新时间: unknown, 大小: 0.0 KB
[2025-12-06 01:28:10] ✅ 解析成功 - https://raw.githubusercontent.com/wokaotianshi123/wokaotianshi123.github.io/6cb85c04deb49117c7ccb0bf200b12e6a2eda1c7/moontv/config_2025-09-23.json - 作者: wokaotianshi123, 更新时间: unknown, 大小: 0.0 KB
[2025-12-06 01:28:10] ✅ 解析成功 - https://raw.githubusercontent.com/Jonney111/jonney_clash/7277685840b1cbedbc2b55377acc81adff1d5745/moontv.json - 作者: Jonney111, 更新时间: unknown, 大小: 0.0 KB
[2025-12-06 01:28:10] ✅ 解析成功 - https://raw.githubusercontent.com/Mikephie/Script/7fd266195cecb31aa8ce2ab90b4e8a542aedce02/config-3.json - 作者: Mikephie, 更新时间: unknown, 大小: 0.0 KB
[2025-12-06 01:28:11] ✅ 解析成功 - https://raw.githubusercontent.com/viacooky/tv-box-sub/3f7188cb5f0b65903fb0bc5dc94b2128e8e6f021/2.json - 作者: viacooky, 更新时间: unknown, 大小: 0.0 KB
[2025-12-06 01:28:11] ✅ 解析成功 - https://raw.githubusercontent.com/adminlove520/Source-Collector/eb8cd8f5f7960600c8d3af01245b64029c6421e1/config_isadult.json - 作者: adminlove520, 更新时间: unknown, 大小: 0.0 KB
[2025-12-06 01:28:11] ✅ 解析成功 - https://raw.githubusercontent.com/PAICNI/Videos_PLUS/b51ff1521a1e77f17ad538ccfd3c100cc42e0663/MoonTV%E8%A7%86%E9%A2%91%E6%BA%90Plus%E7%89%88.json - 作者: PAICNI, 更新时间: unknown, 大小: 0.0 KB
[2025-12-06 01:28:11] ✅ 解析成功 - https://raw.githubusercontent.com/hafrey1/LunaTV-config/9eb0d5a17690f7caff169b46093db0f602932cd6/jin18.json - 作者: hafrey1, 更新时间: unknown, 大小: 0.0 KB
[2025-12-06 01:28:11] ✅ 解析成功 - https://raw.githubusercontent.com/616310/LunaTV-proxy/1fabffc2ca099a42ba0227c4d8a71dc264bc5c47/config/default-config.json - 作者: 616310, 更新时间: unknown, 大小: 0.0 KB
[2025-12-06 01:28:11] ✅ 解析成功 - https://raw.githubusercontent.com/samqin123/MoonTV/c0bba763d16fb5cd830a808d58329025337491cf/config.json - 作者: samqin123, 更新时间: unknown, 大小: 0.0 KB
[2025-12-06 01:28:12] ✅ 解析成功 - https://raw.githubusercontent.com/sk3879921/tvjson/3e5394dfbc292321326e218e7bc303716f3f5336/q.json - 作者: sk3879921, 更新时间: unknown, 大小: 0.0 KB
[2025-12-06 01:28:12] ✅ 解析成功 - https://raw.githubusercontent.com/kimballic/IPTV2/2ccf529d9877ad4d7cf48f54a67c6b462979abe4/deepseek_json_20250822_55f9da.json - 作者: kimballic, 更新时间: unknown, 大小: 0.0 KB
[2025-12-06 01:28:12] ✅ 解析成功 - https://raw.githubusercontent.com/yjh800307/yjh800307.github.io/4b825da4ab5059eae4f36ffc59877d0b5a76ea63/moontv.json - 作者: yjh800307, 更新时间: unknown, 大小: 0.0 KB
[2025-12-06 01:28:12] ✅ 解析成功 - https://raw.githubusercontent.com/webshellren/XMoonTV/ef052045a4f7a3a10c5907da4d30e3a90984b03b/config.json - 作者: webshellren, 更新时间: unknown, 大小: 0.0 KB
[2025-12-06 01:28:12] ✅ 解析成功 - https://raw.githubusercontent.com/wokaotianshi123/wokaotianshi123.github.io/6cb85c04deb49117c7ccb0bf200b12e6a2eda1c7/luna20251027.json - 作者: wokaotianshi123, 更新时间: unknown, 大小: 0.0 KB
[2025-12-06 01:28:13] ✅ 解析成功 - https://raw.githubusercontent.com/lovevampplus/cfdata/1d882b4e5b1f537f3e82b1a780c1d57088cb887f/moontv-config.json - 作者: lovevampplus, 更新时间: unknown, 大小: 0.0 KB
[2025-12-06 01:28:13] ✅ 解析成功 - https://raw.githubusercontent.com/iphoneten/CNTV/77a30bc772c40da92aa73c207ca843ca59410545/config_backup.json - 作者: iphoneten, 更新时间: unknown, 大小: 0.0 KB
[2025-12-06 01:28:13] ✅ 解析成功 - https://raw.githubusercontent.com/hanzhenya/hzyiptv/00923a1043db8e531f730912d565eb8619b5675f/config(%E8%80%81).json - 作者: hanzhenya, 更新时间: unknown, 大小: 0.0 KB
[2025-12-06 01:28:13] ✅ 解析成功 - https://raw.githubusercontent.com/gxnas/TvBox/4153c4225579d480bb5dbba12619ce6e70df8acb/20250823.json - 作者: gxnas, 更新时间: unknown, 大小: 0.0 KB
[2025-12-06 01:28:13] ✅ 解析成功 - https://raw.githubusercontent.com/cc638/tvbox/e94fcace1eee9a40ef00a356d2c70e0ff293d62d/%E8%A7%86%E9%A2%91%E6%BA%90.json - 作者: cc638, 更新时间: unknown, 大小: 0.0 KB
[2025-12-06 01:28:13] ✅ 解析成功 - https://raw.githubusercontent.com/Nesciasnenion/helloworld/cbaa34b8af6af1d1efedfa2230fe41ba1e1996da/moontv-config-all.json - 作者: Nesciasnenion, 更新时间: unknown, 大小: 0.0 KB
[2025-12-06 01:28:14] ✅ 解析成功 - https://raw.githubusercontent.com/viacooky/tv-box-sub/3f7188cb5f0b65903fb0bc5dc94b2128e8e6f021/1.json - 作者: viacooky, 更新时间: unknown, 大小: 0.0 KB
[2025-12-06 01:28:14] ✅ 解析成功 - https://raw.githubusercontent.com/hjdhnx/drpy-node/0bf8c0cf53da0134c4a2f20e5e8295353760e39d/scripts/mjs/moontv.json - 作者: hjdhnx, 更新时间: unknown, 大小: 0.0 KB
[2025-12-06 01:28:14] ✅ 解析成功 - https://raw.githubusercontent.com/oooopera/moontv_config/530aeb92b5c52f3b3004875bcaf2a7e789692248/input.json - 作者: oooopera, 更新时间: unknown, 大小: 0.0 KB
[2025-12-06 01:28:14] ✅ 解析成功 - https://raw.githubusercontent.com/kpsmail/new/cdfb9871f929c9875c01bb70d2dfe55f660fea7f/config.json - 作者: kpsmail, 更新时间: unknown, 大小: 0.0 KB
[2025-12-06 01:28:14] ✅ 解析成功 - https://raw.githubusercontent.com/moli-xia/MoonTV-app/aea64cc2504b56ea05e23fc2af49c7ed5a305dea/config.json - 作者: moli-xia, 更新时间: unknown, 大小: 0.0 KB
[2025-12-06 01:28:14] ✅ 解析成功 - https://raw.githubusercontent.com/chat263/tvjson/45dbc00aebda1642a95c20be2b5a0bda61a60e78/m.json - 作者: chat263, 更新时间: unknown, 大小: 0.0 KB
[2025-12-07 01:49:21] ✅ 解析成功 - https://raw.githubusercontent.com/katelya77/KatelyaTV/fc78bb11c026285d1b66e841b227e6171574956c/config.json - 作者: katelya77, 更新时间: unknown, 大小: 0.0 KB
[2025-12-07 01:49:21] ✅ 解析成功 - https://raw.githubusercontent.com/gxnas/TvBox/4153c4225579d480bb5dbba12619ce6e70df8acb/LunaTV.json - 作者: gxnas, 更新时间: unknown, 大小: 0.0 KB
[2025-12-07 01:49:21] ✅ 解析成功 - https://raw.githubusercontent.com/hafrey1/LunaTV-config/cada3f3eaf4b62b7feaff783cf5a58558921d149/jingjian.json - 作者: hafrey1, 更新时间: unknown, 大小: 0.0 KB
[2025-12-07 01:49:21] ✅ 解析成功 - https://raw.githubusercontent.com/chat263/tvjson/45dbc00aebda1642a95c20be2b5a0bda61a60e78/m.json - 作者: chat263, 更新时间: unknown, 大小: 0.0 KB
[2025-12-07 01:49:21] ✅ 解析成功 - https://raw.githubusercontent.com/macsur/livetv/3880610be369f43b91f85778d77b86f6688cb013/moontv.json - 作者: macsur, 更新时间: unknown, 大小: 0.0 KB
[2025-12-07 01:49:21] ✅ 解析成功 - https://raw.githubusercontent.com/wokaotianshi123/wokaotianshi123.github.io/6cb85c04deb49117c7ccb0bf200b12e6a2eda1c7/moontv/config_2025-09-23.json - 作者: wokaotianshi123, 更新时间: unknown, 大小: 0.0 KB
[2025-12-07 01:49:21] ✅ 解析成功 - https://raw.githubusercontent.com/webshellren/XMoonTV/ef052045a4f7a3a10c5907da4d30e3a90984b03b/config.json - 作者: webshellren, 更新时间: unknown, 大小: 0.0 KB
[2025-12-07 01:49:21] ✅ 解析成功 - https://raw.githubusercontent.com/lovevampplus/cfdata/1d882b4e5b1f537f3e82b1a780c1d57088cb887f/moontv-config.json - 作者: lovevampplus, 更新时间: unknown, 大小: 0.0 KB
[2025-12-07 01:49:21] ✅ 解析成功 - https://raw.githubusercontent.com/iphoneten/CNTV/77a30bc772c40da92aa73c207ca843ca59410545/config_backup.json - 作者: iphoneten, 更新时间: unknown, 大小: 0.0 KB
[2025-12-07 01:49:22] ✅ 解析成功 - https://raw.githubusercontent.com/sk3879921/tvjson/3e5394dfbc292321326e218e7bc303716f3f5336/q.json - 作者: sk3879921, 更新时间: unknown, 大小: 0.0 KB
[2025-12-07 01:49:22] ✅ 解析成功 - https://raw.githubusercontent.com/samqin123/MoonTV/c0bba763d16fb5cd830a808d58329025337491cf/config.json - 作者: samqin123, 更新时间: unknown, 大小: 0.0 KB
[2025-12-07 01:49:22] ✅ 解析成功 - https://raw.githubusercontent.com/yjh800307/yjh800307.github.io/4b825da4ab5059eae4f36ffc59877d0b5a76ea63/moontv.json - 作者: yjh800307, 更新时间: unknown, 大小: 0.0 KB
[2025-12-07 01:49:22] ✅ 解析成功 - https://raw.githubusercontent.com/kimballic/IPTV2/2ccf529d9877ad4d7cf48f54a67c6b462979abe4/20250823-json.json - 作者: kimballic, 更新时间: unknown, 大小: 0.0 KB
[2025-12-07 01:49:22] ✅ 解析成功 - https://raw.githubusercontent.com/katelya77/KatelyaTV/fc78bb11c026285d1b66e841b227e6171574956c/config.example.json - 作者: katelya77, 更新时间: unknown, 大小: 0.0 KB
[2025-12-07 01:49:22] ✅ 解析成功 - https://raw.githubusercontent.com/oooopera/moontv_config/c39105a776e391439a9c83bc47c0894007d0d460/input.json - 作者: oooopera, 更新时间: unknown, 大小: 0.0 KB
[2025-12-07 01:49:22] ✅ 解析成功 - https://raw.githubusercontent.com/vodtv/api/15888679ca3d279cb43b1a22d90a86fb213f3c87/jin18.json - 作者: vodtv, 更新时间: unknown, 大小: 0.0 KB
[2025-12-07 01:49:22] ✅ 解析成功 - https://raw.githubusercontent.com/xqrock/openfile/75df10457a00a6e5c9458f20122ebe2c5274c83e/config/vod.json - 作者: xqrock, 更新时间: unknown, 大小: 0.0 KB
[2025-12-07 01:49:22] ✅ 解析成功 - https://raw.githubusercontent.com/yenkj/epg/11bf8f2fe2680080898fa4644ac46f25ddf5b30c/config0.json - 作者: yenkj, 更新时间: unknown, 大小: 0.0 KB
[2025-12-07 01:49:22] ✅ 解析成功 - https://raw.githubusercontent.com/hafrey1/LunaTV-config/cada3f3eaf4b62b7feaff783cf5a58558921d149/LunaTV-config.json - 作者: hafrey1, 更新时间: unknown, 大小: 0.0 KB
[2025-12-07 01:49:23] ✅ 解析成功 - https://raw.githubusercontent.com/lyqnihao/m3u8/719c30115e56a42e21ac6d50191d3e3ada5d2330/MoonTV/config.json - 作者: lyqnihao, 更新时间: unknown, 大小: 0.0 KB
[2025-12-07 01:49:23] ✅ 解析成功 - https://raw.githubusercontent.com/talefou/static/e11ad37a2275361159c20daba3c05dce14482857/tv/config.json - 作者: talefou, 更新时间: unknown, 大小: 0.0 KB
[2025-12-07 01:49:23] ✅ 解析成功 - https://raw.githubusercontent.com/hanzhenya/hzyiptv/00923a1043db8e531f730912d565eb8619b5675f/config(%E8%80%81).json - 作者: hanzhenya, 更新时间: unknown, 大小: 0.0 KB
[2025-12-07 01:49:23] ✅ 解析成功 - https://raw.githubusercontent.com/ISQIShI/MyResources/118ecf1d83318523283c63a7e401d97707828756/TV%20Source.json - 作者: ISQIShI, 更新时间: unknown, 大小: 0.0 KB
[2025-12-07 01:49:23] ✅ 解析成功 - https://raw.githubusercontent.com/lovevampplus/cfdata/1d882b4e5b1f537f3e82b1a780c1d57088cb887f/96.json - 作者: lovevampplus, 更新时间: unknown, 大小: 0.0 KB
[2025-12-07 01:49:23] ✅ 解析成功 - https://raw.githubusercontent.com/hjdhnx/drpy-node/0bf8c0cf53da0134c4a2f20e5e8295353760e39d/scripts/mjs/moontv.json - 作者: hjdhnx, 更新时间: unknown, 大小: 0.0 KB
[2025-12-07 01:49:23] ✅ 解析成功 - https://raw.githubusercontent.com/adminlove520/Source-Collector/eb8cd8f5f7960600c8d3af01245b64029c6421e1/config_isadult.json - 作者: adminlove520, 更新时间: unknown, 大小: 0.0 KB
[2025-12-07 01:49:23] ✅ 解析成功 - https://raw.githubusercontent.com/jeffernn/joyflix/7ef1beeba1c6efe7e80a7dd33f28098446659e1b/config.json - 作者: jeffernn, 更新时间: unknown, 大小: 0.0 KB
[2025-12-07 01:49:23] ✅ 解析成功 - https://raw.githubusercontent.com/Mikephie/Script/791f365c134f9bf387dbbc7c1ca2d18b57b23ef2/config-3.json - 作者: Mikephie, 更新时间: unknown, 大小: 0.0 KB
[2025-12-07 01:49:23] ✅ 解析成功 - https://raw.githubusercontent.com/616310/LunaTV-proxy/1fabffc2ca099a42ba0227c4d8a71dc264bc5c47/config/default-config.json - 作者: 616310, 更新时间: unknown, 大小: 0.0 KB
[2025-12-08 01:42:39] ✅ 解析成功 - https://raw.githubusercontent.com/katelya77/KatelyaTV/fc78bb11c026285d1b66e841b227e6171574956c/config.json - 作者: katelya77, 更新时间: unknown, 大小: 0.0 KB
[2025-12-08 01:42:39] ✅ 解析成功 - https://raw.githubusercontent.com/gxnas/TvBox/4153c4225579d480bb5dbba12619ce6e70df8acb/LunaTV.json - 作者: gxnas, 更新时间: unknown, 大小: 0.0 KB
[2025-12-08 01:42:39] ✅ 解析成功 - https://raw.githubusercontent.com/SCXSVIP/TV/e7bc32117505d2bda3b31ade3dc96114c6ce623c/MoonTV/MoonTV-xs.json - 作者: SCXSVIP, 更新时间: unknown, 大小: 0.0 KB
[2025-12-08 01:42:39] ✅ 解析成功 - https://raw.githubusercontent.com/chat263/tvjson/45dbc00aebda1642a95c20be2b5a0bda61a60e78/m.json - 作者: chat263, 更新时间: unknown, 大小: 0.0 KB
[2025-12-08 01:42:39] ✅ 解析成功 - https://raw.githubusercontent.com/macsur/livetv/3880610be369f43b91f85778d77b86f6688cb013/moontv.json - 作者: macsur, 更新时间: unknown, 大小: 0.0 KB
[2025-12-08 01:42:40] ✅ 解析成功 - https://raw.githubusercontent.com/hafrey1/LunaTV-config/4728a470c39c394f00cc986b68238051a9a87171/jingjian.json - 作者: hafrey1, 更新时间: unknown, 大小: 0.0 KB
[2025-12-08 01:42:40] ✅ 解析成功 - https://raw.githubusercontent.com/hanzhenya/hzyiptv/00923a1043db8e531f730912d565eb8619b5675f/config(%E8%80%81).json - 作者: hanzhenya, 更新时间: unknown, 大小: 0.0 KB
[2025-12-08 01:42:40] ✅ 解析成功 - https://raw.githubusercontent.com/PAICNI/Videos_PLUS/b51ff1521a1e77f17ad538ccfd3c100cc42e0663/MoonTV%E8%A7%86%E9%A2%91%E6%BA%90Plus%E7%89%88.json - 作者: PAICNI, 更新时间: unknown, 大小: 0.0 KB
[2025-12-08 01:42:40] ✅ 解析成功 - https://raw.githubusercontent.com/xqrock/openfile/75df10457a00a6e5c9458f20122ebe2c5274c83e/config/vod.json - 作者: xqrock, 更新时间: unknown, 大小: 0.0 KB
[2025-12-08 01:42:40] ✅ 解析成功 - https://raw.githubusercontent.com/616310/LunaTV-proxy/0999a1451a3f8de14d779c94e6dd8c6fbb3e50dd/config/default-config.json - 作者: 616310, 更新时间: unknown, 大小: 0.0 KB
[2025-12-08 01:42:40] ✅ 解析成功 - https://raw.githubusercontent.com/lovevampplus/cfdata/1d882b4e5b1f537f3e82b1a780c1d57088cb887f/moontv-config.json - 作者: lovevampplus, 更新时间: unknown, 大小: 0.0 KB
[2025-12-08 01:42:40] ✅ 解析成功 - https://raw.githubusercontent.com/vodtv/api/e3f479c93101bf9232414a852e79255eec0ba082/LunaTV-config.json - 作者: vodtv, 更新时间: unknown, 大小: 0.0 KB
[2025-12-08 01:42:41] ✅ 解析成功 - https://raw.githubusercontent.com/webshellren/XMoonTV/ef052045a4f7a3a10c5907da4d30e3a90984b03b/config.json - 作者: webshellren, 更新时间: unknown, 大小: 0.0 KB
[2025-12-08 01:42:41] ✅ 解析成功 - https://raw.githubusercontent.com/gmep/tv9/6127c457056ccc27ccd8a1db84d5f8bc5c4cd6cc/config.json - 作者: gmep, 更新时间: unknown, 大小: 0.0 KB
[2025-12-08 01:42:41] ✅ 解析成功 - https://raw.githubusercontent.com/Nesciasnenion/helloworld/cbaa34b8af6af1d1efedfa2230fe41ba1e1996da/moontv-config-all.json - 作者: Nesciasnenion, 更新时间: unknown, 大小: 0.0 KB
[2025-12-08 01:42:41] ✅ 解析成功 - https://raw.githubusercontent.com/oooopera/moontv_config/594af25a697ccb736e583da2ff6fc49a20600ad1/input.json - 作者: oooopera, 更新时间: unknown, 大小: 0.0 KB
[2025-12-08 01:42:41] ✅ 解析成功 - https://raw.githubusercontent.com/huangxinyueus/dby/0b4dfdaf0b28266b9c01c82be4b09439af9ac900/DG/TV/TV.json - 作者: huangxinyueus, 更新时间: unknown, 大小: 0.0 KB
[2025-12-08 01:42:41] ✅ 解析成功 - https://raw.githubusercontent.com/hjdhnx/drpy-node/c55184f9a35bf58591d96e874bc4e3e6d9a3f14b/scripts/mjs/moontv.json - 作者: hjdhnx, 更新时间: unknown, 大小: 0.0 KB
[2025-12-08 01:42:41] ✅ 解析成功 - https://raw.githubusercontent.com/adminlove520/Source-Collector/eb8cd8f5f7960600c8d3af01245b64029c6421e1/configplus_isadult.json - 作者: adminlove520, 更新时间: unknown, 大小: 0.0 KB
[2025-12-08 01:42:41] ✅ 解析成功 - https://raw.githubusercontent.com/iphoneten/CNTV/77a30bc772c40da92aa73c207ca843ca59410545/config_backup.json - 作者: iphoneten, 更新时间: unknown, 大小: 0.0 KB
[2025-12-08 01:42:41] ✅ 解析成功 - https://raw.githubusercontent.com/viacooky/tv-box-sub/3f7188cb5f0b65903fb0bc5dc94b2128e8e6f021/1.json - 作者: viacooky, 更新时间: unknown, 大小: 0.0 KB
[2025-12-08 01:42:42] ✅ 解析成功 - https://raw.githubusercontent.com/wokaotianshi123/jgcj/6a55768b49d6e3fe2ca9b6edf12c471b170acf16/libretv.json - 作者: wokaotianshi123, 更新时间: unknown, 大小: 0.0 KB
[2025-12-08 01:42:42] ✅ 解析成功 - https://raw.githubusercontent.com/katelya77/KatelyaTV/fc78bb11c026285d1b66e841b227e6171574956c/config.example.json - 作者: katelya77, 更新时间: unknown, 大小: 0.0 KB
[2025-12-08 01:42:42] ✅ 解析成功 - https://raw.githubusercontent.com/SeqCrafter/MyStaticFile/bcf26cd0a34c6ebff4a4bf6a1b355e72ea71431c/MoonTV/config.json - 作者: SeqCrafter, 更新时间: unknown, 大小: 0.0 KB
[2025-12-08 01:42:42] ✅ 解析成功 - https://raw.githubusercontent.com/wokaotianshi123/wokaotianshi123.github.io/6cb85c04deb49117c7ccb0bf200b12e6a2eda1c7/moontv/config_2025-09-23.json - 作者: wokaotianshi123, 更新时间: unknown, 大小: 0.0 KB
[2025-12-08 01:42:42] ✅ 解析成功 - https://raw.githubusercontent.com/kimballic/IPTV2/2ccf529d9877ad4d7cf48f54a67c6b462979abe4/deepseek_json_20250822_55f9da.json - 作者: kimballic, 更新时间: unknown, 大小: 0.0 KB
[2025-12-08 01:42:42] ✅ 解析成功 - https://raw.githubusercontent.com/ISQIShI/MyResources/118ecf1d83318523283c63a7e401d97707828756/TV%20Source.json - 作者: ISQIShI, 更新时间: unknown, 大小: 0.0 KB
[2025-12-08 01:42:42] ✅ 解析成功 - https://raw.githubusercontent.com/mhq1389/lsegou/7cbbee54537334e668dd678fd8a8ef5efe6e0957/config.json - 作者: mhq1389, 更新时间: unknown, 大小: 0.0 KB
[2025-12-08 01:42:42] ✅ 解析成功 - https://raw.githubusercontent.com/hafrey1/LunaTV-config/4728a470c39c394f00cc986b68238051a9a87171/LunaTV-config.json - 作者: hafrey1, 更新时间: unknown, 大小: 0.0 KB
[2025-12-09 01:41:28] ✅ 解析成功 - https://raw.githubusercontent.com/katelya77/KatelyaTV/fc78bb11c026285d1b66e841b227e6171574956c/config.json - 作者: katelya77, 更新时间: unknown, 大小: 0.0 KB
[2025-12-09 01:41:29] ✅ 解析成功 - https://raw.githubusercontent.com/gxnas/TvBox/4153c4225579d480bb5dbba12619ce6e70df8acb/LunaTV.json - 作者: gxnas, 更新时间: unknown, 大小: 0.0 KB
[2025-12-09 01:41:29] ✅ 解析成功 - https://raw.githubusercontent.com/SCXSVIP/TV/e7bc32117505d2bda3b31ade3dc96114c6ce623c/MoonTV/MoonTV-xs.json - 作者: SCXSVIP, 更新时间: unknown, 大小: 0.0 KB
[2025-12-09 01:41:29] ✅ 解析成功 - https://raw.githubusercontent.com/ISQIShI/MyResources/118ecf1d83318523283c63a7e401d97707828756/TV%20Source.json - 作者: ISQIShI, 更新时间: unknown, 大小: 0.0 KB
[2025-12-09 01:41:29] ✅ 解析成功 - https://raw.githubusercontent.com/macsur/livetv/3880610be369f43b91f85778d77b86f6688cb013/moontv.json - 作者: macsur, 更新时间: unknown, 大小: 0.0 KB
[2025-12-09 01:41:29] ✅ 解析成功 - https://raw.githubusercontent.com/wokaotianshi123/wokaotianshi123.github.io/6cb85c04deb49117c7ccb0bf200b12e6a2eda1c7/moontv/config_2025-09-23.json - 作者: wokaotianshi123, 更新时间: unknown, 大小: 0.0 KB
[2025-12-09 01:41:29] ✅ 解析成功 - https://raw.githubusercontent.com/kimballic/IPTV2/2ccf529d9877ad4d7cf48f54a67c6b462979abe4/deepseek_json_20250822_55f9da.json - 作者: kimballic, 更新时间: unknown, 大小: 0.0 KB
[2025-12-09 01:41:29] ✅ 解析成功 - https://raw.githubusercontent.com/lovevampplus/cfdata/1d882b4e5b1f537f3e82b1a780c1d57088cb887f/moontv-config.json - 作者: lovevampplus, 更新时间: unknown, 大小: 0.0 KB
[2025-12-09 01:41:29] ✅ 解析成功 - https://raw.githubusercontent.com/chat263/tvjson/45dbc00aebda1642a95c20be2b5a0bda61a60e78/m.json - 作者: chat263, 更新时间: unknown, 大小: 0.0 KB
[2025-12-09 01:41:29] ✅ 解析成功 - https://raw.githubusercontent.com/wokaotianshi123/jgcj/6a55768b49d6e3fe2ca9b6edf12c471b170acf16/libretv.json - 作者: wokaotianshi123, 更新时间: unknown, 大小: 0.0 KB
[2025-12-09 01:41:29] ✅ 解析成功 - https://raw.githubusercontent.com/yutian81/data-source/97c13655052a73d5f455801eed3d366b97acf3ce/OrionTV/config.json - 作者: yutian81, 更新时间: unknown, 大小: 0.0 KB
[2025-12-09 01:41:30] ✅ 解析成功 - https://raw.githubusercontent.com/iphoneten/CNTV/77a30bc772c40da92aa73c207ca843ca59410545/config_backup.json - 作者: iphoneten, 更新时间: unknown, 大小: 0.0 KB
[2025-12-09 01:41:30] ✅ 解析成功 - https://raw.githubusercontent.com/vodtv/api/ab4192c85cb253294af5c636e830ffe552dc042a/jin18.json - 作者: vodtv, 更新时间: unknown, 大小: 0.0 KB
[2025-12-09 01:41:30] ✅ 解析成功 - https://raw.githubusercontent.com/kimballic/IPTV2/2ccf529d9877ad4d7cf48f54a67c6b462979abe4/20250823-json.json - 作者: kimballic, 更新时间: unknown, 大小: 0.0 KB
[2025-12-09 01:41:30] ✅ 解析成功 - https://raw.githubusercontent.com/katelya77/KatelyaTV/fc78bb11c026285d1b66e841b227e6171574956c/config.example.json - 作者: katelya77, 更新时间: unknown, 大小: 0.0 KB
[2025-12-09 01:41:30] ✅ 解析成功 - https://raw.githubusercontent.com/hafrey1/LunaTV-config/6458cf3b3bf21a91079bc0270e5d5970e7c72337/jingjian.json - 作者: hafrey1, 更新时间: unknown, 大小: 0.0 KB
[2025-12-09 01:41:30] ✅ 解析成功 - https://raw.githubusercontent.com/kpsmail/new/cdfb9871f929c9875c01bb70d2dfe55f660fea7f/config.json - 作者: kpsmail, 更新时间: unknown, 大小: 0.0 KB
[2025-12-09 01:41:30] ✅ 解析成功 - https://raw.githubusercontent.com/xqrock/openfile/75df10457a00a6e5c9458f20122ebe2c5274c83e/config/vod.json - 作者: xqrock, 更新时间: unknown, 大小: 0.0 KB
[2025-12-09 01:41:30] ✅ 解析成功 - https://raw.githubusercontent.com/viacooky/tv-box-sub/3f7188cb5f0b65903fb0bc5dc94b2128e8e6f021/1.json - 作者: viacooky, 更新时间: unknown, 大小: 0.0 KB
[2025-12-09 01:41:30] ✅ 解析成功 - https://raw.githubusercontent.com/lyqnihao/m3u8/719c30115e56a42e21ac6d50191d3e3ada5d2330/MoonTV/config.json - 作者: lyqnihao, 更新时间: unknown, 大小: 0.0 KB
[2025-12-09 01:41:30] ✅ 解析成功 - https://raw.githubusercontent.com/adminlove520/Source-Collector/eb8cd8f5f7960600c8d3af01245b64029c6421e1/configplus_isadult.json - 作者: adminlove520, 更新时间: unknown, 大小: 0.0 KB
[2025-12-09 01:41:31] ✅ 解析成功 - https://raw.githubusercontent.com/hanzhenya/hzyiptv/00923a1043db8e531f730912d565eb8619b5675f/config(%E8%80%81).json - 作者: hanzhenya, 更新时间: unknown, 大小: 0.0 KB
[2025-12-09 01:41:31] ✅ 解析成功 - https://raw.githubusercontent.com/PAICNI/Videos_PLUS/b51ff1521a1e77f17ad538ccfd3c100cc42e0663/MoonTV%E8%A7%86%E9%A2%91%E6%BA%90Plus%E7%89%88.json - 作者: PAICNI, 更新时间: unknown, 大小: 0.0 KB
[2025-12-09 01:41:31] ✅ 解析成功 - https://raw.githubusercontent.com/Mikephie/Script/43e4e7d0dab7c69ce6149fbb42a53762750cd33c/config-3.json - 作者: Mikephie, 更新时间: unknown, 大小: 0.0 KB
[2025-12-09 01:41:31] ✅ 解析成功 - https://raw.githubusercontent.com/adminlove520/Source-Collector/eb8cd8f5f7960600c8d3af01245b64029c6421e1/config_isadult.json - 作者: adminlove520, 更新时间: unknown, 大小: 0.0 KB
[2025-12-09 01:41:31] ✅ 解析成功 - https://raw.githubusercontent.com/oooopera/moontv_config/6a8d9bdd88f25168212f61cebbab67abfc2a9e52/input.json - 作者: oooopera, 更新时间: unknown, 大小: 0.0 KB
[2025-12-09 01:41:31] ✅ 解析成功 - https://raw.githubusercontent.com/hafrey1/LunaTV-config/6458cf3b3bf21a91079bc0270e5d5970e7c72337/LunaTV-config.json - 作者: hafrey1, 更新时间: unknown, 大小: 0.0 KB
[2025-12-09 01:41:31] ✅ 解析成功 - https://raw.githubusercontent.com/Mikephie/Script/43e4e7d0dab7c69ce6149fbb42a53762750cd33c/config-2.json - 作者: Mikephie, 更新时间: unknown, 大小: 0.0 KB
[2025-12-09 01:41:31] ✅ 解析成功 - https://raw.githubusercontent.com/yenkj/epg/653bbd74b6b0fd2ebc13ede5ea0fdc274dc3fd10/config0.json - 作者: yenkj, 更新时间: unknown, 大小: 0.0 KB
[2025-12-09 01:41:31] ✅ 解析成功 - https://raw.githubusercontent.com/cc638/tvbox/5cc30ba06c8bd2ae7aabc4e0c10fb89c99ddcc02/%E8%A7%86%E9%A2%91%E6%BA%90.json - 作者: cc638, 更新时间: unknown, 大小: 0.0 KB
[2025-12-10 01:43:53] ✅ 解析成功 - https://raw.githubusercontent.com/katelya77/KatelyaTV/fc78bb11c026285d1b66e841b227e6171574956c/config.json - 作者: katelya77, 更新时间: unknown, 大小: 0.0 KB
[2025-12-10 01:43:53] ✅ 解析成功 - https://raw.githubusercontent.com/gxnas/TvBox/4153c4225579d480bb5dbba12619ce6e70df8acb/LunaTV.json - 作者: gxnas, 更新时间: unknown, 大小: 0.0 KB
[2025-12-10 01:43:53] ✅ 解析成功 - https://raw.githubusercontent.com/hafrey1/LunaTV-config/dcefe07f8ade83c8a3dad342fb53f2b5c07ec696/LunaTV-config.json - 作者: hafrey1, 更新时间: unknown, 大小: 0.0 KB
[2025-12-10 01:43:53] ✅ 解析成功 - https://raw.githubusercontent.com/ISQIShI/MyResources/118ecf1d83318523283c63a7e401d97707828756/TV%20Source.json - 作者: ISQIShI, 更新时间: unknown, 大小: 0.0 KB
[2025-12-10 01:43:53] ✅ 解析成功 - https://raw.githubusercontent.com/macsur/livetv/3880610be369f43b91f85778d77b86f6688cb013/moontv.json - 作者: macsur, 更新时间: unknown, 大小: 0.0 KB
[2025-12-10 01:43:54] ✅ 解析成功 - https://raw.githubusercontent.com/wokaotianshi123/wokaotianshi123.github.io/6cb85c04deb49117c7ccb0bf200b12e6a2eda1c7/moontv/config_2025-09-23.json - 作者: wokaotianshi123, 更新时间: unknown, 大小: 0.0 KB
[2025-12-10 01:43:54] ✅ 解析成功 - https://raw.githubusercontent.com/PAICNI/Videos_PLUS/b51ff1521a1e77f17ad538ccfd3c100cc42e0663/MoonTV%E8%A7%86%E9%A2%91%E6%BA%90Plus%E7%89%88.json - 作者: PAICNI, 更新时间: unknown, 大小: 0.0 KB
[2025-12-10 01:43:54] ✅ 解析成功 - https://raw.githubusercontent.com/Mikephie/Script/5d701d0f71920ce2cfe3a05828e7e8e14057f687/config-3.json - 作者: Mikephie, 更新时间: unknown, 大小: 0.0 KB
[2025-12-10 01:43:54] ✅ 解析成功 - https://raw.githubusercontent.com/jeffernn/joyflix/7ef1beeba1c6efe7e80a7dd33f28098446659e1b/config.json - 作者: jeffernn, 更新时间: unknown, 大小: 0.0 KB
[2025-12-10 01:43:54] ✅ 解析成功 - https://raw.githubusercontent.com/viacooky/tv-box-sub/3f7188cb5f0b65903fb0bc5dc94b2128e8e6f021/2.json - 作者: viacooky, 更新时间: unknown, 大小: 0.0 KB
[2025-12-10 01:43:54] ✅ 解析成功 - https://raw.githubusercontent.com/oooopera/moontv_config/10bf4897d0fd8a314b298548f9ab2e80f06d256d/input.json - 作者: oooopera, 更新时间: unknown, 大小: 0.0 KB
[2025-12-10 01:43:55] ✅ 解析成功 - https://raw.githubusercontent.com/webshellren/XMoonTV/ef052045a4f7a3a10c5907da4d30e3a90984b03b/config.json - 作者: webshellren, 更新时间: unknown, 大小: 0.0 KB
[2025-12-10 01:43:55] ✅ 解析成功 - https://raw.githubusercontent.com/xqrock/openfile/75df10457a00a6e5c9458f20122ebe2c5274c83e/config/vod.json - 作者: xqrock, 更新时间: unknown, 大小: 0.0 KB
[2025-12-10 01:43:55] ✅ 解析成功 - https://raw.githubusercontent.com/samqin123/MoonTV/c0bba763d16fb5cd830a808d58329025337491cf/config.json - 作者: samqin123, 更新时间: unknown, 大小: 0.0 KB
[2025-12-10 01:43:55] ✅ 解析成功 - https://raw.githubusercontent.com/Jonney111/jonney_clash/7277685840b1cbedbc2b55377acc81adff1d5745/moontv.json - 作者: Jonney111, 更新时间: unknown, 大小: 0.0 KB
[2025-12-10 01:43:55] ✅ 解析成功 - https://raw.githubusercontent.com/vodtv/api/86a77579de43b30f96c368557e0b2ddefafb1e91/jin18.json - 作者: vodtv, 更新时间: unknown, 大小: 0.0 KB
[2025-12-10 01:43:55] ✅ 解析成功 - https://raw.githubusercontent.com/wokaotianshi123/wokaotianshi123.github.io/6cb85c04deb49117c7ccb0bf200b12e6a2eda1c7/luna20251027.json - 作者: wokaotianshi123, 更新时间: unknown, 大小: 0.0 KB
[2025-12-10 01:43:56] ✅ 解析成功 - https://raw.githubusercontent.com/SCXSVIP/TV/e7bc32117505d2bda3b31ade3dc96114c6ce623c/MoonTV/MoonTV-xs.json - 作者: SCXSVIP, 更新时间: unknown, 大小: 0.0 KB
[2025-12-10 01:43:56] ✅ 解析成功 - https://raw.githubusercontent.com/hanzhenya/hzyiptv/00923a1043db8e531f730912d565eb8619b5675f/config(%E8%80%81).json - 作者: hanzhenya, 更新时间: unknown, 大小: 0.0 KB
[2025-12-10 01:43:56] ✅ 解析成功 - https://raw.githubusercontent.com/hjdhnx/drpy-node/e036f673fb7a374e1860f1f1d381f4265a055272/scripts/mjs/moontv.json - 作者: hjdhnx, 更新时间: unknown, 大小: 0.0 KB
[2025-12-10 01:43:56] ✅ 解析成功 - https://raw.githubusercontent.com/sk3879921/tvjson/3e5394dfbc292321326e218e7bc303716f3f5336/q.json - 作者: sk3879921, 更新时间: unknown, 大小: 0.0 KB
[2025-12-10 01:43:56] ✅ 解析成功 - https://raw.githubusercontent.com/gmep/tv9/6127c457056ccc27ccd8a1db84d5f8bc5c4cd6cc/config.json - 作者: gmep, 更新时间: unknown, 大小: 0.0 KB
[2025-12-10 01:43:56] ✅ 解析成功 - https://raw.githubusercontent.com/yenkj/epg/b5b008667d015feed88597610c3c9ee3f7b4ce57/config0.json - 作者: yenkj, 更新时间: unknown, 大小: 0.0 KB
[2025-12-10 01:43:57] ✅ 解析成功 - https://raw.githubusercontent.com/oooopera/moontv_config/10bf4897d0fd8a314b298548f9ab2e80f06d256d/config%E5%88%9D%E5%A7%8B.json - 作者: oooopera, 更新时间: unknown, 大小: 0.0 KB
[2025-12-10 01:43:57] ✅ 解析成功 - https://raw.githubusercontent.com/Mikephie/Script/5d701d0f71920ce2cfe3a05828e7e8e14057f687/config-2.json - 作者: Mikephie, 更新时间: unknown, 大小: 0.0 KB
[2025-12-10 01:43:57] ✅ 解析成功 - https://raw.githubusercontent.com/vodtv/api/86a77579de43b30f96c368557e0b2ddefafb1e91/jingjian.json - 作者: vodtv, 更新时间: unknown, 大小: 0.0 KB
[2025-12-10 01:43:57] ✅ 解析成功 - https://raw.githubusercontent.com/adminlove520/Source-Collector/eb8cd8f5f7960600c8d3af01245b64029c6421e1/configplus_isadult.json - 作者: adminlove520, 更新时间: unknown, 大小: 0.0 KB
[2025-12-10 01:43:57] ✅ 解析成功 - https://raw.githubusercontent.com/katelya77/KatelyaTV/fc78bb11c026285d1b66e841b227e6171574956c/config.example.json - 作者: katelya77, 更新时间: unknown, 大小: 0.0 KB
[2025-12-10 01:43:57] ✅ 解析成功 - https://raw.githubusercontent.com/Nesciasnenion/helloworld/cbaa34b8af6af1d1efedfa2230fe41ba1e1996da/moontv-config-all.json - 作者: Nesciasnenion, 更新时间: unknown, 大小: 0.0 KB
[2025-12-10 01:43:57] ✅ 解析成功 - https://raw.githubusercontent.com/mhq1389/lsegou/7cbbee54537334e668dd678fd8a8ef5efe6e0957/config.json - 作者: mhq1389, 更新时间: unknown, 大小: 0.0 KB
[2025-12-11 01:44:31] ✅ 解析成功 - https://raw.githubusercontent.com/katelya77/KatelyaTV/fc78bb11c026285d1b66e841b227e6171574956c/config.json - 作者: katelya77, 更新时间: unknown, 大小: 0.0 KB
[2025-12-11 01:44:31] ✅ 解析成功 - https://raw.githubusercontent.com/gxnas/TvBox/4153c4225579d480bb5dbba12619ce6e70df8acb/LunaTV.json - 作者: gxnas, 更新时间: unknown, 大小: 0.0 KB
[2025-12-11 01:44:31] ✅ 解析成功 - https://raw.githubusercontent.com/hafrey1/LunaTV-config/ea8eabeefd03011fb89213f9f62257518dccf029/LunaTV-config.json - 作者: hafrey1, 更新时间: unknown, 大小: 0.0 KB
[2025-12-11 01:44:31] ✅ 解析成功 - https://raw.githubusercontent.com/ISQIShI/MyResources/118ecf1d83318523283c63a7e401d97707828756/TV%20Source.json - 作者: ISQIShI, 更新时间: unknown, 大小: 0.0 KB
[2025-12-11 01:44:32] ✅ 解析成功 - https://raw.githubusercontent.com/viacooky/tv-box-sub/3f7188cb5f0b65903fb0bc5dc94b2128e8e6f021/2.json - 作者: viacooky, 更新时间: unknown, 大小: 0.0 KB
[2025-12-11 01:44:32] ✅ 解析成功 - https://raw.githubusercontent.com/vodtv/api/25b19764ebcb84fcc2498a918362a51ffa9ffb21/jingjian.json - 作者: vodtv, 更新时间: unknown, 大小: 0.0 KB
[2025-12-11 01:44:32] ✅ 解析成功 - https://raw.githubusercontent.com/PAICNI/Videos_PLUS/b51ff1521a1e77f17ad538ccfd3c100cc42e0663/MoonTV%E8%A7%86%E9%A2%91%E6%BA%90Plus%E7%89%88.json - 作者: PAICNI, 更新时间: unknown, 大小: 0.0 KB
[2025-12-11 01:44:32] ✅ 解析成功 - https://raw.githubusercontent.com/Mikephie/Script/fab9ed4af5d1118d5cfef80bda17cf3c1e3cb1fb/config-3.json - 作者: Mikephie, 更新时间: unknown, 大小: 0.0 KB
[2025-12-11 01:44:32] ✅ 解析成功 - https://raw.githubusercontent.com/hjdhnx/drpy-node/b6e071fc5ec5ad8668f7c612d51306121fa10f7e/scripts/mjs/moontv.json - 作者: hjdhnx, 更新时间: unknown, 大小: 0.0 KB
[2025-12-11 01:44:33] ✅ 解析成功 - https://raw.githubusercontent.com/samqin123/MoonTV/c0bba763d16fb5cd830a808d58329025337491cf/config.json - 作者: samqin123, 更新时间: unknown, 大小: 0.0 KB
[2025-12-11 01:44:33] ✅ 解析成功 - https://raw.githubusercontent.com/lovevampplus/cfdata/1d882b4e5b1f537f3e82b1a780c1d57088cb887f/96.json - 作者: lovevampplus, 更新时间: unknown, 大小: 0.0 KB
[2025-12-11 01:44:33] ✅ 解析成功 - https://raw.githubusercontent.com/xqrock/openfile/75df10457a00a6e5c9458f20122ebe2c5274c83e/config/vod.json - 作者: xqrock, 更新时间: unknown, 大小: 0.0 KB
[2025-12-11 01:44:33] ✅ 解析成功 - https://raw.githubusercontent.com/hanzhenya/hzyiptv/00923a1043db8e531f730912d565eb8619b5675f/config(%E8%80%81).json - 作者: hanzhenya, 更新时间: unknown, 大小: 0.0 KB
[2025-12-11 01:44:33] ✅ 解析成功 - https://raw.githubusercontent.com/cc638/tvbox/2d5881ad9df093f100b0bdbc109cb10f0f922065/%E8%A7%86%E9%A2%91%E6%BA%90.json - 作者: cc638, 更新时间: unknown, 大小: 0.0 KB
[2025-12-11 01:44:34] ✅ 解析成功 - https://raw.githubusercontent.com/chat263/tvjson/45dbc00aebda1642a95c20be2b5a0bda61a60e78/m.json - 作者: chat263, 更新时间: unknown, 大小: 0.0 KB
[2025-12-11 01:44:34] ✅ 解析成功 - https://raw.githubusercontent.com/yutian81/data-source/97c13655052a73d5f455801eed3d366b97acf3ce/OrionTV/config.json - 作者: yutian81, 更新时间: unknown, 大小: 0.0 KB
[2025-12-11 01:44:34] ✅ 解析成功 - https://raw.githubusercontent.com/yangbvv/yangbvv.github.io/b6c9085eb6c379735feba6691ff3e95cbfb66c18/moontv.json - 作者: yangbvv, 更新时间: unknown, 大小: 0.0 KB
[2025-12-11 01:44:34] ✅ 解析成功 - https://raw.githubusercontent.com/oooopera/moontv_config/5ae8007303b23fa95e06e307e55ab56a5f8dadba/config%E5%88%9D%E5%A7%8B.json - 作者: oooopera, 更新时间: unknown, 大小: 0.0 KB
[2025-12-11 01:44:34] ✅ 解析成功 - https://raw.githubusercontent.com/vodtv/api/25b19764ebcb84fcc2498a918362a51ffa9ffb21/LunaTV-config.json - 作者: vodtv, 更新时间: unknown, 大小: 0.0 KB
[2025-12-11 01:44:35] ✅ 解析成功 - https://raw.githubusercontent.com/wokaotianshi123/wokaotianshi123.github.io/6cb85c04deb49117c7ccb0bf200b12e6a2eda1c7/luna20251027.json - 作者: wokaotianshi123, 更新时间: unknown, 大小: 0.0 KB
[2025-12-11 01:44:35] ✅ 解析成功 - https://raw.githubusercontent.com/adminlove520/Source-Collector/eb8cd8f5f7960600c8d3af01245b64029c6421e1/configplus_isadult.json - 作者: adminlove520, 更新时间: unknown, 大小: 0.0 KB
[2025-12-11 01:44:35] ✅ 解析成功 - https://raw.githubusercontent.com/kimballic/IPTV2/2ccf529d9877ad4d7cf48f54a67c6b462979abe4/20250823-json.json - 作者: kimballic, 更新时间: unknown, 大小: 0.0 KB
[2025-12-11 01:44:35] ✅ 解析成功 - https://raw.githubusercontent.com/qianqikun/LunaTV-config/325fffb269a0e7d300ae74c202608311b0753403/jin18.json - 作者: qianqikun, 更新时间: unknown, 大小: 0.0 KB
[2025-12-11 01:44:35] ✅ 解析成功 - https://raw.githubusercontent.com/yjh800307/yjh800307.github.io/4b825da4ab5059eae4f36ffc59877d0b5a76ea63/moontv.json - 作者: yjh800307, 更新时间: unknown, 大小: 0.0 KB
[2025-12-11 01:44:36] ✅ 解析成功 - https://raw.githubusercontent.com/haogege8888/KatelyaTV/e58837e6b5dcc4d7d112e05e1d9bda3e9b3bf992/config.json - 作者: haogege8888, 更新时间: unknown, 大小: 0.0 KB
[2025-12-11 01:44:36] ✅ 解析成功 - https://raw.githubusercontent.com/katelya77/KatelyaTV/fc78bb11c026285d1b66e841b227e6171574956c/config.example.json - 作者: katelya77, 更新时间: unknown, 大小: 0.0 KB
[2025-12-11 01:44:36] ✅ 解析成功 - https://raw.githubusercontent.com/jeffernn/joyflix/7ef1beeba1c6efe7e80a7dd33f28098446659e1b/config.json - 作者: jeffernn, 更新时间: unknown, 大小: 0.0 KB
[2025-12-11 01:44:36] ✅ 解析成功 - https://raw.githubusercontent.com/sk3879921/tvjson/3e5394dfbc292321326e218e7bc303716f3f5336/q.json - 作者: sk3879921, 更新时间: unknown, 大小: 0.0 KB
[2025-12-11 01:44:36] ✅ 解析成功 - https://raw.githubusercontent.com/macsur/livetv/3880610be369f43b91f85778d77b86f6688cb013/moontv.json - 作者: macsur, 更新时间: unknown, 大小: 0.0 KB
[2025-12-11 01:44:37] ✅ 解析成功 - https://raw.githubusercontent.com/xuyuani/moontv/ea3d1065e8bbdfde379700bf74eb634e88915ab2/config.json - 作者: xuyuani, 更新时间: unknown, 大小: 0.0 KB
[2025-12-12 01:43:56] ✅ 解析成功 - https://raw.githubusercontent.com/katelya77/KatelyaTV/fc78bb11c026285d1b66e841b227e6171574956c/config.json - 作者: katelya77, 更新时间: unknown, 大小: 0.0 KB
[2025-12-12 01:43:56] ✅ 解析成功 - https://raw.githubusercontent.com/gxnas/TvBox/4153c4225579d480bb5dbba12619ce6e70df8acb/LunaTV.json - 作者: gxnas, 更新时间: unknown, 大小: 0.0 KB
[2025-12-12 01:43:56] ✅ 解析成功 - https://raw.githubusercontent.com/hafrey1/LunaTV-config/ff01359fad2c1cc708474d0c9515ad7396938071/LunaTV-config.json - 作者: hafrey1, 更新时间: unknown, 大小: 0.0 KB
[2025-12-12 01:43:56] ✅ 解析成功 - https://raw.githubusercontent.com/ISQIShI/MyResources/118ecf1d83318523283c63a7e401d97707828756/TV%20Source.json - 作者: ISQIShI, 更新时间: unknown, 大小: 0.0 KB
[2025-12-12 01:43:56] ✅ 解析成功 - https://raw.githubusercontent.com/macsur/livetv/3880610be369f43b91f85778d77b86f6688cb013/moontv.json - 作者: macsur, 更新时间: unknown, 大小: 0.0 KB
[2025-12-12 01:43:57] ✅ 解析成功 - https://raw.githubusercontent.com/vodtv/api/f081e561be9228d5aee15a3e2b59637ad6b9aefa/jingjian.json - 作者: vodtv, 更新时间: unknown, 大小: 0.0 KB
[2025-12-12 01:43:57] ✅ 解析成功 - https://raw.githubusercontent.com/wokaotianshi123/jgcj/56f8e531665b0d19388892ba56b195a5e3aac68d/libretv.json - 作者: wokaotianshi123, 更新时间: unknown, 大小: 0.0 KB
[2025-12-12 01:43:57] ✅ 解析成功 - https://raw.githubusercontent.com/Mikephie/Script/6a97a39fe4c63214309b977baccc7be4d0e032d1/config-3.json - 作者: Mikephie, 更新时间: unknown, 大小: 0.0 KB
[2025-12-12 01:43:57] ✅ 解析成功 - https://raw.githubusercontent.com/jeffernn/joyflix/7ef1beeba1c6efe7e80a7dd33f28098446659e1b/config.json - 作者: jeffernn, 更新时间: unknown, 大小: 0.0 KB
[2025-12-12 01:43:57] ✅ 解析成功 - https://raw.githubusercontent.com/616310/LunaTV-proxy/ad59d5763f4efd2294301cd96ff9804865ebb65c/config/default-config.json - 作者: 616310, 更新时间: unknown, 大小: 0.0 KB
[2025-12-12 01:43:58] ✅ 解析成功 - https://raw.githubusercontent.com/adminlove520/Source-Collector/eb8cd8f5f7960600c8d3af01245b64029c6421e1/configplus_isadult.json - 作者: adminlove520, 更新时间: unknown, 大小: 0.0 KB
[2025-12-12 01:43:58] ✅ 解析成功 - https://raw.githubusercontent.com/hjdhnx/drpy-node/b6e071fc5ec5ad8668f7c612d51306121fa10f7e/scripts/mjs/moontv.json - 作者: hjdhnx, 更新时间: unknown, 大小: 0.0 KB
[2025-12-12 01:43:58] ✅ 解析成功 - https://raw.githubusercontent.com/lyqnihao/m3u8/719c30115e56a42e21ac6d50191d3e3ada5d2330/MoonTV/config.json - 作者: lyqnihao, 更新时间: unknown, 大小: 0.0 KB
[2025-12-12 01:43:58] ✅ 解析成功 - https://raw.githubusercontent.com/oooopera/moontv_config/225411cf80c112e8285b4570e7922b505190977d/config%E5%88%9D%E5%A7%8B.json - 作者: oooopera, 更新时间: unknown, 大小: 0.0 KB
[2025-12-12 01:43:58] ✅ 解析成功 - https://raw.githubusercontent.com/iphoneten/CNTV/77a30bc772c40da92aa73c207ca843ca59410545/config_backup.json - 作者: iphoneten, 更新时间: unknown, 大小: 0.0 KB
[2025-12-12 01:43:59] ✅ 解析成功 - https://raw.githubusercontent.com/lovevampplus/cfdata/e0aae1511b04b02b5300c5bb85e087bd358a815a/moontv-config.json - 作者: lovevampplus, 更新时间: unknown, 大小: 0.0 KB
[2025-12-12 01:43:59] ✅ 解析成功 - https://raw.githubusercontent.com/Mikephie/Script/6a97a39fe4c63214309b977baccc7be4d0e032d1/config-2.json - 作者: Mikephie, 更新时间: unknown, 大小: 0.0 KB
[2025-12-12 01:43:59] ✅ 解析成功 - https://raw.githubusercontent.com/viacooky/tv-box-sub/3f7188cb5f0b65903fb0bc5dc94b2128e8e6f021/2.json - 作者: viacooky, 更新时间: unknown, 大小: 0.0 KB
[2025-12-12 01:43:59] ✅ 解析成功 - https://raw.githubusercontent.com/zhumengkang/edgeone-moontv/262ce332a93ba34966adb07761e7bfab8faab7bf/config.json - 作者: zhumengkang, 更新时间: unknown, 大小: 0.0 KB
[2025-12-12 01:43:59] ✅ 解析成功 - https://raw.githubusercontent.com/vodtv/api/f081e561be9228d5aee15a3e2b59637ad6b9aefa/jin18.json - 作者: vodtv, 更新时间: unknown, 大小: 0.0 KB
[2025-12-12 01:44:00] ✅ 解析成功 - https://raw.githubusercontent.com/kimballic/IPTV2/2ccf529d9877ad4d7cf48f54a67c6b462979abe4/20250823-json.json - 作者: kimballic, 更新时间: unknown, 大小: 0.0 KB
[2025-12-12 01:44:00] ✅ 解析成功 - https://raw.githubusercontent.com/xqrock/openfile/75df10457a00a6e5c9458f20122ebe2c5274c83e/config/vod.json - 作者: xqrock, 更新时间: unknown, 大小: 0.0 KB
[2025-12-12 01:44:00] ✅ 解析成功 - https://raw.githubusercontent.com/cc638/tvbox/2d5881ad9df093f100b0bdbc109cb10f0f922065/%E8%A7%86%E9%A2%91%E6%BA%90.json - 作者: cc638, 更新时间: unknown, 大小: 0.0 KB
[2025-12-12 01:44:00] ✅ 解析成功 - https://raw.githubusercontent.com/katelya77/KatelyaTV/fc78bb11c026285d1b66e841b227e6171574956c/config.example.json - 作者: katelya77, 更新时间: unknown, 大小: 0.0 KB
[2025-12-12 01:44:00] ✅ 解析成功 - https://raw.githubusercontent.com/PAICNI/Videos_PLUS/b51ff1521a1e77f17ad538ccfd3c100cc42e0663/MoonTV%E8%A7%86%E9%A2%91%E6%BA%90Plus%E7%89%88.json - 作者: PAICNI, 更新时间: unknown, 大小: 0.0 KB
[2025-12-12 01:44:00] ✅ 解析成功 - https://raw.githubusercontent.com/wokaotianshi123/wokaotianshi123.github.io/6cb85c04deb49117c7ccb0bf200b12e6a2eda1c7/moontv/config_2025-09-23.json - 作者: wokaotianshi123, 更新时间: unknown, 大小: 0.0 KB
[2025-12-12 01:44:01] ✅ 解析成功 - https://raw.githubusercontent.com/SCXSVIP/TV/e7bc32117505d2bda3b31ade3dc96114c6ce623c/MoonTV/MoonTV-xs.json - 作者: SCXSVIP, 更新时间: unknown, 大小: 0.0 KB
[2025-12-12 01:44:01] ✅ 解析成功 - https://raw.githubusercontent.com/mhq1389/lsegou/7cbbee54537334e668dd678fd8a8ef5efe6e0957/config.json - 作者: mhq1389, 更新时间: unknown, 大小: 0.0 KB
[2025-12-12 01:44:01] ✅ 解析成功 - https://raw.githubusercontent.com/gmep/tv9/6127c457056ccc27ccd8a1db84d5f8bc5c4cd6cc/config.json - 作者: gmep, 更新时间: unknown, 大小: 0.0 KB
[2025-12-12 01:44:01] ✅ 解析成功 - https://raw.githubusercontent.com/oooopera/moontv_config/225411cf80c112e8285b4570e7922b505190977d/input.json - 作者: oooopera, 更新时间: unknown, 大小: 0.0 KB
[2025-12-13 01:38:31] ✅ 解析成功 - https://raw.githubusercontent.com/katelya77/KatelyaTV/fc78bb11c026285d1b66e841b227e6171574956c/config.json - 作者: katelya77, 更新时间: unknown, 大小: 0.0 KB
[2025-12-13 01:38:31] ✅ 解析成功 - https://raw.githubusercontent.com/gxnas/TvBox/4153c4225579d480bb5dbba12619ce6e70df8acb/LunaTV.json - 作者: gxnas, 更新时间: unknown, 大小: 0.0 KB
[2025-12-13 01:38:31] ✅ 解析成功 - https://raw.githubusercontent.com/hafrey1/LunaTV-config/454a4db80f2faa2c6e996987ee96eda27cf656ce/LunaTV-config.json - 作者: hafrey1, 更新时间: unknown, 大小: 0.0 KB
[2025-12-13 01:38:31] ✅ 解析成功 - https://raw.githubusercontent.com/ISQIShI/MyResources/118ecf1d83318523283c63a7e401d97707828756/TV%20Source.json - 作者: ISQIShI, 更新时间: unknown, 大小: 0.0 KB
[2025-12-13 01:38:31] ✅ 解析成功 - https://raw.githubusercontent.com/macsur/livetv/3880610be369f43b91f85778d77b86f6688cb013/moontv.json - 作者: macsur, 更新时间: unknown, 大小: 0.0 KB
[2025-12-13 01:38:31] ✅ 解析成功 - https://raw.githubusercontent.com/wokaotianshi123/wokaotianshi123.github.io/6cb85c04deb49117c7ccb0bf200b12e6a2eda1c7/moontv/config_2025-09-23.json - 作者: wokaotianshi123, 更新时间: unknown, 大小: 0.0 KB
[2025-12-13 01:38:31] ✅ 解析成功 - https://raw.githubusercontent.com/Mikephie/Script/d6cd771b8e10fe8457e4fd0a9a283fefc99e0fd6/config-3.json - 作者: Mikephie, 更新时间: unknown, 大小: 0.0 KB
[2025-12-13 01:38:31] ✅ 解析成功 - https://raw.githubusercontent.com/wokaotianshi123/jgcj/83bcf681720ce4671c9bdae2c25918653ad669ff/libretv.json - 作者: wokaotianshi123, 更新时间: unknown, 大小: 0.0 KB
[2025-12-13 01:38:31] ✅ 解析成功 - https://raw.githubusercontent.com/jeffernn/joyflix/7ef1beeba1c6efe7e80a7dd33f28098446659e1b/config.json - 作者: jeffernn, 更新时间: unknown, 大小: 0.0 KB
[2025-12-13 01:38:32] ✅ 解析成功 - https://raw.githubusercontent.com/SCXSVIP/TV/e7bc32117505d2bda3b31ade3dc96114c6ce623c/MoonTV/MoonTV-xs.json - 作者: SCXSVIP, 更新时间: unknown, 大小: 0.0 KB
[2025-12-13 01:38:32] ✅ 解析成功 - https://raw.githubusercontent.com/adminlove520/Source-Collector/eb8cd8f5f7960600c8d3af01245b64029c6421e1/configplus_isadult.json - 作者: adminlove520, 更新时间: unknown, 大小: 0.0 KB
[2025-12-13 01:38:32] ✅ 解析成功 - https://raw.githubusercontent.com/vodtv/api/56acecc742e6bbaafe0e1f9019071fa88b7f005c/jin18.json - 作者: vodtv, 更新时间: unknown, 大小: 0.0 KB
[2025-12-13 01:38:32] ✅ 解析成功 - https://raw.githubusercontent.com/xqrock/openfile/75df10457a00a6e5c9458f20122ebe2c5274c83e/config/vod.json - 作者: xqrock, 更新时间: unknown, 大小: 0.0 KB
[2025-12-13 01:38:32] ✅ 解析成功 - https://raw.githubusercontent.com/webshellren/XMoonTV/ef052045a4f7a3a10c5907da4d30e3a90984b03b/config.json - 作者: webshellren, 更新时间: unknown, 大小: 0.0 KB
[2025-12-13 01:38:32] ✅ 解析成功 - https://raw.githubusercontent.com/yenkj/epg/6837410635fe42b89a5be4e657c5b0351d35615c/config0.json - 作者: yenkj, 更新时间: unknown, 大小: 0.0 KB
[2025-12-13 01:38:32] ✅ 解析成功 - https://raw.githubusercontent.com/viacooky/tv-box-sub/3f7188cb5f0b65903fb0bc5dc94b2128e8e6f021/2.json - 作者: viacooky, 更新时间: unknown, 大小: 0.0 KB
[2025-12-13 01:38:32] ✅ 解析成功 - https://raw.githubusercontent.com/oooopera/moontv_config/d941654c7bdbba041d5b8e6cd6db957f1b7aaccd/config%E5%88%9D%E5%A7%8B.json - 作者: oooopera, 更新时间: unknown, 大小: 0.0 KB
[2025-12-13 01:38:32] ✅ 解析成功 - https://raw.githubusercontent.com/lovevampplus/cfdata/e0aae1511b04b02b5300c5bb85e087bd358a815a/96.json - 作者: lovevampplus, 更新时间: unknown, 大小: 0.0 KB
[2025-12-13 01:38:33] ❌ JSON语法错误 - https://raw.githubusercontent.com/hafrey1/MoonTV1.1.1/614f381e5312d9821bd5fe058f9eed9426e96d23/config.json - Expecting value: line 151 column 1 (char 5001)
[2025-12-13 01:38:33] ✅ 解析成功 - https://raw.githubusercontent.com/yangbvv/yangbvv.github.io/b6c9085eb6c379735feba6691ff3e95cbfb66c18/moontv.json - 作者: yangbvv, 更新时间: unknown, 大小: 0.0 KB
[2025-12-13 01:38:33] ✅ 解析成功 - https://raw.githubusercontent.com/iphoneten/CNTV/77a30bc772c40da92aa73c207ca843ca59410545/config_backup.json - 作者: iphoneten, 更新时间: unknown, 大小: 0.0 KB
[2025-12-13 01:38:33] ✅ 解析成功 - https://raw.githubusercontent.com/616310/LunaTV-proxy/ad59d5763f4efd2294301cd96ff9804865ebb65c/config/default-config.json - 作者: 616310, 更新时间: unknown, 大小: 0.0 KB
[2025-12-13 01:38:33] ✅ 解析成功 - https://raw.githubusercontent.com/Mikephie/Script/d6cd771b8e10fe8457e4fd0a9a283fefc99e0fd6/config-2.json - 作者: Mikephie, 更新时间: unknown, 大小: 0.0 KB
[2025-12-13 01:38:33] ✅ 解析成功 - https://raw.githubusercontent.com/kpsmail/new/cdfb9871f929c9875c01bb70d2dfe55f660fea7f/config.json - 作者: kpsmail, 更新时间: unknown, 大小: 0.0 KB
[2025-12-13 01:38:33] ✅ 解析成功 - https://raw.githubusercontent.com/chat263/tvjson/45dbc00aebda1642a95c20be2b5a0bda61a60e78/m.json - 作者: chat263, 更新时间: unknown, 大小: 0.0 KB
[2025-12-13 01:38:33] ✅ 解析成功 - https://raw.githubusercontent.com/katelya77/KatelyaTV/fc78bb11c026285d1b66e841b227e6171574956c/config.example.json - 作者: katelya77, 更新时间: unknown, 大小: 0.0 KB
[2025-12-13 01:38:33] ✅ 解析成功 - https://raw.githubusercontent.com/kimballic/IPTV2/2ccf529d9877ad4d7cf48f54a67c6b462979abe4/20250823-json.json - 作者: kimballic, 更新时间: unknown, 大小: 0.0 KB
[2025-12-13 01:38:34] ✅ 解析成功 - https://raw.githubusercontent.com/qianqikun/LunaTV-config/c43aae2bd0214fbf92dcb50c2ed6b0bcccc68b2b/jingjian.json - 作者: qianqikun, 更新时间: unknown, 大小: 0.0 KB
[2025-12-13 01:38:34] ✅ 解析成功 - https://raw.githubusercontent.com/yutian81/data-source/97c13655052a73d5f455801eed3d366b97acf3ce/OrionTV/config.json - 作者: yutian81, 更新时间: unknown, 大小: 0.0 KB
[2025-12-13 01:38:34] ✅ 解析成功 - https://raw.githubusercontent.com/qianqikun/LunaTV-config/c43aae2bd0214fbf92dcb50c2ed6b0bcccc68b2b/jin18.json - 作者: qianqikun, 更新时间: unknown, 大小: 0.0 KB
[2025-12-14 01:49:56] ✅ 解析成功 - https://raw.githubusercontent.com/katelya77/KatelyaTV/fc78bb11c026285d1b66e841b227e6171574956c/config.json - 作者: katelya77, 更新时间: unknown, 大小: 0.0 KB
[2025-12-14 01:49:56] ✅ 解析成功 - https://raw.githubusercontent.com/gxnas/TvBox/4153c4225579d480bb5dbba12619ce6e70df8acb/LunaTV.json - 作者: gxnas, 更新时间: unknown, 大小: 0.0 KB
[2025-12-14 01:49:57] ✅ 解析成功 - https://raw.githubusercontent.com/hafrey1/LunaTV-config/bb1b2c125c81bddedc23faacce6ea71a6e423546/LunaTV-config.json - 作者: hafrey1, 更新时间: unknown, 大小: 0.0 KB
[2025-12-14 01:49:57] ✅ 解析成功 - https://raw.githubusercontent.com/ISQIShI/MyResources/118ecf1d83318523283c63a7e401d97707828756/TV%20Source.json - 作者: ISQIShI, 更新时间: unknown, 大小: 0.0 KB
[2025-12-14 01:49:57] ✅ 解析成功 - https://raw.githubusercontent.com/macsur/livetv/3880610be369f43b91f85778d77b86f6688cb013/moontv.json - 作者: macsur, 更新时间: unknown, 大小: 0.0 KB
[2025-12-14 01:49:57] ✅ 解析成功 - https://raw.githubusercontent.com/wokaotianshi123/wokaotianshi123.github.io/6cb85c04deb49117c7ccb0bf200b12e6a2eda1c7/moontv/config_2025-09-23.json - 作者: wokaotianshi123, 更新时间: unknown, 大小: 0.0 KB
[2025-12-14 01:49:57] ✅ 解析成功 - https://raw.githubusercontent.com/Mikephie/Script/d10fab04f6936355b9981b3423246030489ce5b0/config-3.json - 作者: Mikephie, 更新时间: unknown, 大小: 0.0 KB
[2025-12-14 01:49:58] ✅ 解析成功 - https://raw.githubusercontent.com/wokaotianshi123/jgcj/83bcf681720ce4671c9bdae2c25918653ad669ff/libretv.json - 作者: wokaotianshi123, 更新时间: unknown, 大小: 0.0 KB
[2025-12-14 01:49:58] ✅ 解析成功 - https://raw.githubusercontent.com/jeffernn/joyflix/7ef1beeba1c6efe7e80a7dd33f28098446659e1b/config.json - 作者: jeffernn, 更新时间: unknown, 大小: 0.0 KB
[2025-12-14 01:49:58] ✅ 解析成功 - https://raw.githubusercontent.com/SCXSVIP/TV/e7bc32117505d2bda3b31ade3dc96114c6ce623c/MoonTV/MoonTV-xs.json - 作者: SCXSVIP, 更新时间: unknown, 大小: 0.0 KB
[2025-12-14 01:49:58] ✅ 解析成功 - https://raw.githubusercontent.com/adminlove520/Source-Collector/eb8cd8f5f7960600c8d3af01245b64029c6421e1/configplus_isadult.json - 作者: adminlove520, 更新时间: unknown, 大小: 0.0 KB
[2025-12-14 01:49:58] ✅ 解析成功 - https://raw.githubusercontent.com/vodtv/api/2bef2412801410389895da6f1a7d712e9d501ba7/jin18.json - 作者: vodtv, 更新时间: unknown, 大小: 0.0 KB
[2025-12-14 01:49:58] ✅ 解析成功 - https://raw.githubusercontent.com/xqrock/openfile/75df10457a00a6e5c9458f20122ebe2c5274c83e/config/vod.json - 作者: xqrock, 更新时间: unknown, 大小: 0.0 KB
[2025-12-14 01:49:59] ✅ 解析成功 - https://raw.githubusercontent.com/webshellren/XMoonTV/ef052045a4f7a3a10c5907da4d30e3a90984b03b/config.json - 作者: webshellren, 更新时间: unknown, 大小: 0.0 KB
[2025-12-14 01:49:59] ✅ 解析成功 - https://raw.githubusercontent.com/yenkj/epg/1335098278027fc7159c22251d619036a16469e9/config0.json - 作者: yenkj, 更新时间: unknown, 大小: 0.0 KB
[2025-12-14 01:49:59] ✅ 解析成功 - https://raw.githubusercontent.com/viacooky/tv-box-sub/3f7188cb5f0b65903fb0bc5dc94b2128e8e6f021/2.json - 作者: viacooky, 更新时间: unknown, 大小: 0.0 KB
[2025-12-14 01:49:59] ✅ 解析成功 - https://raw.githubusercontent.com/oooopera/moontv_config/2976a77a6477660534d2f0bafe1b6face9526a43/config%E5%88%9D%E5%A7%8B.json - 作者: oooopera, 更新时间: unknown, 大小: 0.0 KB
[2025-12-14 01:49:59] ✅ 解析成功 - https://raw.githubusercontent.com/lovevampplus/cfdata/e0aae1511b04b02b5300c5bb85e087bd358a815a/96.json - 作者: lovevampplus, 更新时间: unknown, 大小: 0.0 KB
[2025-12-14 01:49:59] ❌ JSON语法错误 - https://raw.githubusercontent.com/hafrey1/MoonTV1.1.1/614f381e5312d9821bd5fe058f9eed9426e96d23/config.json - Expecting value: line 151 column 1 (char 5001)
[2025-12-14 01:50:00] ✅ 解析成功 - https://raw.githubusercontent.com/yangbvv/yangbvv.github.io/b6c9085eb6c379735feba6691ff3e95cbfb66c18/moontv.json - 作者: yangbvv, 更新时间: unknown, 大小: 0.0 KB
[2025-12-14 01:50:00] ✅ 解析成功 - https://raw.githubusercontent.com/iphoneten/CNTV/77a30bc772c40da92aa73c207ca843ca59410545/config_backup.json - 作者: iphoneten, 更新时间: unknown, 大小: 0.0 KB
[2025-12-14 01:50:00] ✅ 解析成功 - https://raw.githubusercontent.com/616310/LunaTV-proxy/ad59d5763f4efd2294301cd96ff9804865ebb65c/config/default-config.json - 作者: 616310, 更新时间: unknown, 大小: 0.0 KB
[2025-12-14 01:50:00] ✅ 解析成功 - https://raw.githubusercontent.com/Mikephie/Script/d10fab04f6936355b9981b3423246030489ce5b0/config-2.json - 作者: Mikephie, 更新时间: unknown, 大小: 0.0 KB
[2025-12-14 01:50:00] ✅ 解析成功 - https://raw.githubusercontent.com/kpsmail/new/cdfb9871f929c9875c01bb70d2dfe55f660fea7f/config.json - 作者: kpsmail, 更新时间: unknown, 大小: 0.0 KB
[2025-12-14 01:50:00] ✅ 解析成功 - https://raw.githubusercontent.com/chat263/tvjson/45dbc00aebda1642a95c20be2b5a0bda61a60e78/m.json - 作者: chat263, 更新时间: unknown, 大小: 0.0 KB
[2025-12-14 01:50:01] ✅ 解析成功 - https://raw.githubusercontent.com/katelya77/KatelyaTV/fc78bb11c026285d1b66e841b227e6171574956c/config.example.json - 作者: katelya77, 更新时间: unknown, 大小: 0.0 KB
[2025-12-14 01:50:01] ✅ 解析成功 - https://raw.githubusercontent.com/kimballic/IPTV2/2ccf529d9877ad4d7cf48f54a67c6b462979abe4/20250823-json.json - 作者: kimballic, 更新时间: unknown, 大小: 0.0 KB
[2025-12-14 01:50:01] ✅ 解析成功 - https://raw.githubusercontent.com/qianqikun/LunaTV-config/578dcc33067162a47896268cc1d285eea243ff52/jingjian.json - 作者: qianqikun, 更新时间: unknown, 大小: 0.0 KB
[2025-12-14 01:50:01] ✅ 解析成功 - https://raw.githubusercontent.com/yutian81/data-source/97c13655052a73d5f455801eed3d366b97acf3ce/OrionTV/config.json - 作者: yutian81, 更新时间: unknown, 大小: 0.0 KB
[2025-12-14 01:50:01] ✅ 解析成功 - https://raw.githubusercontent.com/qianqikun/LunaTV-config/578dcc33067162a47896268cc1d285eea243ff52/jin18.json - 作者: qianqikun, 更新时间: unknown, 大小: 0.0 KB
[2025-12-15 01:47:47] ✅ 解析成功 - https://raw.githubusercontent.com/katelya77/KatelyaTV/fc78bb11c026285d1b66e841b227e6171574956c/config.json - 作者: katelya77, 更新时间: unknown, 大小: 0.0 KB
[2025-12-15 01:47:47] ✅ 解析成功 - https://raw.githubusercontent.com/gxnas/TvBox/4153c4225579d480bb5dbba12619ce6e70df8acb/LunaTV.json - 作者: gxnas, 更新时间: unknown, 大小: 0.0 KB
[2025-12-15 01:47:47] ✅ 解析成功 - https://raw.githubusercontent.com/hafrey1/LunaTV-config/aea041eea00b629e9d4cd0713cfdcf7f425e64dd/LunaTV-config.json - 作者: hafrey1, 更新时间: unknown, 大小: 0.0 KB
[2025-12-15 01:47:47] ✅ 解析成功 - https://raw.githubusercontent.com/ISQIShI/MyResources/118ecf1d83318523283c63a7e401d97707828756/TV%20Source.json - 作者: ISQIShI, 更新时间: unknown, 大小: 0.0 KB
[2025-12-15 01:47:47] ✅ 解析成功 - https://raw.githubusercontent.com/macsur/livetv/3880610be369f43b91f85778d77b86f6688cb013/moontv.json - 作者: macsur, 更新时间: unknown, 大小: 0.0 KB
[2025-12-15 01:47:47] ✅ 解析成功 - https://raw.githubusercontent.com/wokaotianshi123/wokaotianshi123.github.io/6cb85c04deb49117c7ccb0bf200b12e6a2eda1c7/moontv/config_2025-09-23.json - 作者: wokaotianshi123, 更新时间: unknown, 大小: 0.0 KB
[2025-12-15 01:47:47] ✅ 解析成功 - https://raw.githubusercontent.com/Mikephie/Script/f0066501f6d330d373a108530b6d0e443df99d7f/config-3.json - 作者: Mikephie, 更新时间: unknown, 大小: 0.0 KB
[2025-12-15 01:47:48] ✅ 解析成功 - https://raw.githubusercontent.com/wokaotianshi123/jgcj/83bcf681720ce4671c9bdae2c25918653ad669ff/libretv.json - 作者: wokaotianshi123, 更新时间: unknown, 大小: 0.0 KB
[2025-12-15 01:47:48] ✅ 解析成功 - https://raw.githubusercontent.com/jeffernn/joyflix/7ef1beeba1c6efe7e80a7dd33f28098446659e1b/config.json - 作者: jeffernn, 更新时间: unknown, 大小: 0.0 KB
[2025-12-15 01:47:48] ✅ 解析成功 - https://raw.githubusercontent.com/SCXSVIP/TV/e7bc32117505d2bda3b31ade3dc96114c6ce623c/MoonTV/MoonTV-xs.json - 作者: SCXSVIP, 更新时间: unknown, 大小: 0.0 KB
[2025-12-15 01:47:48] ✅ 解析成功 - https://raw.githubusercontent.com/adminlove520/Source-Collector/eb8cd8f5f7960600c8d3af01245b64029c6421e1/configplus_isadult.json - 作者: adminlove520, 更新时间: unknown, 大小: 0.0 KB
[2025-12-15 01:47:48] ✅ 解析成功 - https://raw.githubusercontent.com/vodtv/api/8e2d34b1fe490641925fefbb1384e8403f8e9f3a/jin18.json - 作者: vodtv, 更新时间: unknown, 大小: 0.0 KB
[2025-12-15 01:47:48] ✅ 解析成功 - https://raw.githubusercontent.com/xqrock/openfile/75df10457a00a6e5c9458f20122ebe2c5274c83e/config/vod.json - 作者: xqrock, 更新时间: unknown, 大小: 0.0 KB
[2025-12-15 01:47:48] ✅ 解析成功 - https://raw.githubusercontent.com/webshellren/XMoonTV/ef052045a4f7a3a10c5907da4d30e3a90984b03b/config.json - 作者: webshellren, 更新时间: unknown, 大小: 0.0 KB
[2025-12-15 01:47:48] ✅ 解析成功 - https://raw.githubusercontent.com/yenkj/epg/ec92ecb9b8178cb0ea7945d7710dc5402507990a/config0.json - 作者: yenkj, 更新时间: unknown, 大小: 0.0 KB
[2025-12-15 01:47:49] ✅ 解析成功 - https://raw.githubusercontent.com/viacooky/tv-box-sub/3f7188cb5f0b65903fb0bc5dc94b2128e8e6f021/2.json - 作者: viacooky, 更新时间: unknown, 大小: 0.0 KB
[2025-12-15 01:47:49] ✅ 解析成功 - https://raw.githubusercontent.com/oooopera/moontv_config/d0efe8c9e991428927284ea2b4a3907fb03d3e08/input.json - 作者: oooopera, 更新时间: unknown, 大小: 0.0 KB
[2025-12-15 01:47:49] ✅ 解析成功 - https://raw.githubusercontent.com/lovevampplus/cfdata/e0aae1511b04b02b5300c5bb85e087bd358a815a/96.json - 作者: lovevampplus, 更新时间: unknown, 大小: 0.0 KB
[2025-12-15 01:47:49] ❌ JSON语法错误 - https://raw.githubusercontent.com/hafrey1/MoonTV1.1.1/614f381e5312d9821bd5fe058f9eed9426e96d23/config.json - Expecting value: line 151 column 1 (char 5001)
[2025-12-15 01:47:49] ✅ 解析成功 - https://raw.githubusercontent.com/kimballic/IPTV2/2ccf529d9877ad4d7cf48f54a67c6b462979abe4/deepseek_json_20250822_55f9da.json - 作者: kimballic, 更新时间: unknown, 大小: 0.0 KB
[2025-12-15 01:47:49] ✅ 解析成功 - https://raw.githubusercontent.com/katelya77/KatelyaTV/fc78bb11c026285d1b66e841b227e6171574956c/config.example.json - 作者: katelya77, 更新时间: unknown, 大小: 0.0 KB
[2025-12-15 01:47:49] ✅ 解析成功 - https://raw.githubusercontent.com/yutian81/data-source/97c13655052a73d5f455801eed3d366b97acf3ce/OrionTV/config.json - 作者: yutian81, 更新时间: unknown, 大小: 0.0 KB
[2025-12-15 01:47:49] ✅ 解析成功 - https://raw.githubusercontent.com/oooopera/moontv_config/d0efe8c9e991428927284ea2b4a3907fb03d3e08/config%E5%88%9D%E5%A7%8B.json - 作者: oooopera, 更新时间: unknown, 大小: 0.0 KB
[2025-12-15 01:47:49] ✅ 解析成功 - https://raw.githubusercontent.com/yangbvv/yangbvv.github.io/b6c9085eb6c379735feba6691ff3e95cbfb66c18/moontv.json - 作者: yangbvv, 更新时间: unknown, 大小: 0.0 KB
[2025-12-15 01:47:50] ✅ 解析成功 - https://raw.githubusercontent.com/cc638/tvbox/2d5881ad9df093f100b0bdbc109cb10f0f922065/%E8%A7%86%E9%A2%91%E6%BA%90.json - 作者: cc638, 更新时间: unknown, 大小: 0.0 KB
[2025-12-15 01:47:50] ✅ 解析成功 - https://raw.githubusercontent.com/qianqikun/LunaTV-config/95e59258895fda2e7f38bb6343ec25e7eab42062/jin18.json - 作者: qianqikun, 更新时间: unknown, 大小: 0.0 KB
[2025-12-15 01:47:50] ✅ 解析成功 - https://raw.githubusercontent.com/viacooky/tv-box-sub/3f7188cb5f0b65903fb0bc5dc94b2128e8e6f021/1.json - 作者: viacooky, 更新时间: unknown, 大小: 0.0 KB
[2025-12-15 01:47:50] ✅ 解析成功 - https://raw.githubusercontent.com/PAICNI/Videos_PLUS/b51ff1521a1e77f17ad538ccfd3c100cc42e0663/MoonTV%E8%A7%86%E9%A2%91%E6%BA%90Plus%E7%89%88.json - 作者: PAICNI, 更新时间: unknown, 大小: 0.0 KB
[2025-12-15 01:47:50] ✅ 解析成功 - https://raw.githubusercontent.com/lyqnihao/m3u8/719c30115e56a42e21ac6d50191d3e3ada5d2330/MoonTV/config.json - 作者: lyqnihao, 更新时间: unknown, 大小: 0.0 KB
[2025-12-16 01:44:45] ✅ 解析成功 - https://raw.githubusercontent.com/katelya77/KatelyaTV/fc78bb11c026285d1b66e841b227e6171574956c/config.json - 作者: katelya77, 更新时间: unknown, 大小: 0.0 KB
[2025-12-16 01:44:46] ✅ 解析成功 - https://raw.githubusercontent.com/gxnas/TvBox/4153c4225579d480bb5dbba12619ce6e70df8acb/LunaTV.json - 作者: gxnas, 更新时间: unknown, 大小: 0.0 KB
[2025-12-16 01:44:46] ✅ 解析成功 - https://raw.githubusercontent.com/hafrey1/LunaTV-config/a904394465826cf6f6f08bf33c4cb03a49c97be2/LunaTV-config.json - 作者: hafrey1, 更新时间: unknown, 大小: 0.0 KB
[2025-12-16 01:44:46] ✅ 解析成功 - https://raw.githubusercontent.com/ISQIShI/MyResources/118ecf1d83318523283c63a7e401d97707828756/TV%20Source.json - 作者: ISQIShI, 更新时间: unknown, 大小: 0.0 KB
[2025-12-16 01:44:46] ✅ 解析成功 - https://raw.githubusercontent.com/macsur/livetv/3880610be369f43b91f85778d77b86f6688cb013/moontv.json - 作者: macsur, 更新时间: unknown, 大小: 0.0 KB
[2025-12-16 01:44:46] ✅ 解析成功 - https://raw.githubusercontent.com/wokaotianshi123/wokaotianshi123.github.io/ba836739cbade69a1ae0330c36c39c14b05c8580/moontv/config_2025-09-23.json - 作者: wokaotianshi123, 更新时间: unknown, 大小: 0.0 KB
[2025-12-16 01:44:46] ✅ 解析成功 - https://raw.githubusercontent.com/Mikephie/Script/4f0f55cc9307f6cb34c3bceff6c66202eb1f1eb0/config-3.json - 作者: Mikephie, 更新时间: unknown, 大小: 0.0 KB
[2025-12-16 01:44:47] ✅ 解析成功 - https://raw.githubusercontent.com/wokaotianshi123/jgcj/0ca6438d2b49d0d972a9fc670bc73bef30cb964f/libretv.json - 作者: wokaotianshi123, 更新时间: unknown, 大小: 0.0 KB
[2025-12-16 01:44:47] ✅ 解析成功 - https://raw.githubusercontent.com/jeffernn/joyflix/7ef1beeba1c6efe7e80a7dd33f28098446659e1b/config.json - 作者: jeffernn, 更新时间: unknown, 大小: 0.0 KB
[2025-12-16 01:44:47] ✅ 解析成功 - https://raw.githubusercontent.com/SCXSVIP/TV/e7bc32117505d2bda3b31ade3dc96114c6ce623c/MoonTV/MoonTV-xs.json - 作者: SCXSVIP, 更新时间: unknown, 大小: 0.0 KB
[2025-12-16 01:44:47] ✅ 解析成功 - https://raw.githubusercontent.com/adminlove520/Source-Collector/eb8cd8f5f7960600c8d3af01245b64029c6421e1/configplus_isadult.json - 作者: adminlove520, 更新时间: unknown, 大小: 0.0 KB
[2025-12-16 01:44:47] ✅ 解析成功 - https://raw.githubusercontent.com/vodtv/api/5e2bfab5276e5ff578d1d48be6116ca55f81e97e/jin18.json - 作者: vodtv, 更新时间: unknown, 大小: 0.0 KB
[2025-12-16 01:44:47] ✅ 解析成功 - https://raw.githubusercontent.com/xqrock/openfile/75df10457a00a6e5c9458f20122ebe2c5274c83e/config/vod.json - 作者: xqrock, 更新时间: unknown, 大小: 0.0 KB
[2025-12-16 01:44:48] ✅ 解析成功 - https://raw.githubusercontent.com/webshellren/XMoonTV/ef052045a4f7a3a10c5907da4d30e3a90984b03b/config.json - 作者: webshellren, 更新时间: unknown, 大小: 0.0 KB
[2025-12-16 01:44:48] ✅ 解析成功 - https://raw.githubusercontent.com/yenkj/epg/28e904dc9d211aba9a9ec0c6683a71b2bf8fca87/config0.json - 作者: yenkj, 更新时间: unknown, 大小: 0.0 KB
[2025-12-16 01:44:48] ✅ 解析成功 - https://raw.githubusercontent.com/viacooky/tv-box-sub/3f7188cb5f0b65903fb0bc5dc94b2128e8e6f021/2.json - 作者: viacooky, 更新时间: unknown, 大小: 0.0 KB
[2025-12-16 01:44:48] ✅ 解析成功 - https://raw.githubusercontent.com/oooopera/moontv_config/43ef9ca83995718d3e46c42ea033c01b9c78e5e8/config%E5%88%9D%E5%A7%8B.json - 作者: oooopera, 更新时间: unknown, 大小: 0.0 KB
[2025-12-16 01:44:48] ✅ 解析成功 - https://raw.githubusercontent.com/lovevampplus/cfdata/e0aae1511b04b02b5300c5bb85e087bd358a815a/96.json - 作者: lovevampplus, 更新时间: unknown, 大小: 0.0 KB
[2025-12-16 01:44:49] ❌ JSON语法错误 - https://raw.githubusercontent.com/hafrey1/MoonTV1.1.1/614f381e5312d9821bd5fe058f9eed9426e96d23/config.json - Expecting value: line 151 column 1 (char 5001)
[2025-12-16 01:44:49] ✅ 解析成功 - https://raw.githubusercontent.com/yangbvv/yangbvv.github.io/b6c9085eb6c379735feba6691ff3e95cbfb66c18/moontv.json - 作者: yangbvv, 更新时间: unknown, 大小: 0.0 KB
[2025-12-16 01:44:49] ✅ 解析成功 - https://raw.githubusercontent.com/kimballic/IPTV2/2ccf529d9877ad4d7cf48f54a67c6b462979abe4/deepseek_json_20250822_55f9da.json - 作者: kimballic, 更新时间: unknown, 大小: 0.0 KB
[2025-12-16 01:44:49] ✅ 解析成功 - https://raw.githubusercontent.com/sk3879921/tvjson/3e5394dfbc292321326e218e7bc303716f3f5336/q.json - 作者: sk3879921, 更新时间: unknown, 大小: 0.0 KB
[2025-12-16 01:44:49] ✅ 解析成功 - https://raw.githubusercontent.com/Mikephie/Script/4f0f55cc9307f6cb34c3bceff6c66202eb1f1eb0/config-2.json - 作者: Mikephie, 更新时间: unknown, 大小: 0.0 KB
[2025-12-16 01:44:49] ✅ 解析成功 - https://raw.githubusercontent.com/chat263/tvjson/45dbc00aebda1642a95c20be2b5a0bda61a60e78/m.json - 作者: chat263, 更新时间: unknown, 大小: 0.0 KB
[2025-12-16 01:44:50] ✅ 解析成功 - https://raw.githubusercontent.com/qianqikun/LunaTV-config/de1f58a3ad2258883eef07375aee1ee5190f32b9/jin18.json - 作者: qianqikun, 更新时间: unknown, 大小: 0.0 KB
[2025-12-16 01:44:50] ✅ 解析成功 - https://raw.githubusercontent.com/yutian81/data-source/97c13655052a73d5f455801eed3d366b97acf3ce/OrionTV/config.json - 作者: yutian81, 更新时间: unknown, 大小: 0.0 KB
[2025-12-16 01:44:50] ✅ 解析成功 - https://raw.githubusercontent.com/869203553/guize/eb8fa7240b289603d833d3d4ae4201f74bcb1bd4/config.json - 作者: 869203553, 更新时间: unknown, 大小: 0.0 KB
[2025-12-16 01:44:50] ✅ 解析成功 - https://raw.githubusercontent.com/qianqikun/LunaTV-config/de1f58a3ad2258883eef07375aee1ee5190f32b9/jingjian.json - 作者: qianqikun, 更新时间: unknown, 大小: 0.0 KB
[2025-12-16 01:44:50] ✅ 解析成功 - https://raw.githubusercontent.com/haogege8888/KatelyaTV/e58837e6b5dcc4d7d112e05e1d9bda3e9b3bf992/config.json - 作者: haogege8888, 更新时间: unknown, 大小: 0.0 KB
[2025-12-16 01:44:51] ✅ 解析成功 - https://raw.githubusercontent.com/hafrey1/LunaTV-config/a904394465826cf6f6f08bf33c4cb03a49c97be2/jingjian.json - 作者: hafrey1, 更新时间: unknown, 大小: 0.0 KB
[2025-12-17 01:40:25] ✅ 解析成功 - https://raw.githubusercontent.com/katelya77/KatelyaTV/fc78bb11c026285d1b66e841b227e6171574956c/config.json - 作者: katelya77, 更新时间: unknown, 大小: 0.0 KB
[2025-12-17 01:40:25] ✅ 解析成功 - https://raw.githubusercontent.com/gxnas/TvBox/4153c4225579d480bb5dbba12619ce6e70df8acb/LunaTV.json - 作者: gxnas, 更新时间: unknown, 大小: 0.0 KB
[2025-12-17 01:40:25] ✅ 解析成功 - https://raw.githubusercontent.com/hafrey1/LunaTV-config/e6767da2aa77baab14fec0a46b8e2623bc9c48f4/LunaTV-config.json - 作者: hafrey1, 更新时间: unknown, 大小: 0.0 KB
[2025-12-17 01:40:26] ✅ 解析成功 - https://raw.githubusercontent.com/ISQIShI/MyResources/118ecf1d83318523283c63a7e401d97707828756/TV%20Source.json - 作者: ISQIShI, 更新时间: unknown, 大小: 0.0 KB
[2025-12-17 01:40:26] ✅ 解析成功 - https://raw.githubusercontent.com/qianqikun/LunaTV-config/d016d905c9642a09d9deecdb6e6d082dd785546f/jin18.json - 作者: qianqikun, 更新时间: unknown, 大小: 0.0 KB
[2025-12-17 01:40:26] ✅ 解析成功 - https://raw.githubusercontent.com/PAICNI/Videos_PLUS/b51ff1521a1e77f17ad538ccfd3c100cc42e0663/MoonTV%E8%A7%86%E9%A2%91%E6%BA%90Plus%E7%89%88.json - 作者: PAICNI, 更新时间: unknown, 大小: 0.0 KB
[2025-12-17 01:40:26] ✅ 解析成功 - https://raw.githubusercontent.com/Mikephie/Script/e3300a6ddd72bcd87d8aa4a87336590b92759858/config-3.json - 作者: Mikephie, 更新时间: unknown, 大小: 0.0 KB
[2025-12-17 01:40:26] ✅ 解析成功 - https://raw.githubusercontent.com/xqrock/openfile/75df10457a00a6e5c9458f20122ebe2c5274c83e/config/vod.json - 作者: xqrock, 更新时间: unknown, 大小: 0.0 KB
[2025-12-17 01:40:26] ✅ 解析成功 - https://raw.githubusercontent.com/SCXSVIP/TV/e7bc32117505d2bda3b31ade3dc96114c6ce623c/MoonTV/MoonTV-xs.json - 作者: SCXSVIP, 更新时间: unknown, 大小: 0.0 KB
[2025-12-17 01:40:27] ✅ 解析成功 - https://raw.githubusercontent.com/oooopera/moontv_config/7e471cd9894ba5ca5d8be8922a132450385e14a0/config%E5%88%9D%E5%A7%8B.json - 作者: oooopera, 更新时间: unknown, 大小: 0.0 KB
[2025-12-17 01:40:27] ✅ 解析成功 - https://raw.githubusercontent.com/cc638/tvbox/2d5881ad9df093f100b0bdbc109cb10f0f922065/%E8%A7%86%E9%A2%91%E6%BA%90.json - 作者: cc638, 更新时间: unknown, 大小: 0.0 KB
[2025-12-17 01:40:27] ✅ 解析成功 - https://raw.githubusercontent.com/hanzhenya/hzyiptv/00923a1043db8e531f730912d565eb8619b5675f/config(%E8%80%81).json - 作者: hanzhenya, 更新时间: unknown, 大小: 0.0 KB
[2025-12-17 01:40:27] ✅ 解析成功 - https://raw.githubusercontent.com/vodtv/api/23733ee3ece34639d2b54302bd777a72b6aa6b0e/LunaTV-config.json - 作者: vodtv, 更新时间: unknown, 大小: 0.0 KB
[2025-12-17 01:40:27] ✅ 解析成功 - https://raw.githubusercontent.com/yangbvv/yangbvv.github.io/b6c9085eb6c379735feba6691ff3e95cbfb66c18/moontv.json - 作者: yangbvv, 更新时间: unknown, 大小: 0.0 KB
[2025-12-17 01:40:27] ✅ 解析成功 - https://raw.githubusercontent.com/yutian81/data-source/97c13655052a73d5f455801eed3d366b97acf3ce/OrionTV/config.json - 作者: yutian81, 更新时间: unknown, 大小: 0.0 KB
[2025-12-17 01:40:27] ✅ 解析成功 - https://raw.githubusercontent.com/jiujiusadadas/MoonTV/af55f5748a205558970424f4ddd968044fc4b997/config.json - 作者: jiujiusadadas, 更新时间: unknown, 大小: 0.0 KB
[2025-12-17 01:40:27] ✅ 解析成功 - https://raw.githubusercontent.com/lovevampplus/cfdata/e0aae1511b04b02b5300c5bb85e087bd358a815a/moontv-config.json - 作者: lovevampplus, 更新时间: unknown, 大小: 0.0 KB
[2025-12-17 01:40:28] ❌ JSON语法错误 - https://raw.githubusercontent.com/hafrey1/MoonTV1.1.1/614f381e5312d9821bd5fe058f9eed9426e96d23/config.json - Expecting value: line 151 column 1 (char 5001)
[2025-12-17 01:40:28] ✅ 解析成功 - https://raw.githubusercontent.com/Jonney111/jonney_clash/7277685840b1cbedbc2b55377acc81adff1d5745/moontv.json - 作者: Jonney111, 更新时间: unknown, 大小: 0.0 KB
[2025-12-17 01:40:28] ✅ 解析成功 - https://raw.githubusercontent.com/chat263/tvjson/45dbc00aebda1642a95c20be2b5a0bda61a60e78/m.json - 作者: chat263, 更新时间: unknown, 大小: 0.0 KB
[2025-12-17 01:40:28] ✅ 解析成功 - https://raw.githubusercontent.com/viacooky/tv-box-sub/3f7188cb5f0b65903fb0bc5dc94b2128e8e6f021/2.json - 作者: viacooky, 更新时间: unknown, 大小: 0.0 KB
[2025-12-17 01:40:28] ✅ 解析成功 - https://raw.githubusercontent.com/wokaotianshi123/wokaotianshi123.github.io/ba836739cbade69a1ae0330c36c39c14b05c8580/luna20251027.json - 作者: wokaotianshi123, 更新时间: unknown, 大小: 0.0 KB
[2025-12-17 01:40:28] ✅ 解析成功 - https://raw.githubusercontent.com/vodtv/api/23733ee3ece34639d2b54302bd777a72b6aa6b0e/jingjian.json - 作者: vodtv, 更新时间: unknown, 大小: 0.0 KB
[2025-12-17 01:40:28] ✅ 解析成功 - https://raw.githubusercontent.com/viacooky/tv-box-sub/3f7188cb5f0b65903fb0bc5dc94b2128e8e6f021/1.json - 作者: viacooky, 更新时间: unknown, 大小: 0.0 KB
[2025-12-17 01:40:28] ✅ 解析成功 - https://raw.githubusercontent.com/Nesciasnenion/helloworld/cbaa34b8af6af1d1efedfa2230fe41ba1e1996da/moontv-config-all.json - 作者: Nesciasnenion, 更新时间: unknown, 大小: 0.0 KB
[2025-12-17 01:40:29] ✅ 解析成功 - https://raw.githubusercontent.com/yenkj/epg/d7ffd8520c254868e95b5feccd9e5c13c8bf042e/config0.json - 作者: yenkj, 更新时间: unknown, 大小: 0.0 KB
[2025-12-17 01:40:29] ✅ 解析成功 - https://raw.githubusercontent.com/sk3879921/tvjson/3e5394dfbc292321326e218e7bc303716f3f5336/q.json - 作者: sk3879921, 更新时间: unknown, 大小: 0.0 KB
[2025-12-17 01:40:29] ✅ 解析成功 - https://raw.githubusercontent.com/kimballic/IPTV2/2ccf529d9877ad4d7cf48f54a67c6b462979abe4/20250823-json.json - 作者: kimballic, 更新时间: unknown, 大小: 0.0 KB
[2025-12-17 01:40:29] ✅ 解析成功 - https://raw.githubusercontent.com/iphoneten/CNTV/77a30bc772c40da92aa73c207ca843ca59410545/config.json - 作者: iphoneten, 更新时间: unknown, 大小: 0.0 KB
[2025-12-18 01:40:47] ✅ 解析成功 - https://raw.githubusercontent.com/katelya77/KatelyaTV/fc78bb11c026285d1b66e841b227e6171574956c/config.json - 作者: katelya77, 更新时间: unknown, 大小: 0.0 KB
[2025-12-18 01:40:47] ✅ 解析成功 - https://raw.githubusercontent.com/gxnas/TvBox/4153c4225579d480bb5dbba12619ce6e70df8acb/LunaTV.json - 作者: gxnas, 更新时间: unknown, 大小: 0.0 KB
[2025-12-18 01:40:48] ✅ 解析成功 - https://raw.githubusercontent.com/hafrey1/LunaTV-config/9deee49eefa56d3df928402451ad1b62b1a7b041/LunaTV-config.json - 作者: hafrey1, 更新时间: unknown, 大小: 0.0 KB
[2025-12-18 01:40:48] ✅ 解析成功 - https://raw.githubusercontent.com/ISQIShI/MyResources/118ecf1d83318523283c63a7e401d97707828756/TV%20Source.json - 作者: ISQIShI, 更新时间: unknown, 大小: 0.0 KB
[2025-12-18 01:40:48] ✅ 解析成功 - https://raw.githubusercontent.com/qianqikun/LunaTV-config/980e4bdaeaa77f4ada67d93b4f2bfc05d41eeb75/jin18.json - 作者: qianqikun, 更新时间: unknown, 大小: 0.0 KB
[2025-12-18 01:40:48] ✅ 解析成功 - https://raw.githubusercontent.com/PAICNI/Videos_PLUS/b51ff1521a1e77f17ad538ccfd3c100cc42e0663/MoonTV%E8%A7%86%E9%A2%91%E6%BA%90Plus%E7%89%88.json - 作者: PAICNI, 更新时间: unknown, 大小: 0.0 KB
[2025-12-18 01:40:49] ✅ 解析成功 - https://raw.githubusercontent.com/Mikephie/Script/f51fc7c8241c896eaba66440ed2ee211ebef2c7e/config-3.json - 作者: Mikephie, 更新时间: unknown, 大小: 0.0 KB
[2025-12-18 01:40:49] ✅ 解析成功 - https://raw.githubusercontent.com/xqrock/openfile/75df10457a00a6e5c9458f20122ebe2c5274c83e/config/vod.json - 作者: xqrock, 更新时间: unknown, 大小: 0.0 KB
[2025-12-18 01:40:49] ✅ 解析成功 - https://raw.githubusercontent.com/SCXSVIP/TV/e7bc32117505d2bda3b31ade3dc96114c6ce623c/MoonTV/MoonTV-xs.json - 作者: SCXSVIP, 更新时间: unknown, 大小: 0.0 KB
[2025-12-18 01:40:49] ✅ 解析成功 - https://raw.githubusercontent.com/oooopera/moontv_config/5c1959c23bf7a72014a634550c6e85aa81dcfc37/config%E5%88%9D%E5%A7%8B.json - 作者: oooopera, 更新时间: unknown, 大小: 0.0 KB
[2025-12-18 01:40:50] ✅ 解析成功 - https://raw.githubusercontent.com/cc638/tvbox/2d5881ad9df093f100b0bdbc109cb10f0f922065/%E8%A7%86%E9%A2%91%E6%BA%90.json - 作者: cc638, 更新时间: unknown, 大小: 0.0 KB
[2025-12-18 01:40:50] ✅ 解析成功 - https://raw.githubusercontent.com/hanzhenya/hzyiptv/00923a1043db8e531f730912d565eb8619b5675f/config(%E8%80%81).json - 作者: hanzhenya, 更新时间: unknown, 大小: 0.0 KB
[2025-12-18 01:40:50] ✅ 解析成功 - https://raw.githubusercontent.com/vodtv/api/f0e76476bdc3c1b358088b53afffcf6bbbea1a51/LunaTV-config.json - 作者: vodtv, 更新时间: unknown, 大小: 0.0 KB
[2025-12-18 01:40:50] ✅ 解析成功 - https://raw.githubusercontent.com/yangbvv/yangbvv.github.io/b6c9085eb6c379735feba6691ff3e95cbfb66c18/moontv.json - 作者: yangbvv, 更新时间: unknown, 大小: 0.0 KB
[2025-12-18 01:40:50] ✅ 解析成功 - https://raw.githubusercontent.com/yutian81/data-source/97c13655052a73d5f455801eed3d366b97acf3ce/OrionTV/config.json - 作者: yutian81, 更新时间: unknown, 大小: 0.0 KB
[2025-12-18 01:40:51] ✅ 解析成功 - https://raw.githubusercontent.com/jiujiusadadas/MoonTV/af55f5748a205558970424f4ddd968044fc4b997/config.json - 作者: jiujiusadadas, 更新时间: unknown, 大小: 0.0 KB
[2025-12-18 01:40:51] ✅ 解析成功 - https://raw.githubusercontent.com/lovevampplus/cfdata/5b3d16f5897a422cadc6dbfca9010305daec52b4/moontv-config.json - 作者: lovevampplus, 更新时间: unknown, 大小: 0.0 KB
[2025-12-18 01:40:51] ✅ 解析成功 - https://raw.githubusercontent.com/haogege8888/KatelyaTV/e58837e6b5dcc4d7d112e05e1d9bda3e9b3bf992/config.json - 作者: haogege8888, 更新时间: unknown, 大小: 0.0 KB
[2025-12-18 01:40:51] ✅ 解析成功 - https://raw.githubusercontent.com/yenkj/epg/0e01a2cd24b5074444a3f02f09665a2793d8e66f/config0.json - 作者: yenkj, 更新时间: unknown, 大小: 0.0 KB
[2025-12-18 01:40:51] ✅ 解析成功 - https://raw.githubusercontent.com/sk3879921/tvjson/3e5394dfbc292321326e218e7bc303716f3f5336/q.json - 作者: sk3879921, 更新时间: unknown, 大小: 0.0 KB
[2025-12-18 01:40:52] ✅ 解析成功 - https://raw.githubusercontent.com/616310/LunaTV-proxy/ad59d5763f4efd2294301cd96ff9804865ebb65c/config/default-config.json - 作者: 616310, 更新时间: unknown, 大小: 0.0 KB
[2025-12-18 01:40:52] ✅ 解析成功 - https://raw.githubusercontent.com/wokaotianshi123/wokaotianshi123.github.io/ba836739cbade69a1ae0330c36c39c14b05c8580/luna20251027.json - 作者: wokaotianshi123, 更新时间: unknown, 大小: 0.0 KB
[2025-12-18 01:40:52] ✅ 解析成功 - https://raw.githubusercontent.com/adminlove520/Source-Collector/eb8cd8f5f7960600c8d3af01245b64029c6421e1/config_isadult.json - 作者: adminlove520, 更新时间: unknown, 大小: 0.0 KB
[2025-12-18 01:40:52] ✅ 解析成功 - https://raw.githubusercontent.com/chat263/tvjson/45dbc00aebda1642a95c20be2b5a0bda61a60e78/m.json - 作者: chat263, 更新时间: unknown, 大小: 0.0 KB
[2025-12-18 01:40:53] ❌ JSON语法错误 - https://raw.githubusercontent.com/hafrey1/MoonTV1.1.1/614f381e5312d9821bd5fe058f9eed9426e96d23/config.json - Expecting value: line 151 column 1 (char 5001)
[2025-12-18 01:40:53] ✅ 解析成功 - https://raw.githubusercontent.com/adminlove520/Source-Collector/eb8cd8f5f7960600c8d3af01245b64029c6421e1/configplus_isadult.json - 作者: adminlove520, 更新时间: unknown, 大小: 0.0 KB
[2025-12-18 01:40:53] ✅ 解析成功 - https://raw.githubusercontent.com/Jonney111/jonney_clash/7277685840b1cbedbc2b55377acc81adff1d5745/moontv.json - 作者: Jonney111, 更新时间: unknown, 大小: 0.0 KB
[2025-12-18 01:40:53] ✅ 解析成功 - https://raw.githubusercontent.com/jeffliub/MoonTV2/0a23fd92f0523ba828a445dfbe41f563eec65d66/config.json - 作者: jeffliub, 更新时间: unknown, 大小: 0.0 KB
[2025-12-18 01:40:53] ✅ 解析成功 - https://raw.githubusercontent.com/iphoneten/CNTV/77a30bc772c40da92aa73c207ca843ca59410545/config_backup.json - 作者: iphoneten, 更新时间: unknown, 大小: 0.0 KB
[2025-12-19 01:44:02] ✅ 解析成功 - https://raw.githubusercontent.com/katelya77/KatelyaTV/fc78bb11c026285d1b66e841b227e6171574956c/config.json - 作者: katelya77, 更新时间: unknown, 大小: 0.0 KB
[2025-12-19 01:44:02] ✅ 解析成功 - https://raw.githubusercontent.com/gxnas/TvBox/4153c4225579d480bb5dbba12619ce6e70df8acb/LunaTV.json - 作者: gxnas, 更新时间: unknown, 大小: 0.0 KB
[2025-12-19 01:44:02] ✅ 解析成功 - https://raw.githubusercontent.com/hafrey1/LunaTV-config/bffd7b2d2306665fc941765ef2f57c3e43b2de57/LunaTV-config.json - 作者: hafrey1, 更新时间: unknown, 大小: 0.0 KB
[2025-12-19 01:44:02] ✅ 解析成功 - https://raw.githubusercontent.com/samqin123/MoonTV/c0bba763d16fb5cd830a808d58329025337491cf/config.json - 作者: samqin123, 更新时间: unknown, 大小: 0.0 KB
[2025-12-19 01:44:02] ✅ 解析成功 - https://raw.githubusercontent.com/macsur/livetv/3880610be369f43b91f85778d77b86f6688cb013/moontv.json - 作者: macsur, 更新时间: unknown, 大小: 0.0 KB
[2025-12-19 01:44:03] ✅ 解析成功 - https://raw.githubusercontent.com/oooopera/moontv_config/ead414aa9e1e637c0be568cb90a9cb9da2612038/config%E5%88%9D%E5%A7%8B.json - 作者: oooopera, 更新时间: unknown, 大小: 0.0 KB
[2025-12-19 01:44:03] ✅ 解析成功 - https://raw.githubusercontent.com/SCXSVIP/TV/e7bc32117505d2bda3b31ade3dc96114c6ce623c/MoonTV/MoonTV-xs.json - 作者: SCXSVIP, 更新时间: unknown, 大小: 0.0 KB
[2025-12-19 01:44:03] ✅ 解析成功 - https://raw.githubusercontent.com/lovevampplus/cfdata/5b3d16f5897a422cadc6dbfca9010305daec52b4/moontv-config.json - 作者: lovevampplus, 更新时间: unknown, 大小: 0.0 KB
[2025-12-19 01:44:03] ✅ 解析成功 - https://raw.githubusercontent.com/616310/LunaTV-proxy/ad59d5763f4efd2294301cd96ff9804865ebb65c/config/default-config.json - 作者: 616310, 更新时间: unknown, 大小: 0.0 KB
[2025-12-19 01:44:03] ✅ 解析成功 - https://raw.githubusercontent.com/yjh800307/yjh800307.github.io/4b825da4ab5059eae4f36ffc59877d0b5a76ea63/moontv.json - 作者: yjh800307, 更新时间: unknown, 大小: 0.0 KB
[2025-12-19 01:44:03] ✅ 解析成功 - https://raw.githubusercontent.com/wokaotianshi123/wokaotianshi123.github.io/ba836739cbade69a1ae0330c36c39c14b05c8580/luna20251027.json - 作者: wokaotianshi123, 更新时间: unknown, 大小: 0.0 KB
[2025-12-19 01:44:03] ✅ 解析成功 - https://raw.githubusercontent.com/yenkj/epg/5a633823889c4b0111737b82088681630668e029/config0.json - 作者: yenkj, 更新时间: unknown, 大小: 0.0 KB
[2025-12-19 01:44:03] ✅ 解析成功 - https://raw.githubusercontent.com/ISQIShI/MyResources/118ecf1d83318523283c63a7e401d97707828756/TV%20Source.json - 作者: ISQIShI, 更新时间: unknown, 大小: 0.0 KB
[2025-12-19 01:44:04] ✅ 解析成功 - https://raw.githubusercontent.com/PAICNI/Videos_PLUS/b51ff1521a1e77f17ad538ccfd3c100cc42e0663/MoonTV%E8%A7%86%E9%A2%91%E6%BA%90Plus%E7%89%88.json - 作者: PAICNI, 更新时间: unknown, 大小: 0.0 KB
[2025-12-19 01:44:04] ✅ 解析成功 - https://raw.githubusercontent.com/anonymous-echo/Source-Collector/eb8cd8f5f7960600c8d3af01245b64029c6421e1/config_isadult.json - 作者: anonymous-echo, 更新时间: unknown, 大小: 0.0 KB
[2025-12-19 01:44:04] ✅ 解析成功 - https://raw.githubusercontent.com/iphoneten/CNTV/77a30bc772c40da92aa73c207ca843ca59410545/config.json - 作者: iphoneten, 更新时间: unknown, 大小: 0.0 KB
[2025-12-19 01:44:04] ✅ 解析成功 - https://raw.githubusercontent.com/Mikephie/Script/d272e9ee7dec6eb67184984f3c84bd838dc57686/config-2.json - 作者: Mikephie, 更新时间: unknown, 大小: 0.0 KB
[2025-12-19 01:44:04] ✅ 解析成功 - https://raw.githubusercontent.com/Jonney111/jonney_clash/7277685840b1cbedbc2b55377acc81adff1d5745/moontv.json - 作者: Jonney111, 更新时间: unknown, 大小: 0.0 KB
[2025-12-19 01:44:04] ✅ 解析成功 - https://raw.githubusercontent.com/Nesciasnenion/helloworld/cbaa34b8af6af1d1efedfa2230fe41ba1e1996da/moontv-config-all.json - 作者: Nesciasnenion, 更新时间: unknown, 大小: 0.0 KB
[2025-12-19 01:44:04] ✅ 解析成功 - https://raw.githubusercontent.com/talefou/static/e11ad37a2275361159c20daba3c05dce14482857/tv/config.json - 作者: talefou, 更新时间: unknown, 大小: 0.0 KB
[2025-12-19 01:44:04] ✅ 解析成功 - https://raw.githubusercontent.com/wokaotianshi123/jgcj/d331c7974e7a3b272eddb50ceba1b00e395dcb2e/libretv.json - 作者: wokaotianshi123, 更新时间: unknown, 大小: 0.0 KB
[2025-12-19 01:44:04] ✅ 解析成功 - https://raw.githubusercontent.com/vodtv/api/868797f468705e3ab49b236317997b478cd11825/LunaTV-config.json - 作者: vodtv, 更新时间: unknown, 大小: 0.0 KB
[2025-12-19 01:44:05] ✅ 解析成功 - https://raw.githubusercontent.com/yutian81/data-source/97c13655052a73d5f455801eed3d366b97acf3ce/OrionTV/config.json - 作者: yutian81, 更新时间: unknown, 大小: 0.0 KB
[2025-12-19 01:44:05] ✅ 解析成功 - https://raw.githubusercontent.com/kimballic/IPTV2/2ccf529d9877ad4d7cf48f54a67c6b462979abe4/deepseek_json_20250822_55f9da.json - 作者: kimballic, 更新时间: unknown, 大小: 0.0 KB
[2025-12-19 01:44:05] ✅ 解析成功 - https://raw.githubusercontent.com/anonymous-echo/Source-Collector/eb8cd8f5f7960600c8d3af01245b64029c6421e1/configplus_isadult.json - 作者: anonymous-echo, 更新时间: unknown, 大小: 0.0 KB
[2025-12-19 01:44:05] ✅ 解析成功 - https://raw.githubusercontent.com/hanzhenya/hzyiptv/00923a1043db8e531f730912d565eb8619b5675f/config(%E8%80%81).json - 作者: hanzhenya, 更新时间: unknown, 大小: 0.0 KB
[2025-12-19 01:44:05] ✅ 解析成功 - https://raw.githubusercontent.com/sk3879921/tvjson/3e5394dfbc292321326e218e7bc303716f3f5336/q.json - 作者: sk3879921, 更新时间: unknown, 大小: 0.0 KB
[2025-12-19 01:44:05] ✅ 解析成功 - https://raw.githubusercontent.com/xqrock/openfile/75df10457a00a6e5c9458f20122ebe2c5274c83e/config/vod.json - 作者: xqrock, 更新时间: unknown, 大小: 0.0 KB
[2025-12-19 01:44:05] ✅ 解析成功 - https://raw.githubusercontent.com/vodtv/api/868797f468705e3ab49b236317997b478cd11825/jin18.json - 作者: vodtv, 更新时间: unknown, 大小: 0.0 KB
[2025-12-19 01:44:05] ✅ 解析成功 - https://raw.githubusercontent.com/viacooky/tv-box-sub/3f7188cb5f0b65903fb0bc5dc94b2128e8e6f021/1.json - 作者: viacooky, 更新时间: unknown, 大小: 0.0 KB
[2025-12-20 01:38:46] ✅ 解析成功 - https://raw.githubusercontent.com/katelya77/KatelyaTV/fc78bb11c026285d1b66e841b227e6171574956c/config.json - 作者: katelya77, 更新时间: unknown, 大小: 0.0 KB
[2025-12-20 01:38:46] ✅ 解析成功 - https://raw.githubusercontent.com/gxnas/TvBox/4153c4225579d480bb5dbba12619ce6e70df8acb/LunaTV.json - 作者: gxnas, 更新时间: unknown, 大小: 0.0 KB
[2025-12-20 01:38:46] ✅ 解析成功 - https://raw.githubusercontent.com/hafrey1/LunaTV-config/4b45a3573d567da918585690947b5a942c240656/LunaTV-config.json - 作者: hafrey1, 更新时间: unknown, 大小: 0.0 KB
[2025-12-20 01:38:47] ✅ 解析成功 - https://raw.githubusercontent.com/samqin123/MoonTV/c0bba763d16fb5cd830a808d58329025337491cf/config.json - 作者: samqin123, 更新时间: unknown, 大小: 0.0 KB
[2025-12-20 01:38:47] ✅ 解析成功 - https://raw.githubusercontent.com/macsur/livetv/3880610be369f43b91f85778d77b86f6688cb013/moontv.json - 作者: macsur, 更新时间: unknown, 大小: 0.0 KB
[2025-12-20 01:38:47] ✅ 解析成功 - https://raw.githubusercontent.com/oooopera/moontv_config/57f939ec69e7f2e4e1497fe802a268c11f33f57d/config%E5%88%9D%E5%A7%8B.json - 作者: oooopera, 更新时间: unknown, 大小: 0.0 KB
[2025-12-20 01:38:47] ✅ 解析成功 - https://raw.githubusercontent.com/SCXSVIP/TV/e7bc32117505d2bda3b31ade3dc96114c6ce623c/MoonTV/MoonTV-xs.json - 作者: SCXSVIP, 更新时间: unknown, 大小: 0.0 KB
[2025-12-20 01:38:47] ✅ 解析成功 - https://raw.githubusercontent.com/lovevampplus/cfdata/5b3d16f5897a422cadc6dbfca9010305daec52b4/moontv-config.json - 作者: lovevampplus, 更新时间: unknown, 大小: 0.0 KB
[2025-12-20 01:38:47] ✅ 解析成功 - https://raw.githubusercontent.com/616310/LunaTV-proxy/ad59d5763f4efd2294301cd96ff9804865ebb65c/config/default-config.json - 作者: 616310, 更新时间: unknown, 大小: 0.0 KB
[2025-12-20 01:38:48] ✅ 解析成功 - https://raw.githubusercontent.com/yjh800307/yjh800307.github.io/4b825da4ab5059eae4f36ffc59877d0b5a76ea63/moontv.json - 作者: yjh800307, 更新时间: unknown, 大小: 0.0 KB
[2025-12-20 01:38:48] ✅ 解析成功 - https://raw.githubusercontent.com/wokaotianshi123/wokaotianshi123.github.io/ba836739cbade69a1ae0330c36c39c14b05c8580/luna20251027.json - 作者: wokaotianshi123, 更新时间: unknown, 大小: 0.0 KB
[2025-12-20 01:38:48] ✅ 解析成功 - https://raw.githubusercontent.com/yenkj/epg/30f13d4e4f5ce39e45f052d6b7e4ab952539fe0a/config0.json - 作者: yenkj, 更新时间: unknown, 大小: 0.0 KB
[2025-12-20 01:38:48] ✅ 解析成功 - https://raw.githubusercontent.com/ISQIShI/MyResources/118ecf1d83318523283c63a7e401d97707828756/TV%20Source.json - 作者: ISQIShI, 更新时间: unknown, 大小: 0.0 KB
[2025-12-20 01:38:48] ✅ 解析成功 - https://raw.githubusercontent.com/PAICNI/Videos_PLUS/b51ff1521a1e77f17ad538ccfd3c100cc42e0663/MoonTV%E8%A7%86%E9%A2%91%E6%BA%90Plus%E7%89%88.json - 作者: PAICNI, 更新时间: unknown, 大小: 0.0 KB
[2025-12-20 01:38:49] ✅ 解析成功 - https://raw.githubusercontent.com/anonymous-echo/Source-Collector/eb8cd8f5f7960600c8d3af01245b64029c6421e1/config_isadult.json - 作者: anonymous-echo, 更新时间: unknown, 大小: 0.0 KB
[2025-12-20 01:38:49] ✅ 解析成功 - https://raw.githubusercontent.com/iphoneten/CNTV/77a30bc772c40da92aa73c207ca843ca59410545/config.json - 作者: iphoneten, 更新时间: unknown, 大小: 0.0 KB
[2025-12-20 01:38:49] ✅ 解析成功 - https://raw.githubusercontent.com/Mikephie/Script/2461852dbe52ac8a7833a37f4d7f38a9d2fe77d7/config-2.json - 作者: Mikephie, 更新时间: unknown, 大小: 0.0 KB
[2025-12-20 01:38:49] ✅ 解析成功 - https://raw.githubusercontent.com/Jonney111/jonney_clash/7277685840b1cbedbc2b55377acc81adff1d5745/moontv.json - 作者: Jonney111, 更新时间: unknown, 大小: 0.0 KB
[2025-12-20 01:38:49] ✅ 解析成功 - https://raw.githubusercontent.com/Nesciasnenion/helloworld/cbaa34b8af6af1d1efedfa2230fe41ba1e1996da/moontv-config-all.json - 作者: Nesciasnenion, 更新时间: unknown, 大小: 0.0 KB
[2025-12-20 01:38:49] ✅ 解析成功 - https://raw.githubusercontent.com/talefou/static/e11ad37a2275361159c20daba3c05dce14482857/tv/config.json - 作者: talefou, 更新时间: unknown, 大小: 0.0 KB
[2025-12-20 01:38:49] ✅ 解析成功 - https://raw.githubusercontent.com/wokaotianshi123/jgcj/d331c7974e7a3b272eddb50ceba1b00e395dcb2e/libretv.json - 作者: wokaotianshi123, 更新时间: unknown, 大小: 0.0 KB
[2025-12-20 01:38:50] ✅ 解析成功 - https://raw.githubusercontent.com/vodtv/api/b22a87f75205880c4ac656dc5aa8f3d723e75ac7/LunaTV-config.json - 作者: vodtv, 更新时间: unknown, 大小: 0.0 KB
[2025-12-20 01:38:50] ✅ 解析成功 - https://raw.githubusercontent.com/yutian81/data-source/97c13655052a73d5f455801eed3d366b97acf3ce/OrionTV/config.json - 作者: yutian81, 更新时间: unknown, 大小: 0.0 KB
[2025-12-20 01:38:50] ✅ 解析成功 - https://raw.githubusercontent.com/kimballic/IPTV2/2ccf529d9877ad4d7cf48f54a67c6b462979abe4/deepseek_json_20250822_55f9da.json - 作者: kimballic, 更新时间: unknown, 大小: 0.0 KB
[2025-12-20 01:38:50] ✅ 解析成功 - https://raw.githubusercontent.com/anonymous-echo/Source-Collector/eb8cd8f5f7960600c8d3af01245b64029c6421e1/configplus_isadult.json - 作者: anonymous-echo, 更新时间: unknown, 大小: 0.0 KB
[2025-12-20 01:38:51] ✅ 解析成功 - https://raw.githubusercontent.com/hanzhenya/hzyiptv/00923a1043db8e531f730912d565eb8619b5675f/config(%E8%80%81).json - 作者: hanzhenya, 更新时间: unknown, 大小: 0.0 KB
[2025-12-20 01:38:51] ✅ 解析成功 - https://raw.githubusercontent.com/sk3879921/tvjson/3e5394dfbc292321326e218e7bc303716f3f5336/q.json - 作者: sk3879921, 更新时间: unknown, 大小: 0.0 KB
[2025-12-20 01:38:51] ✅ 解析成功 - https://raw.githubusercontent.com/xqrock/openfile/75df10457a00a6e5c9458f20122ebe2c5274c83e/config/vod.json - 作者: xqrock, 更新时间: unknown, 大小: 0.0 KB
[2025-12-20 01:38:51] ✅ 解析成功 - https://raw.githubusercontent.com/vodtv/api/b22a87f75205880c4ac656dc5aa8f3d723e75ac7/jin18.json - 作者: vodtv, 更新时间: unknown, 大小: 0.0 KB
[2025-12-20 01:38:51] ✅ 解析成功 - https://raw.githubusercontent.com/viacooky/tv-box-sub/3f7188cb5f0b65903fb0bc5dc94b2128e8e6f021/1.json - 作者: viacooky, 更新时间: unknown, 大小: 0.0 KB
[2025-12-21 01:50:00] ✅ 解析成功 - https://raw.githubusercontent.com/katelya77/KatelyaTV/fc78bb11c026285d1b66e841b227e6171574956c/config.json - 作者: katelya77, 更新时间: unknown, 大小: 0.0 KB
[2025-12-21 01:50:00] ✅ 解析成功 - https://raw.githubusercontent.com/gxnas/TvBox/4153c4225579d480bb5dbba12619ce6e70df8acb/LunaTV.json - 作者: gxnas, 更新时间: unknown, 大小: 0.0 KB
[2025-12-21 01:50:00] ✅ 解析成功 - https://raw.githubusercontent.com/hafrey1/LunaTV-config/25fbd1ee36d943437b8f9d038bbad7865ef4cc8c/LunaTV-config.json - 作者: hafrey1, 更新时间: unknown, 大小: 0.0 KB
[2025-12-21 01:50:00] ✅ 解析成功 - https://raw.githubusercontent.com/samqin123/MoonTV/c0bba763d16fb5cd830a808d58329025337491cf/config.json - 作者: samqin123, 更新时间: unknown, 大小: 0.0 KB
[2025-12-21 01:50:01] ✅ 解析成功 - https://raw.githubusercontent.com/Jonney111/jonney_clash/7277685840b1cbedbc2b55377acc81adff1d5745/moontv.json - 作者: Jonney111, 更新时间: unknown, 大小: 0.0 KB
[2025-12-21 01:50:01] ✅ 解析成功 - https://raw.githubusercontent.com/ISQIShI/MyResources/118ecf1d83318523283c63a7e401d97707828756/TV%20Source.json - 作者: ISQIShI, 更新时间: unknown, 大小: 0.0 KB
[2025-12-21 01:50:01] ✅ 解析成功 - https://raw.githubusercontent.com/cc638/tvbox/2d5881ad9df093f100b0bdbc109cb10f0f922065/%E8%A7%86%E9%A2%91%E6%BA%90.json - 作者: cc638, 更新时间: unknown, 大小: 0.0 KB
[2025-12-21 01:50:01] ✅ 解析成功 - https://raw.githubusercontent.com/oooopera/moontv_config/85516de592bd31f69898f028bcf36efabce071d3/config%E5%88%9D%E5%A7%8B.json - 作者: oooopera, 更新时间: unknown, 大小: 0.0 KB
[2025-12-21 01:50:01] ✅ 解析成功 - https://raw.githubusercontent.com/yjh800307/yjh800307.github.io/4b825da4ab5059eae4f36ffc59877d0b5a76ea63/moontv.json - 作者: yjh800307, 更新时间: unknown, 大小: 0.0 KB
[2025-12-21 01:50:01] ✅ 解析成功 - https://raw.githubusercontent.com/kpsmail/new/cdfb9871f929c9875c01bb70d2dfe55f660fea7f/config.json - 作者: kpsmail, 更新时间: unknown, 大小: 0.0 KB
[2025-12-21 01:50:01] ✅ 解析成功 - https://raw.githubusercontent.com/sk3879921/tvjson/3e5394dfbc292321326e218e7bc303716f3f5336/q.json - 作者: sk3879921, 更新时间: unknown, 大小: 0.0 KB
[2025-12-21 01:50:01] ✅ 解析成功 - https://raw.githubusercontent.com/Mikephie/Script/84f883e04814afedb18d49e72769db70a6c99b94/config-2.json - 作者: Mikephie, 更新时间: unknown, 大小: 0.0 KB
[2025-12-21 01:50:01] ✅ 解析成功 - https://raw.githubusercontent.com/Nesciasnenion/helloworld/cbaa34b8af6af1d1efedfa2230fe41ba1e1996da/moontv-config-all.json - 作者: Nesciasnenion, 更新时间: unknown, 大小: 0.0 KB
[2025-12-21 01:50:01] ✅ 解析成功 - https://raw.githubusercontent.com/lovevampplus/cfdata/5b3d16f5897a422cadc6dbfca9010305daec52b4/96.json - 作者: lovevampplus, 更新时间: unknown, 大小: 0.0 KB
[2025-12-21 01:50:01] ✅ 解析成功 - https://raw.githubusercontent.com/jeffernn/joyflix/7ef1beeba1c6efe7e80a7dd33f28098446659e1b/config.json - 作者: jeffernn, 更新时间: unknown, 大小: 0.0 KB
[2025-12-21 01:50:02] ✅ 解析成功 - https://raw.githubusercontent.com/616310/LunaTV-proxy/ad59d5763f4efd2294301cd96ff9804865ebb65c/config/default-config.json - 作者: 616310, 更新时间: unknown, 大小: 0.0 KB
[2025-12-21 01:50:02] ✅ 解析成功 - https://raw.githubusercontent.com/oooopera/moontv_config/85516de592bd31f69898f028bcf36efabce071d3/input.json - 作者: oooopera, 更新时间: unknown, 大小: 0.0 KB
[2025-12-21 01:50:02] ✅ 解析成功 - https://raw.githubusercontent.com/anonymous-echo/Source-Collector/eb8cd8f5f7960600c8d3af01245b64029c6421e1/config_isadult.json - 作者: anonymous-echo, 更新时间: unknown, 大小: 0.0 KB
[2025-12-21 01:50:02] ✅ 解析成功 - https://raw.githubusercontent.com/wokaotianshi123/wokaotianshi123.github.io/ba836739cbade69a1ae0330c36c39c14b05c8580/moontv/config_2025-09-23.json - 作者: wokaotianshi123, 更新时间: unknown, 大小: 0.0 KB
[2025-12-21 01:50:02] ✅ 解析成功 - https://raw.githubusercontent.com/qianqikun/LunaTV-config/ecab29b39c821fcf8f17488f17afa05999d13a17/jingjian.json - 作者: qianqikun, 更新时间: unknown, 大小: 0.0 KB
[2025-12-21 01:50:02] ✅ 解析成功 - https://raw.githubusercontent.com/hafrey1/LunaTV-config/25fbd1ee36d943437b8f9d038bbad7865ef4cc8c/jin18.json - 作者: hafrey1, 更新时间: unknown, 大小: 0.0 KB
[2025-12-21 01:50:02] ✅ 解析成功 - https://raw.githubusercontent.com/hanzhenya/hzyiptv/00923a1043db8e531f730912d565eb8619b5675f/config(%E8%80%81).json - 作者: hanzhenya, 更新时间: unknown, 大小: 0.0 KB
[2025-12-21 01:50:02] ✅ 解析成功 - https://raw.githubusercontent.com/iphoneten/CNTV/77a30bc772c40da92aa73c207ca843ca59410545/config_backup.json - 作者: iphoneten, 更新时间: unknown, 大小: 0.0 KB
[2025-12-21 01:50:02] ✅ 解析成功 - https://raw.githubusercontent.com/moli-xia/MoonTV-app/aea64cc2504b56ea05e23fc2af49c7ed5a305dea/config.json - 作者: moli-xia, 更新时间: unknown, 大小: 0.0 KB
[2025-12-21 01:50:02] ✅ 解析成功 - https://raw.githubusercontent.com/Mikephie/Script/84f883e04814afedb18d49e72769db70a6c99b94/config-3.json - 作者: Mikephie, 更新时间: unknown, 大小: 0.0 KB
[2025-12-21 01:50:03] ✅ 解析成功 - https://raw.githubusercontent.com/vodtv/api/2465f48933ee8331ad55220ec83eae4eeb8b5ab6/jin18.json - 作者: vodtv, 更新时间: unknown, 大小: 0.0 KB
[2025-12-21 01:50:03] ✅ 解析成功 - https://raw.githubusercontent.com/yutian81/data-source/97c13655052a73d5f455801eed3d366b97acf3ce/OrionTV/config.json - 作者: yutian81, 更新时间: unknown, 大小: 0.0 KB
[2025-12-21 01:50:03] ✅ 解析成功 - https://raw.githubusercontent.com/macsur/livetv/3880610be369f43b91f85778d77b86f6688cb013/moontv.json - 作者: macsur, 更新时间: unknown, 大小: 0.0 KB
[2025-12-21 01:50:03] ✅ 解析成功 - https://raw.githubusercontent.com/viacooky/tv-box-sub/3f7188cb5f0b65903fb0bc5dc94b2128e8e6f021/2.json - 作者: viacooky, 更新时间: unknown, 大小: 0.0 KB
[2025-12-22 01:49:28] ✅ 解析成功 - https://raw.githubusercontent.com/katelya77/KatelyaTV/fc78bb11c026285d1b66e841b227e6171574956c/config.json - 作者: katelya77, 更新时间: unknown, 大小: 0.0 KB
[2025-12-22 01:49:29] ✅ 解析成功 - https://raw.githubusercontent.com/gxnas/TvBox/4153c4225579d480bb5dbba12619ce6e70df8acb/LunaTV.json - 作者: gxnas, 更新时间: unknown, 大小: 0.0 KB
[2025-12-22 01:49:29] ✅ 解析成功 - https://raw.githubusercontent.com/hafrey1/LunaTV-config/7fea1cdb5facdb448f02b0e574f50520e8b3826c/LunaTV-config.json - 作者: hafrey1, 更新时间: unknown, 大小: 0.0 KB
[2025-12-22 01:49:29] ✅ 解析成功 - https://raw.githubusercontent.com/samqin123/MoonTV/c0bba763d16fb5cd830a808d58329025337491cf/config.json - 作者: samqin123, 更新时间: unknown, 大小: 0.0 KB
[2025-12-22 01:49:29] ✅ 解析成功 - https://raw.githubusercontent.com/Jonney111/jonney_clash/7277685840b1cbedbc2b55377acc81adff1d5745/moontv.json - 作者: Jonney111, 更新时间: unknown, 大小: 0.0 KB
[2025-12-22 01:49:29] ✅ 解析成功 - https://raw.githubusercontent.com/vodtv/api/222d0290026de46874fa6855572ee0ce0dc0553c/jin18.json - 作者: vodtv, 更新时间: unknown, 大小: 0.0 KB
[2025-12-22 01:49:29] ✅ 解析成功 - https://raw.githubusercontent.com/lovevampplus/cfdata/5b3d16f5897a422cadc6dbfca9010305daec52b4/moontv-config.json - 作者: lovevampplus, 更新时间: unknown, 大小: 0.0 KB
[2025-12-22 01:49:29] ✅ 解析成功 - https://raw.githubusercontent.com/qianqikun/LunaTV-config/9e7bc4a3c9754708f59feefba567477328e6dac4/jin18.json - 作者: qianqikun, 更新时间: unknown, 大小: 0.0 KB
[2025-12-22 01:49:29] ✅ 解析成功 - https://raw.githubusercontent.com/Mikephie/Script/6bae2561e2d09adaa58341cd7e8840356d0b073e/config-3.json - 作者: Mikephie, 更新时间: unknown, 大小: 0.0 KB
[2025-12-22 01:49:29] ✅ 解析成功 - https://raw.githubusercontent.com/sk3879921/tvjson/3e5394dfbc292321326e218e7bc303716f3f5336/q.json - 作者: sk3879921, 更新时间: unknown, 大小: 0.0 KB
[2025-12-22 01:49:29] ✅ 解析成功 - https://raw.githubusercontent.com/wokaotianshi123/wokaotianshi123.github.io/ba836739cbade69a1ae0330c36c39c14b05c8580/luna20251027.json - 作者: wokaotianshi123, 更新时间: unknown, 大小: 0.0 KB
[2025-12-22 01:49:30] ✅ 解析成功 - https://raw.githubusercontent.com/616310/LunaTV-proxy/ad59d5763f4efd2294301cd96ff9804865ebb65c/config/default-config.json - 作者: 616310, 更新时间: unknown, 大小: 0.0 KB
[2025-12-22 01:49:30] ✅ 解析成功 - https://raw.githubusercontent.com/viacooky/tv-box-sub/3f7188cb5f0b65903fb0bc5dc94b2128e8e6f021/2.json - 作者: viacooky, 更新时间: unknown, 大小: 0.0 KB
[2025-12-22 01:49:30] ✅ 解析成功 - https://raw.githubusercontent.com/SCXSVIP/TV/e7bc32117505d2bda3b31ade3dc96114c6ce623c/MoonTV/MoonTV-xs.json - 作者: SCXSVIP, 更新时间: unknown, 大小: 0.0 KB
[2025-12-22 01:49:30] ✅ 解析成功 - https://raw.githubusercontent.com/oooopera/moontv_config/fb3255e980133131a8a44f5f8df97782b9d761fd/input.json - 作者: oooopera, 更新时间: unknown, 大小: 0.0 KB
[2025-12-22 01:49:30] ✅ 解析成功 - https://raw.githubusercontent.com/jeffliub/MoonTV2/0a23fd92f0523ba828a445dfbe41f563eec65d66/config.json - 作者: jeffliub, 更新时间: unknown, 大小: 0.0 KB
[2025-12-22 01:49:30] ✅ 解析成功 - https://raw.githubusercontent.com/kimballic/IPTV2/2ccf529d9877ad4d7cf48f54a67c6b462979abe4/20250823-json.json - 作者: kimballic, 更新时间: unknown, 大小: 0.0 KB
[2025-12-22 01:49:30] ❌ JSON语法错误 - https://raw.githubusercontent.com/hafrey1/MoonTV1.1.1/614f381e5312d9821bd5fe058f9eed9426e96d23/config.json - Expecting value: line 151 column 1 (char 5001)
[2025-12-22 01:49:30] ✅ 解析成功 - https://raw.githubusercontent.com/yjh800307/yjh800307.github.io/4b825da4ab5059eae4f36ffc59877d0b5a76ea63/moontv.json - 作者: yjh800307, 更新时间: unknown, 大小: 0.0 KB
[2025-12-22 01:49:31] ✅ 解析成功 - https://raw.githubusercontent.com/yenkj/epg/2ac048d67b7810569df1e74bb8233defa0e7f630/config0.json - 作者: yenkj, 更新时间: unknown, 大小: 0.0 KB
[2025-12-22 01:49:31] ✅ 解析成功 - https://raw.githubusercontent.com/ISQIShI/MyResources/118ecf1d83318523283c63a7e401d97707828756/TV%20Source.json - 作者: ISQIShI, 更新时间: unknown, 大小: 0.0 KB
[2025-12-22 01:49:31] ✅ 解析成功 - https://raw.githubusercontent.com/ltxxjs/box2022-1/51a5a45f63580f4bab5811d957a3ad75a9a7f393/configplus_isadult.json - 作者: ltxxjs, 更新时间: unknown, 大小: 0.0 KB
[2025-12-22 01:49:31] ✅ 解析成功 - https://raw.githubusercontent.com/anonymous-echo/Source-Collector/eb8cd8f5f7960600c8d3af01245b64029c6421e1/config_isadult.json - 作者: anonymous-echo, 更新时间: unknown, 大小: 0.0 KB
[2025-12-22 01:49:31] ✅ 解析成功 - https://raw.githubusercontent.com/PAICNI/Videos_PLUS/b51ff1521a1e77f17ad538ccfd3c100cc42e0663/MoonTV%E8%A7%86%E9%A2%91%E6%BA%90Plus%E7%89%88.json - 作者: PAICNI, 更新时间: unknown, 大小: 0.0 KB
[2025-12-22 01:49:31] ✅ 解析成功 - https://raw.githubusercontent.com/macsur/livetv/3880610be369f43b91f85778d77b86f6688cb013/moontv.json - 作者: macsur, 更新时间: unknown, 大小: 0.0 KB
[2025-12-22 01:49:31] ✅ 解析成功 - https://raw.githubusercontent.com/xqrock/openfile/75df10457a00a6e5c9458f20122ebe2c5274c83e/config/vod.json - 作者: xqrock, 更新时间: unknown, 大小: 0.0 KB
[2025-12-22 01:49:31] ✅ 解析成功 - https://raw.githubusercontent.com/lovevampplus/cfdata/5b3d16f5897a422cadc6dbfca9010305daec52b4/96.json - 作者: lovevampplus, 更新时间: unknown, 大小: 0.0 KB
[2025-12-22 01:49:31] ✅ 解析成功 - https://raw.githubusercontent.com/vodtv/api/222d0290026de46874fa6855572ee0ce0dc0553c/LunaTV-config.json - 作者: vodtv, 更新时间: unknown, 大小: 0.0 KB
[2025-12-22 01:49:31] ✅ 解析成功 - https://raw.githubusercontent.com/katelya77/KatelyaTV/fc78bb11c026285d1b66e841b227e6171574956c/config.example.json - 作者: katelya77, 更新时间: unknown, 大小: 0.0 KB
[2025-12-23 01:44:52] ✅ 解析成功 - https://raw.githubusercontent.com/katelya77/KatelyaTV/fc78bb11c026285d1b66e841b227e6171574956c/config.json - 作者: katelya77, 更新时间: unknown, 大小: 0.0 KB
[2025-12-23 01:44:52] ✅ 解析成功 - https://raw.githubusercontent.com/gxnas/TvBox/4153c4225579d480bb5dbba12619ce6e70df8acb/LunaTV.json - 作者: gxnas, 更新时间: unknown, 大小: 0.0 KB
[2025-12-23 01:44:53] ✅ 解析成功 - https://raw.githubusercontent.com/hafrey1/LunaTV-config/0bc6dbb6e9742aa7dff6e5a59fa99b848c11b59b/LunaTV-config.json - 作者: hafrey1, 更新时间: unknown, 大小: 0.0 KB
[2025-12-23 01:44:53] ✅ 解析成功 - https://raw.githubusercontent.com/samqin123/MoonTV/c0bba763d16fb5cd830a808d58329025337491cf/config.json - 作者: samqin123, 更新时间: unknown, 大小: 0.0 KB
[2025-12-23 01:44:53] ✅ 解析成功 - https://raw.githubusercontent.com/Jonney111/jonney_clash/7277685840b1cbedbc2b55377acc81adff1d5745/moontv.json - 作者: Jonney111, 更新时间: unknown, 大小: 0.0 KB
[2025-12-23 01:44:53] ✅ 解析成功 - https://raw.githubusercontent.com/vodtv/api/07a886207e082f4b7dab261930147a3e9d7160cb/jin18.json - 作者: vodtv, 更新时间: unknown, 大小: 0.0 KB
[2025-12-23 01:44:53] ✅ 解析成功 - https://raw.githubusercontent.com/lovevampplus/cfdata/5b3d16f5897a422cadc6dbfca9010305daec52b4/moontv-config.json - 作者: lovevampplus, 更新时间: unknown, 大小: 0.0 KB
[2025-12-23 01:44:53] ✅ 解析成功 - https://raw.githubusercontent.com/qianqikun/LunaTV-config/e53f7bc444531dd63af56b6eddf8d2d099a0b14c/jin18.json - 作者: qianqikun, 更新时间: unknown, 大小: 0.0 KB
[2025-12-23 01:44:54] ✅ 解析成功 - https://raw.githubusercontent.com/Mikephie/Script/80085a84ead8a82d079547d168dc4282035f3d69/config-3.json - 作者: Mikephie, 更新时间: unknown, 大小: 0.0 KB
[2025-12-23 01:44:54] ✅ 解析成功 - https://raw.githubusercontent.com/sk3879921/tvjson/3e5394dfbc292321326e218e7bc303716f3f5336/q.json - 作者: sk3879921, 更新时间: unknown, 大小: 0.0 KB
[2025-12-23 01:44:54] ✅ 解析成功 - https://raw.githubusercontent.com/wokaotianshi123/wokaotianshi123.github.io/ba836739cbade69a1ae0330c36c39c14b05c8580/luna20251027.json - 作者: wokaotianshi123, 更新时间: unknown, 大小: 0.0 KB
[2025-12-23 01:44:54] ✅ 解析成功 - https://raw.githubusercontent.com/616310/LunaTV-proxy/ad59d5763f4efd2294301cd96ff9804865ebb65c/config/default-config.json - 作者: 616310, 更新时间: unknown, 大小: 0.0 KB
[2025-12-23 01:44:55] ✅ 解析成功 - https://raw.githubusercontent.com/viacooky/tv-box-sub/3f7188cb5f0b65903fb0bc5dc94b2128e8e6f021/2.json - 作者: viacooky, 更新时间: unknown, 大小: 0.0 KB
[2025-12-23 01:44:55] ✅ 解析成功 - https://raw.githubusercontent.com/SCXSVIP/TV/e7bc32117505d2bda3b31ade3dc96114c6ce623c/MoonTV/MoonTV-xs.json - 作者: SCXSVIP, 更新时间: unknown, 大小: 0.0 KB
[2025-12-23 01:44:55] ✅ 解析成功 - https://raw.githubusercontent.com/oooopera/moontv_config/1802638f9ee9044bf22f78cf444f6ebf45661917/input.json - 作者: oooopera, 更新时间: unknown, 大小: 0.0 KB
[2025-12-23 01:44:55] ✅ 解析成功 - https://raw.githubusercontent.com/jeffliub/MoonTV2/0a23fd92f0523ba828a445dfbe41f563eec65d66/config.json - 作者: jeffliub, 更新时间: unknown, 大小: 0.0 KB
[2025-12-23 01:44:55] ✅ 解析成功 - https://raw.githubusercontent.com/kimballic/IPTV2/2ccf529d9877ad4d7cf48f54a67c6b462979abe4/20250823-json.json - 作者: kimballic, 更新时间: unknown, 大小: 0.0 KB
[2025-12-23 01:44:56] ❌ JSON语法错误 - https://raw.githubusercontent.com/hafrey1/MoonTV1.1.1/614f381e5312d9821bd5fe058f9eed9426e96d23/config.json - Expecting value: line 151 column 1 (char 5001)
[2025-12-23 01:44:56] ✅ 解析成功 - https://raw.githubusercontent.com/yjh800307/yjh800307.github.io/4b825da4ab5059eae4f36ffc59877d0b5a76ea63/moontv.json - 作者: yjh800307, 更新时间: unknown, 大小: 0.0 KB
[2025-12-23 01:44:56] ✅ 解析成功 - https://raw.githubusercontent.com/yenkj/epg/83a8258f28e031bb7f33885d450519c4e399880e/config0.json - 作者: yenkj, 更新时间: unknown, 大小: 0.0 KB
[2025-12-23 01:44:56] ✅ 解析成功 - https://raw.githubusercontent.com/ISQIShI/MyResources/118ecf1d83318523283c63a7e401d97707828756/TV%20Source.json - 作者: ISQIShI, 更新时间: unknown, 大小: 0.0 KB
[2025-12-23 01:44:56] ✅ 解析成功 - https://raw.githubusercontent.com/ltxxjs/box2022-1/51a5a45f63580f4bab5811d957a3ad75a9a7f393/configplus_isadult.json - 作者: ltxxjs, 更新时间: unknown, 大小: 0.0 KB
[2025-12-23 01:44:57] ✅ 解析成功 - https://raw.githubusercontent.com/anonymous-echo/Source-Collector/eb8cd8f5f7960600c8d3af01245b64029c6421e1/config_isadult.json - 作者: anonymous-echo, 更新时间: unknown, 大小: 0.0 KB
[2025-12-23 01:44:57] ✅ 解析成功 - https://raw.githubusercontent.com/PAICNI/Videos_PLUS/b51ff1521a1e77f17ad538ccfd3c100cc42e0663/MoonTV%E8%A7%86%E9%A2%91%E6%BA%90Plus%E7%89%88.json - 作者: PAICNI, 更新时间: unknown, 大小: 0.0 KB
[2025-12-23 01:44:57] ✅ 解析成功 - https://raw.githubusercontent.com/macsur/livetv/3880610be369f43b91f85778d77b86f6688cb013/moontv.json - 作者: macsur, 更新时间: unknown, 大小: 0.0 KB
[2025-12-23 01:44:57] ✅ 解析成功 - https://raw.githubusercontent.com/xqrock/openfile/75df10457a00a6e5c9458f20122ebe2c5274c83e/config/vod.json - 作者: xqrock, 更新时间: unknown, 大小: 0.0 KB
[2025-12-23 01:44:57] ✅ 解析成功 - https://raw.githubusercontent.com/lovevampplus/cfdata/5b3d16f5897a422cadc6dbfca9010305daec52b4/96.json - 作者: lovevampplus, 更新时间: unknown, 大小: 0.0 KB
[2025-12-23 01:44:57] ✅ 解析成功 - https://raw.githubusercontent.com/vodtv/api/07a886207e082f4b7dab261930147a3e9d7160cb/LunaTV-config.json - 作者: vodtv, 更新时间: unknown, 大小: 0.0 KB
[2025-12-23 01:44:58] ✅ 解析成功 - https://raw.githubusercontent.com/katelya77/KatelyaTV/fc78bb11c026285d1b66e841b227e6171574956c/config.example.json - 作者: katelya77, 更新时间: unknown, 大小: 0.0 KB
[2025-12-24 01:43:26] ✅ 解析成功 - https://raw.githubusercontent.com/katelya77/KatelyaTV/fc78bb11c026285d1b66e841b227e6171574956c/config.json - 作者: katelya77, 更新时间: unknown, 大小: 0.0 KB
[2025-12-24 01:43:26] ✅ 解析成功 - https://raw.githubusercontent.com/gxnas/TvBox/4153c4225579d480bb5dbba12619ce6e70df8acb/LunaTV.json - 作者: gxnas, 更新时间: unknown, 大小: 0.0 KB
[2025-12-24 01:43:27] ✅ 解析成功 - https://raw.githubusercontent.com/hafrey1/LunaTV-config/bd1838eb86dfa7f58aa7f45fb3e2ab277c7964a7/LunaTV-config.json - 作者: hafrey1, 更新时间: unknown, 大小: 0.0 KB
[2025-12-24 01:43:27] ✅ 解析成功 - https://raw.githubusercontent.com/samqin123/MoonTV/c0bba763d16fb5cd830a808d58329025337491cf/config.json - 作者: samqin123, 更新时间: unknown, 大小: 0.0 KB
[2025-12-24 01:43:27] ✅ 解析成功 - https://raw.githubusercontent.com/Jonney111/jonney_clash/7277685840b1cbedbc2b55377acc81adff1d5745/moontv.json - 作者: Jonney111, 更新时间: unknown, 大小: 0.0 KB
[2025-12-24 01:43:27] ✅ 解析成功 - https://raw.githubusercontent.com/vodtv/api/7bfb23c2221d8383413b0866475e17b38a6aed60/jin18.json - 作者: vodtv, 更新时间: unknown, 大小: 0.0 KB
[2025-12-24 01:43:27] ✅ 解析成功 - https://raw.githubusercontent.com/lovevampplus/cfdata/5b3d16f5897a422cadc6dbfca9010305daec52b4/moontv-config.json - 作者: lovevampplus, 更新时间: unknown, 大小: 0.0 KB
[2025-12-24 01:43:27] ✅ 解析成功 - https://raw.githubusercontent.com/qianqikun/LunaTV-config/473fbad23a9a70180db9a1a529d6c6f441447ebd/jin18.json - 作者: qianqikun, 更新时间: unknown, 大小: 0.0 KB
[2025-12-24 01:43:27] ✅ 解析成功 - https://raw.githubusercontent.com/chat263/tvjson/45dbc00aebda1642a95c20be2b5a0bda61a60e78/m.json - 作者: chat263, 更新时间: unknown, 大小: 0.0 KB
[2025-12-24 01:43:27] ✅ 解析成功 - https://raw.githubusercontent.com/webshellren/XMoonTV/ef052045a4f7a3a10c5907da4d30e3a90984b03b/config.json - 作者: webshellren, 更新时间: unknown, 大小: 0.0 KB
[2025-12-24 01:43:27] ✅ 解析成功 - https://raw.githubusercontent.com/oooopera/moontv_config/46a8e043a5f203c554a6e93f006c615f9ca0979b/config%E5%88%9D%E5%A7%8B.json - 作者: oooopera, 更新时间: unknown, 大小: 0.0 KB
[2025-12-24 01:43:27] ✅ 解析成功 - https://raw.githubusercontent.com/sk3879921/tvjson/3e5394dfbc292321326e218e7bc303716f3f5336/q.json - 作者: sk3879921, 更新时间: unknown, 大小: 0.0 KB
[2025-12-24 01:43:28] ✅ 解析成功 - https://raw.githubusercontent.com/yjh800307/yjh800307.github.io/4b825da4ab5059eae4f36ffc59877d0b5a76ea63/moontv.json - 作者: yjh800307, 更新时间: unknown, 大小: 0.0 KB
[2025-12-24 01:43:28] ✅ 解析成功 - https://raw.githubusercontent.com/lovevampplus/cfdata/5b3d16f5897a422cadc6dbfca9010305daec52b4/96.json - 作者: lovevampplus, 更新时间: unknown, 大小: 0.0 KB
[2025-12-24 01:43:28] ✅ 解析成功 - https://raw.githubusercontent.com/hafrey1/LunaTV-config/bd1838eb86dfa7f58aa7f45fb3e2ab277c7964a7/jingjian.json - 作者: hafrey1, 更新时间: unknown, 大小: 0.0 KB
[2025-12-24 01:43:28] ✅ 解析成功 - https://raw.githubusercontent.com/hanzhenya/hzyiptv/00923a1043db8e531f730912d565eb8619b5675f/config(%E8%80%81).json - 作者: hanzhenya, 更新时间: unknown, 大小: 0.0 KB
[2025-12-24 01:43:28] ✅ 解析成功 - https://raw.githubusercontent.com/haogege8888/KatelyaTV/e58837e6b5dcc4d7d112e05e1d9bda3e9b3bf992/config.json - 作者: haogege8888, 更新时间: unknown, 大小: 0.0 KB
[2025-12-24 01:43:28] ✅ 解析成功 - https://raw.githubusercontent.com/xqrock/openfile/75df10457a00a6e5c9458f20122ebe2c5274c83e/config/vod.json - 作者: xqrock, 更新时间: unknown, 大小: 0.0 KB
[2025-12-24 01:43:28] ✅ 解析成功 - https://raw.githubusercontent.com/kpsmail/new/cdfb9871f929c9875c01bb70d2dfe55f660fea7f/config.json - 作者: kpsmail, 更新时间: unknown, 大小: 0.0 KB
[2025-12-24 01:43:28] ✅ 解析成功 - https://raw.githubusercontent.com/Mikephie/Script/f612715028a8e1629e7e98836f447bb352c59567/config-3.json - 作者: Mikephie, 更新时间: unknown, 大小: 0.0 KB
[2025-12-24 01:43:28] ✅ 解析成功 - https://raw.githubusercontent.com/viacooky/tv-box-sub/3f7188cb5f0b65903fb0bc5dc94b2128e8e6f021/1.json - 作者: viacooky, 更新时间: unknown, 大小: 0.0 KB
[2025-12-24 01:43:29] ✅ 解析成功 - https://raw.githubusercontent.com/wokaotianshi123/jgcj/37d497fc14448dd42cf00da67f9d4a7548bd6cb5/libretv.json - 作者: wokaotianshi123, 更新时间: unknown, 大小: 0.0 KB
[2025-12-24 01:43:29] ✅ 解析成功 - https://raw.githubusercontent.com/SCXSVIP/TV/e7bc32117505d2bda3b31ade3dc96114c6ce623c/MoonTV/MoonTV-xs.json - 作者: SCXSVIP, 更新时间: unknown, 大小: 0.0 KB
[2025-12-24 01:43:29] ✅ 解析成功 - https://raw.githubusercontent.com/iphoneten/CNTV/77a30bc772c40da92aa73c207ca843ca59410545/config_backup.json - 作者: iphoneten, 更新时间: unknown, 大小: 0.0 KB
[2025-12-24 01:43:29] ✅ 解析成功 - https://raw.githubusercontent.com/zhumengkang/edgeone-moontv/262ce332a93ba34966adb07761e7bfab8faab7bf/config.json - 作者: zhumengkang, 更新时间: unknown, 大小: 0.0 KB
[2025-12-24 01:43:29] ✅ 解析成功 - https://raw.githubusercontent.com/wokaotianshi123/wokaotianshi123.github.io/ba836739cbade69a1ae0330c36c39c14b05c8580/luna20251027.json - 作者: wokaotianshi123, 更新时间: unknown, 大小: 0.0 KB
[2025-12-24 01:43:29] ✅ 解析成功 - https://raw.githubusercontent.com/jeffernn/joyflix/7ef1beeba1c6efe7e80a7dd33f28098446659e1b/config.json - 作者: jeffernn, 更新时间: unknown, 大小: 0.0 KB
[2025-12-24 01:43:29] ✅ 解析成功 - https://raw.githubusercontent.com/anonymous-echo/Source-Collector/eb8cd8f5f7960600c8d3af01245b64029c6421e1/config_isadult.json - 作者: anonymous-echo, 更新时间: unknown, 大小: 0.0 KB
[2025-12-24 01:43:29] ✅ 解析成功 - https://raw.githubusercontent.com/ISQIShI/MyResources/118ecf1d83318523283c63a7e401d97707828756/TV%20Source.json - 作者: ISQIShI, 更新时间: unknown, 大小: 0.0 KB
[2025-12-24 01:43:29] ✅ 解析成功 - https://raw.githubusercontent.com/616310/LunaTV-proxy/ad59d5763f4efd2294301cd96ff9804865ebb65c/config/default-config.json - 作者: 616310, 更新时间: unknown, 大小: 0.0 KB
[2025-12-25 01:45:06] ✅ 解析成功 - https://raw.githubusercontent.com/katelya77/KatelyaTV/fc78bb11c026285d1b66e841b227e6171574956c/config.json - 作者: katelya77, 更新时间: unknown, 大小: 0.0 KB
[2025-12-25 01:45:07] ✅ 解析成功 - https://raw.githubusercontent.com/gxnas/TvBox/4153c4225579d480bb5dbba12619ce6e70df8acb/LunaTV.json - 作者: gxnas, 更新时间: unknown, 大小: 0.0 KB
[2025-12-25 01:45:07] ✅ 解析成功 - https://raw.githubusercontent.com/hafrey1/LunaTV-config/06a4e144676cb47e5276bdc1b43ec134845e8d1c/LunaTV-config.json - 作者: hafrey1, 更新时间: unknown, 大小: 0.0 KB
[2025-12-25 01:45:07] ✅ 解析成功 - https://raw.githubusercontent.com/samqin123/MoonTV/c0bba763d16fb5cd830a808d58329025337491cf/config.json - 作者: samqin123, 更新时间: unknown, 大小: 0.0 KB
[2025-12-25 01:45:07] ✅ 解析成功 - https://raw.githubusercontent.com/Jonney111/jonney_clash/7277685840b1cbedbc2b55377acc81adff1d5745/moontv.json - 作者: Jonney111, 更新时间: unknown, 大小: 0.0 KB
[2025-12-25 01:45:07] ✅ 解析成功 - https://raw.githubusercontent.com/vodtv/api/ce5e9e2cff031251e0157d338b0918e55cbfb98d/jin18.json - 作者: vodtv, 更新时间: unknown, 大小: 0.0 KB
[2025-12-25 01:45:07] ✅ 解析成功 - https://raw.githubusercontent.com/lovevampplus/cfdata/5b3d16f5897a422cadc6dbfca9010305daec52b4/moontv-config.json - 作者: lovevampplus, 更新时间: unknown, 大小: 0.0 KB
[2025-12-25 01:45:07] ✅ 解析成功 - https://raw.githubusercontent.com/qianqikun/LunaTV-config/d364661f46865dcde3a2d880c2a18381af6d111b/jin18.json - 作者: qianqikun, 更新时间: unknown, 大小: 0.0 KB
[2025-12-25 01:45:08] ✅ 解析成功 - https://raw.githubusercontent.com/chat263/tvjson/45dbc00aebda1642a95c20be2b5a0bda61a60e78/m.json - 作者: chat263, 更新时间: unknown, 大小: 0.0 KB
[2025-12-25 01:45:08] ✅ 解析成功 - https://raw.githubusercontent.com/webshellren/XMoonTV/ef052045a4f7a3a10c5907da4d30e3a90984b03b/config.json - 作者: webshellren, 更新时间: unknown, 大小: 0.0 KB
[2025-12-25 01:45:08] ✅ 解析成功 - https://raw.githubusercontent.com/oooopera/moontv_config/7ce31fe6518d4738f68b541d7e1573de6acdf287/config%E5%88%9D%E5%A7%8B.json - 作者: oooopera, 更新时间: unknown, 大小: 0.0 KB
[2025-12-25 01:45:08] ✅ 解析成功 - https://raw.githubusercontent.com/sk3879921/tvjson/3e5394dfbc292321326e218e7bc303716f3f5336/q.json - 作者: sk3879921, 更新时间: unknown, 大小: 0.0 KB
[2025-12-25 01:45:08] ✅ 解析成功 - https://raw.githubusercontent.com/yjh800307/yjh800307.github.io/4b825da4ab5059eae4f36ffc59877d0b5a76ea63/moontv.json - 作者: yjh800307, 更新时间: unknown, 大小: 0.0 KB
[2025-12-25 01:45:08] ✅ 解析成功 - https://raw.githubusercontent.com/lovevampplus/cfdata/5b3d16f5897a422cadc6dbfca9010305daec52b4/96.json - 作者: lovevampplus, 更新时间: unknown, 大小: 0.0 KB
[2025-12-25 01:45:08] ✅ 解析成功 - https://raw.githubusercontent.com/hafrey1/LunaTV-config/06a4e144676cb47e5276bdc1b43ec134845e8d1c/jingjian.json - 作者: hafrey1, 更新时间: unknown, 大小: 0.0 KB
[2025-12-25 01:45:08] ✅ 解析成功 - https://raw.githubusercontent.com/hanzhenya/hzyiptv/00923a1043db8e531f730912d565eb8619b5675f/config(%E8%80%81).json - 作者: hanzhenya, 更新时间: unknown, 大小: 0.0 KB
[2025-12-25 01:45:09] ✅ 解析成功 - https://raw.githubusercontent.com/haogege8888/KatelyaTV/e58837e6b5dcc4d7d112e05e1d9bda3e9b3bf992/config.json - 作者: haogege8888, 更新时间: unknown, 大小: 0.0 KB
[2025-12-25 01:45:09] ✅ 解析成功 - https://raw.githubusercontent.com/xqrock/openfile/75df10457a00a6e5c9458f20122ebe2c5274c83e/config/vod.json - 作者: xqrock, 更新时间: unknown, 大小: 0.0 KB
[2025-12-25 01:45:09] ✅ 解析成功 - https://raw.githubusercontent.com/kpsmail/new/cdfb9871f929c9875c01bb70d2dfe55f660fea7f/config.json - 作者: kpsmail, 更新时间: unknown, 大小: 0.0 KB
[2025-12-25 01:45:09] ✅ 解析成功 - https://raw.githubusercontent.com/Mikephie/Script/3306fdcfa81beba02343c8d0c7648bae88e3e92d/config-3.json - 作者: Mikephie, 更新时间: unknown, 大小: 0.0 KB
[2025-12-25 01:45:09] ✅ 解析成功 - https://raw.githubusercontent.com/viacooky/tv-box-sub/3f7188cb5f0b65903fb0bc5dc94b2128e8e6f021/1.json - 作者: viacooky, 更新时间: unknown, 大小: 0.0 KB
[2025-12-25 01:45:09] ✅ 解析成功 - https://raw.githubusercontent.com/wokaotianshi123/jgcj/22222ac45aec1740c207c512683f7d5cd7a51b4b/libretv.json - 作者: wokaotianshi123, 更新时间: unknown, 大小: 0.0 KB
[2025-12-25 01:45:09] ✅ 解析成功 - https://raw.githubusercontent.com/SCXSVIP/TV/e7bc32117505d2bda3b31ade3dc96114c6ce623c/MoonTV/MoonTV-xs.json - 作者: SCXSVIP, 更新时间: unknown, 大小: 0.0 KB
[2025-12-25 01:45:10] ✅ 解析成功 - https://raw.githubusercontent.com/iphoneten/CNTV/77a30bc772c40da92aa73c207ca843ca59410545/config_backup.json - 作者: iphoneten, 更新时间: unknown, 大小: 0.0 KB
[2025-12-25 01:45:10] ✅ 解析成功 - https://raw.githubusercontent.com/zhumengkang/edgeone-moontv/262ce332a93ba34966adb07761e7bfab8faab7bf/config.json - 作者: zhumengkang, 更新时间: unknown, 大小: 0.0 KB
[2025-12-25 01:45:10] ✅ 解析成功 - https://raw.githubusercontent.com/wokaotianshi123/wokaotianshi123.github.io/ba836739cbade69a1ae0330c36c39c14b05c8580/luna20251027.json - 作者: wokaotianshi123, 更新时间: unknown, 大小: 0.0 KB
[2025-12-25 01:45:10] ✅ 解析成功 - https://raw.githubusercontent.com/jeffernn/joyflix/7ef1beeba1c6efe7e80a7dd33f28098446659e1b/config.json - 作者: jeffernn, 更新时间: unknown, 大小: 0.0 KB
[2025-12-25 01:45:10] ✅ 解析成功 - https://raw.githubusercontent.com/anonymous-echo/Source-Collector/eb8cd8f5f7960600c8d3af01245b64029c6421e1/config_isadult.json - 作者: anonymous-echo, 更新时间: unknown, 大小: 0.0 KB
[2025-12-25 01:45:10] ✅ 解析成功 - https://raw.githubusercontent.com/ISQIShI/MyResources/118ecf1d83318523283c63a7e401d97707828756/TV%20Source.json - 作者: ISQIShI, 更新时间: unknown, 大小: 0.0 KB
[2025-12-25 01:45:10] ✅ 解析成功 - https://raw.githubusercontent.com/616310/LunaTV-proxy/ad59d5763f4efd2294301cd96ff9804865ebb65c/config/default-config.json - 作者: 616310, 更新时间: unknown, 大小: 0.0 KB
[2025-12-26 01:44:23] ✅ 解析成功 - https://raw.githubusercontent.com/katelya77/KatelyaTV/fc78bb11c026285d1b66e841b227e6171574956c/config.json - 作者: katelya77, 更新时间: unknown, 大小: 0.0 KB
[2025-12-26 01:44:23] ✅ 解析成功 - https://raw.githubusercontent.com/gxnas/TvBox/4153c4225579d480bb5dbba12619ce6e70df8acb/LunaTV.json - 作者: gxnas, 更新时间: unknown, 大小: 0.0 KB
[2025-12-26 01:44:23] ✅ 解析成功 - https://raw.githubusercontent.com/hafrey1/LunaTV-config/685ea3bde948c03c912231af623fff71908d6f6a/LunaTV-config.json - 作者: hafrey1, 更新时间: unknown, 大小: 0.0 KB
[2025-12-26 01:44:24] ✅ 解析成功 - https://raw.githubusercontent.com/samqin123/MoonTV/c0bba763d16fb5cd830a808d58329025337491cf/config.json - 作者: samqin123, 更新时间: unknown, 大小: 0.0 KB
[2025-12-26 01:44:24] ✅ 解析成功 - https://raw.githubusercontent.com/Jonney111/jonney_clash/7277685840b1cbedbc2b55377acc81adff1d5745/moontv.json - 作者: Jonney111, 更新时间: unknown, 大小: 0.0 KB
[2025-12-26 01:44:24] ✅ 解析成功 - https://raw.githubusercontent.com/vodtv/api/4f9c9b1ed8be09efdb99454188d1b1db8cbe45b8/jin18.json - 作者: vodtv, 更新时间: unknown, 大小: 0.0 KB
[2025-12-26 01:44:24] ✅ 解析成功 - https://raw.githubusercontent.com/lovevampplus/cfdata/5b3d16f5897a422cadc6dbfca9010305daec52b4/moontv-config.json - 作者: lovevampplus, 更新时间: unknown, 大小: 0.0 KB
[2025-12-26 01:44:24] ✅ 解析成功 - https://raw.githubusercontent.com/qianqikun/LunaTV-config/52faa889d792ea42aa3dbe8736f032bb3f43d5ec/jin18.json - 作者: qianqikun, 更新时间: unknown, 大小: 0.0 KB
[2025-12-26 01:44:25] ✅ 解析成功 - https://raw.githubusercontent.com/chat263/tvjson/45dbc00aebda1642a95c20be2b5a0bda61a60e78/m.json - 作者: chat263, 更新时间: unknown, 大小: 0.0 KB
[2025-12-26 01:44:25] ✅ 解析成功 - https://raw.githubusercontent.com/webshellren/XMoonTV/ef052045a4f7a3a10c5907da4d30e3a90984b03b/config.json - 作者: webshellren, 更新时间: unknown, 大小: 0.0 KB
[2025-12-26 01:44:25] ✅ 解析成功 - https://raw.githubusercontent.com/oooopera/moontv_config/34157a3bf2335e09ce92e9f9a3346314fe8b2c71/config%E5%88%9D%E5%A7%8B.json - 作者: oooopera, 更新时间: unknown, 大小: 0.0 KB
[2025-12-26 01:44:25] ✅ 解析成功 - https://raw.githubusercontent.com/sk3879921/tvjson/3e5394dfbc292321326e218e7bc303716f3f5336/q.json - 作者: sk3879921, 更新时间: unknown, 大小: 0.0 KB
[2025-12-26 01:44:25] ✅ 解析成功 - https://raw.githubusercontent.com/yjh800307/yjh800307.github.io/4b825da4ab5059eae4f36ffc59877d0b5a76ea63/moontv.json - 作者: yjh800307, 更新时间: unknown, 大小: 0.0 KB
[2025-12-26 01:44:26] ✅ 解析成功 - https://raw.githubusercontent.com/lovevampplus/cfdata/5b3d16f5897a422cadc6dbfca9010305daec52b4/96.json - 作者: lovevampplus, 更新时间: unknown, 大小: 0.0 KB
[2025-12-26 01:44:26] ✅ 解析成功 - https://raw.githubusercontent.com/hafrey1/LunaTV-config/685ea3bde948c03c912231af623fff71908d6f6a/jingjian.json - 作者: hafrey1, 更新时间: unknown, 大小: 0.0 KB
[2025-12-26 01:44:26] ✅ 解析成功 - https://raw.githubusercontent.com/hanzhenya/hzyiptv/00923a1043db8e531f730912d565eb8619b5675f/config(%E8%80%81).json - 作者: hanzhenya, 更新时间: unknown, 大小: 0.0 KB
[2025-12-26 01:44:26] ✅ 解析成功 - https://raw.githubusercontent.com/haogege8888/KatelyaTV/e58837e6b5dcc4d7d112e05e1d9bda3e9b3bf992/config.json - 作者: haogege8888, 更新时间: unknown, 大小: 0.0 KB
[2025-12-26 01:44:26] ✅ 解析成功 - https://raw.githubusercontent.com/xqrock/openfile/75df10457a00a6e5c9458f20122ebe2c5274c83e/config/vod.json - 作者: xqrock, 更新时间: unknown, 大小: 0.0 KB
[2025-12-26 01:44:26] ✅ 解析成功 - https://raw.githubusercontent.com/kpsmail/new/cdfb9871f929c9875c01bb70d2dfe55f660fea7f/config.json - 作者: kpsmail, 更新时间: unknown, 大小: 0.0 KB
[2025-12-26 01:44:27] ✅ 解析成功 - https://raw.githubusercontent.com/Mikephie/Script/3828d818a24239a870075388c6f9517a79453932/config-3.json - 作者: Mikephie, 更新时间: unknown, 大小: 0.0 KB
[2025-12-26 01:44:27] ✅ 解析成功 - https://raw.githubusercontent.com/viacooky/tv-box-sub/3f7188cb5f0b65903fb0bc5dc94b2128e8e6f021/1.json - 作者: viacooky, 更新时间: unknown, 大小: 0.0 KB
[2025-12-26 01:44:27] ✅ 解析成功 - https://raw.githubusercontent.com/wokaotianshi123/jgcj/22222ac45aec1740c207c512683f7d5cd7a51b4b/libretv.json - 作者: wokaotianshi123, 更新时间: unknown, 大小: 0.0 KB
[2025-12-26 01:44:27] ✅ 解析成功 - https://raw.githubusercontent.com/SCXSVIP/TV/e7bc32117505d2bda3b31ade3dc96114c6ce623c/MoonTV/MoonTV-xs.json - 作者: SCXSVIP, 更新时间: unknown, 大小: 0.0 KB
[2025-12-26 01:44:27] ✅ 解析成功 - https://raw.githubusercontent.com/iphoneten/CNTV/77a30bc772c40da92aa73c207ca843ca59410545/config_backup.json - 作者: iphoneten, 更新时间: unknown, 大小: 0.0 KB
[2025-12-26 01:44:28] ✅ 解析成功 - https://raw.githubusercontent.com/zhumengkang/edgeone-moontv/262ce332a93ba34966adb07761e7bfab8faab7bf/config.json - 作者: zhumengkang, 更新时间: unknown, 大小: 0.0 KB
[2025-12-26 01:44:28] ✅ 解析成功 - https://raw.githubusercontent.com/wokaotianshi123/wokaotianshi123.github.io/026d74711fb5d2faf859479b542a7dc77e0ac8fc/luna20251027.json - 作者: wokaotianshi123, 更新时间: unknown, 大小: 0.0 KB
[2025-12-26 01:44:28] ✅ 解析成功 - https://raw.githubusercontent.com/jeffernn/joyflix/7ef1beeba1c6efe7e80a7dd33f28098446659e1b/config.json - 作者: jeffernn, 更新时间: unknown, 大小: 0.0 KB
[2025-12-26 01:44:28] ✅ 解析成功 - https://raw.githubusercontent.com/adminlove520/Source-Collector/eb8cd8f5f7960600c8d3af01245b64029c6421e1/config_isadult.json - 作者: adminlove520, 更新时间: unknown, 大小: 0.0 KB
[2025-12-26 01:44:28] ✅ 解析成功 - https://raw.githubusercontent.com/ISQIShI/MyResources/118ecf1d83318523283c63a7e401d97707828756/TV%20Source.json - 作者: ISQIShI, 更新时间: unknown, 大小: 0.0 KB
[2025-12-26 01:44:28] ✅ 解析成功 - https://raw.githubusercontent.com/616310/LunaTV-proxy/ad59d5763f4efd2294301cd96ff9804865ebb65c/config/default-config.json - 作者: 616310, 更新时间: unknown, 大小: 0.0 KB
[2025-12-27 01:42:32] ✅ 解析成功 - https://raw.githubusercontent.com/katelya77/KatelyaTV/fc78bb11c026285d1b66e841b227e6171574956c/config.json - 作者: katelya77, 更新时间: unknown, 大小: 0.0 KB
[2025-12-27 01:42:32] ✅ 解析成功 - https://raw.githubusercontent.com/gxnas/TvBox/4153c4225579d480bb5dbba12619ce6e70df8acb/LunaTV.json - 作者: gxnas, 更新时间: unknown, 大小: 0.0 KB
[2025-12-27 01:42:32] ✅ 解析成功 - https://raw.githubusercontent.com/hafrey1/LunaTV-config/88ad9cf24e7efbcc43356bab9da464707bf9e1bf/LunaTV-config.json - 作者: hafrey1, 更新时间: unknown, 大小: 0.0 KB
[2025-12-27 01:42:32] ✅ 解析成功 - https://raw.githubusercontent.com/samqin123/MoonTV/c0bba763d16fb5cd830a808d58329025337491cf/config.json - 作者: samqin123, 更新时间: unknown, 大小: 0.0 KB
[2025-12-27 01:42:32] ✅ 解析成功 - https://raw.githubusercontent.com/Jonney111/jonney_clash/7277685840b1cbedbc2b55377acc81adff1d5745/moontv.json - 作者: Jonney111, 更新时间: unknown, 大小: 0.0 KB
[2025-12-27 01:42:32] ✅ 解析成功 - https://raw.githubusercontent.com/vodtv/api/b8c566e6109f3616c89667b218f3712d32cc2b13/jin18.json - 作者: vodtv, 更新时间: unknown, 大小: 0.0 KB
[2025-12-27 01:42:33] ✅ 解析成功 - https://raw.githubusercontent.com/lovevampplus/cfdata/5b3d16f5897a422cadc6dbfca9010305daec52b4/moontv-config.json - 作者: lovevampplus, 更新时间: unknown, 大小: 0.0 KB
[2025-12-27 01:42:33] ✅ 解析成功 - https://raw.githubusercontent.com/qianqikun/LunaTV-config/1dd6916d2b83b296a73cb7861840602cb5a62eae/jin18.json - 作者: qianqikun, 更新时间: unknown, 大小: 0.0 KB
[2025-12-27 01:42:33] ✅ 解析成功 - https://raw.githubusercontent.com/Mikephie/Script/2f9428eb264a41bda8e3fb09bdb3a4f0feb89f79/config-2.json - 作者: Mikephie, 更新时间: unknown, 大小: 0.0 KB
[2025-12-27 01:42:33] ✅ 解析成功 - https://raw.githubusercontent.com/webshellren/XMoonTV/ef052045a4f7a3a10c5907da4d30e3a90984b03b/config.json - 作者: webshellren, 更新时间: unknown, 大小: 0.0 KB
[2025-12-27 01:42:33] ✅ 解析成功 - https://raw.githubusercontent.com/oooopera/moontv_config/26928d626efc7af229c064ed53c9290e193c782f/config%E5%88%9D%E5%A7%8B.json - 作者: oooopera, 更新时间: unknown, 大小: 0.0 KB
[2025-12-27 01:42:33] ✅ 解析成功 - https://raw.githubusercontent.com/ISQIShI/MyResources/118ecf1d83318523283c63a7e401d97707828756/TV%20Source.json - 作者: ISQIShI, 更新时间: unknown, 大小: 0.0 KB
[2025-12-27 01:42:33] ✅ 解析成功 - https://raw.githubusercontent.com/hjdhnx/drpy-node/f7fd1aa650f557ff2d6aece6256070422f203ec5/scripts/mjs/moontv.json - 作者: hjdhnx, 更新时间: unknown, 大小: 0.0 KB
[2025-12-27 01:42:34] ✅ 解析成功 - https://raw.githubusercontent.com/lovevampplus/cfdata/5b3d16f5897a422cadc6dbfca9010305daec52b4/96.json - 作者: lovevampplus, 更新时间: unknown, 大小: 0.0 KB
[2025-12-27 01:42:34] ✅ 解析成功 - https://raw.githubusercontent.com/PAICNI/Videos_PLUS/b51ff1521a1e77f17ad538ccfd3c100cc42e0663/MoonTV%E8%A7%86%E9%A2%91%E6%BA%90Plus%E7%89%88.json - 作者: PAICNI, 更新时间: unknown, 大小: 0.0 KB
[2025-12-27 01:42:34] ✅ 解析成功 - https://raw.githubusercontent.com/adminlove520/Source-Collector/eb8cd8f5f7960600c8d3af01245b64029c6421e1/config_isadult.json - 作者: adminlove520, 更新时间: unknown, 大小: 0.0 KB
[2025-12-27 01:42:34] ✅ 解析成功 - https://raw.githubusercontent.com/sk3879921/tvjson/3e5394dfbc292321326e218e7bc303716f3f5336/q.json - 作者: sk3879921, 更新时间: unknown, 大小: 0.0 KB
[2025-12-27 01:42:34] ✅ 解析成功 - https://raw.githubusercontent.com/viacooky/tv-box-sub/3f7188cb5f0b65903fb0bc5dc94b2128e8e6f021/2.json - 作者: viacooky, 更新时间: unknown, 大小: 0.0 KB
[2025-12-27 01:42:34] ✅ 解析成功 - https://raw.githubusercontent.com/cc638/tvbox/2d5881ad9df093f100b0bdbc109cb10f0f922065/%E8%A7%86%E9%A2%91%E6%BA%90.json - 作者: cc638, 更新时间: unknown, 大小: 0.0 KB
[2025-12-27 01:42:34] ✅ 解析成功 - https://raw.githubusercontent.com/zhumengkang/edgeone-moontv/262ce332a93ba34966adb07761e7bfab8faab7bf/config.json - 作者: zhumengkang, 更新时间: unknown, 大小: 0.0 KB
[2025-12-27 01:42:34] ✅ 解析成功 - https://raw.githubusercontent.com/haogege8888/KatelyaTV/e58837e6b5dcc4d7d112e05e1d9bda3e9b3bf992/config.json - 作者: haogege8888, 更新时间: unknown, 大小: 0.0 KB
[2025-12-27 01:42:35] ✅ 解析成功 - https://raw.githubusercontent.com/ltxxjs/box2022-1/51a5a45f63580f4bab5811d957a3ad75a9a7f393/configplus_isadult.json - 作者: ltxxjs, 更新时间: unknown, 大小: 0.0 KB
[2025-12-27 01:42:35] ✅ 解析成功 - https://raw.githubusercontent.com/iphoneten/CNTV/77a30bc772c40da92aa73c207ca843ca59410545/config.json - 作者: iphoneten, 更新时间: unknown, 大小: 0.0 KB
[2025-12-27 01:42:35] ✅ 解析成功 - https://raw.githubusercontent.com/talefou/static/e11ad37a2275361159c20daba3c05dce14482857/tv/config.json - 作者: talefou, 更新时间: unknown, 大小: 0.0 KB
[2025-12-27 01:42:35] ✅ 解析成功 - https://raw.githubusercontent.com/chat263/tvjson/45dbc00aebda1642a95c20be2b5a0bda61a60e78/m.json - 作者: chat263, 更新时间: unknown, 大小: 0.0 KB
[2025-12-27 01:42:35] ✅ 解析成功 - https://raw.githubusercontent.com/616310/LunaTV-proxy/ad59d5763f4efd2294301cd96ff9804865ebb65c/config/default-config.json - 作者: 616310, 更新时间: unknown, 大小: 0.0 KB
[2025-12-27 01:42:35] ✅ 解析成功 - https://raw.githubusercontent.com/yjh800307/yjh800307.github.io/4b825da4ab5059eae4f36ffc59877d0b5a76ea63/moontv.json - 作者: yjh800307, 更新时间: unknown, 大小: 0.0 KB
[2025-12-27 01:42:35] ✅ 解析成功 - https://raw.githubusercontent.com/yenkj/epg/e6331a152da62fdf09c54c579ee73c09df5c174f/config0.json - 作者: yenkj, 更新时间: unknown, 大小: 0.0 KB
[2025-12-28 01:55:14] ✅ 解析成功 - https://raw.githubusercontent.com/katelya77/KatelyaTV/fc78bb11c026285d1b66e841b227e6171574956c/config.json - 作者: katelya77, 更新时间: unknown, 大小: 0.0 KB
[2025-12-28 01:55:14] ✅ 解析成功 - https://raw.githubusercontent.com/gxnas/TvBox/4153c4225579d480bb5dbba12619ce6e70df8acb/LunaTV.json - 作者: gxnas, 更新时间: unknown, 大小: 0.0 KB
[2025-12-28 01:55:14] ✅ 解析成功 - https://raw.githubusercontent.com/hafrey1/LunaTV-config/a8df8b41d9a90eeffc269fdb05b0c63f89b0b679/LunaTV-config.json - 作者: hafrey1, 更新时间: unknown, 大小: 0.0 KB
[2025-12-28 01:55:14] ✅ 解析成功 - https://raw.githubusercontent.com/samqin123/MoonTV/c0bba763d16fb5cd830a808d58329025337491cf/config.json - 作者: samqin123, 更新时间: unknown, 大小: 0.0 KB
[2025-12-28 01:55:14] ✅ 解析成功 - https://raw.githubusercontent.com/Jonney111/jonney_clash/7277685840b1cbedbc2b55377acc81adff1d5745/moontv.json - 作者: Jonney111, 更新时间: unknown, 大小: 0.0 KB
[2025-12-28 01:55:15] ✅ 解析成功 - https://raw.githubusercontent.com/vodtv/api/f3af40b708716a952c128977b1e908403f9d5c1a/jin18.json - 作者: vodtv, 更新时间: unknown, 大小: 0.0 KB
[2025-12-28 01:55:15] ✅ 解析成功 - https://raw.githubusercontent.com/lovevampplus/cfdata/5b3d16f5897a422cadc6dbfca9010305daec52b4/moontv-config.json - 作者: lovevampplus, 更新时间: unknown, 大小: 0.0 KB
[2025-12-28 01:55:15] ✅ 解析成功 - https://raw.githubusercontent.com/qianqikun/LunaTV-config/93133def105dff4d5711b6f65de7a466ef27608f/jin18.json - 作者: qianqikun, 更新时间: unknown, 大小: 0.0 KB
[2025-12-28 01:55:15] ✅ 解析成功 - https://raw.githubusercontent.com/Mikephie/Script/2f72b90ff2f3b3be2b07687806fa8660aa797cb8/config-2.json - 作者: Mikephie, 更新时间: unknown, 大小: 0.0 KB
[2025-12-28 01:55:15] ✅ 解析成功 - https://raw.githubusercontent.com/webshellren/XMoonTV/ef052045a4f7a3a10c5907da4d30e3a90984b03b/config.json - 作者: webshellren, 更新时间: unknown, 大小: 0.0 KB
[2025-12-28 01:55:15] ✅ 解析成功 - https://raw.githubusercontent.com/oooopera/moontv_config/37f53712f65a78839fb38c5ccb350dee3247a7da/config%E5%88%9D%E5%A7%8B.json - 作者: oooopera, 更新时间: unknown, 大小: 0.0 KB
[2025-12-28 01:55:16] ✅ 解析成功 - https://raw.githubusercontent.com/yjh800307/yjh800307.github.io/4b825da4ab5059eae4f36ffc59877d0b5a76ea63/moontv.json - 作者: yjh800307, 更新时间: unknown, 大小: 0.0 KB
[2025-12-28 01:55:16] ✅ 解析成功 - https://raw.githubusercontent.com/ISQIShI/MyResources/118ecf1d83318523283c63a7e401d97707828756/TV%20Source.json - 作者: ISQIShI, 更新时间: unknown, 大小: 0.0 KB
[2025-12-28 01:55:16] ✅ 解析成功 - https://raw.githubusercontent.com/PAICNI/Videos_PLUS/b51ff1521a1e77f17ad538ccfd3c100cc42e0663/MoonTV%E8%A7%86%E9%A2%91%E6%BA%90Plus%E7%89%88.json - 作者: PAICNI, 更新时间: unknown, 大小: 0.0 KB
[2025-12-28 01:55:16] ✅ 解析成功 - https://raw.githubusercontent.com/viacooky/tv-box-sub/3f7188cb5f0b65903fb0bc5dc94b2128e8e6f021/1.json - 作者: viacooky, 更新时间: unknown, 大小: 0.0 KB
[2025-12-28 01:55:17] ✅ 解析成功 - https://raw.githubusercontent.com/sk3879921/tvjson/3e5394dfbc292321326e218e7bc303716f3f5336/q.json - 作者: sk3879921, 更新时间: unknown, 大小: 0.0 KB
[2025-12-28 01:55:17] ✅ 解析成功 - https://raw.githubusercontent.com/zhumengkang/edgeone-moontv/262ce332a93ba34966adb07761e7bfab8faab7bf/config.json - 作者: zhumengkang, 更新时间: unknown, 大小: 0.0 KB
[2025-12-28 01:55:17] ✅ 解析成功 - https://raw.githubusercontent.com/yenkj/epg/0faccfedd507378a0343f7db5a828dbb7fa565b1/config0.json - 作者: yenkj, 更新时间: unknown, 大小: 0.0 KB
[2025-12-28 01:55:17] ✅ 解析成功 - https://raw.githubusercontent.com/ltxxjs/box2022-1/51a5a45f63580f4bab5811d957a3ad75a9a7f393/configplus_isadult.json - 作者: ltxxjs, 更新时间: unknown, 大小: 0.0 KB
[2025-12-28 01:55:17] ✅ 解析成功 - https://raw.githubusercontent.com/kpsmail/new/cdfb9871f929c9875c01bb70d2dfe55f660fea7f/config.json - 作者: kpsmail, 更新时间: unknown, 大小: 0.0 KB
[2025-12-28 01:55:18] ✅ 解析成功 - https://raw.githubusercontent.com/cc638/tvbox/2d5881ad9df093f100b0bdbc109cb10f0f922065/%E8%A7%86%E9%A2%91%E6%BA%90.json - 作者: cc638, 更新时间: unknown, 大小: 0.0 KB
[2025-12-28 01:55:18] ✅ 解析成功 - https://raw.githubusercontent.com/wokaotianshi123/wokaotianshi123.github.io/026d74711fb5d2faf859479b542a7dc77e0ac8fc/moontv/config_2025-09-23.json - 作者: wokaotianshi123, 更新时间: unknown, 大小: 0.0 KB
[2025-12-28 01:55:18] ✅ 解析成功 - https://raw.githubusercontent.com/katelya77/KatelyaTV/fc78bb11c026285d1b66e841b227e6171574956c/config.example.json - 作者: katelya77, 更新时间: unknown, 大小: 0.0 KB
[2025-12-28 01:55:18] ✅ 解析成功 - https://raw.githubusercontent.com/iphoneten/CNTV/77a30bc772c40da92aa73c207ca843ca59410545/config.json - 作者: iphoneten, 更新时间: unknown, 大小: 0.0 KB
[2025-12-28 01:55:18] ✅ 解析成功 - https://raw.githubusercontent.com/adminlove520/Source-Collector/eb8cd8f5f7960600c8d3af01245b64029c6421e1/config_isadult.json - 作者: adminlove520, 更新时间: unknown, 大小: 0.0 KB
[2025-12-28 01:55:18] ✅ 解析成功 - https://raw.githubusercontent.com/hafrey1/LunaTV-config/a8df8b41d9a90eeffc269fdb05b0c63f89b0b679/jingjian.json - 作者: hafrey1, 更新时间: unknown, 大小: 0.0 KB
[2025-12-28 01:55:19] ✅ 解析成功 - https://raw.githubusercontent.com/wokaotianshi123/wokaotianshi123.github.io/026d74711fb5d2faf859479b542a7dc77e0ac8fc/luna20251027.json - 作者: wokaotianshi123, 更新时间: unknown, 大小: 0.0 KB
[2025-12-28 01:55:19] ✅ 解析成功 - https://raw.githubusercontent.com/SCXSVIP/TV/e7bc32117505d2bda3b31ade3dc96114c6ce623c/MoonTV/MoonTV-xs.json - 作者: SCXSVIP, 更新时间: unknown, 大小: 0.0 KB
[2025-12-28 01:55:19] ✅ 解析成功 - https://raw.githubusercontent.com/Nesciasnenion/helloworld/cbaa34b8af6af1d1efedfa2230fe41ba1e1996da/moontv-config-all.json - 作者: Nesciasnenion, 更新时间: unknown, 大小: 0.0 KB
[2025-12-29 01:53:18] ✅ 解析成功 - https://raw.githubusercontent.com/katelya77/KatelyaTV/fc78bb11c026285d1b66e841b227e6171574956c/config.json - 作者: katelya77, 更新时间: unknown, 大小: 0.0 KB
[2025-12-29 01:53:19] ✅ 解析成功 - https://raw.githubusercontent.com/gxnas/TvBox/4153c4225579d480bb5dbba12619ce6e70df8acb/LunaTV.json - 作者: gxnas, 更新时间: unknown, 大小: 0.0 KB
[2025-12-29 01:53:19] ✅ 解析成功 - https://raw.githubusercontent.com/hafrey1/LunaTV-config/b5bd665643a87977e63010e016e04efe0430eb43/LunaTV-config.json - 作者: hafrey1, 更新时间: unknown, 大小: 0.0 KB
[2025-12-29 01:53:19] ✅ 解析成功 - https://raw.githubusercontent.com/samqin123/MoonTV/c0bba763d16fb5cd830a808d58329025337491cf/config.json - 作者: samqin123, 更新时间: unknown, 大小: 0.0 KB
[2025-12-29 01:53:19] ✅ 解析成功 - https://raw.githubusercontent.com/Jonney111/jonney_clash/7277685840b1cbedbc2b55377acc81adff1d5745/moontv.json - 作者: Jonney111, 更新时间: unknown, 大小: 0.0 KB
[2025-12-29 01:53:20] ✅ 解析成功 - https://raw.githubusercontent.com/vodtv/api/fc2d6f7c0d760c80f027464b259c910941c259bc/jin18.json - 作者: vodtv, 更新时间: unknown, 大小: 0.0 KB
[2025-12-29 01:53:20] ✅ 解析成功 - https://raw.githubusercontent.com/hanzhenya/hzyiptv/00923a1043db8e531f730912d565eb8619b5675f/config(%E8%80%81).json - 作者: hanzhenya, 更新时间: unknown, 大小: 0.0 KB
[2025-12-29 01:53:20] ✅ 解析成功 - https://raw.githubusercontent.com/lovevampplus/cfdata/5b3d16f5897a422cadc6dbfca9010305daec52b4/moontv-config.json - 作者: lovevampplus, 更新时间: unknown, 大小: 0.0 KB
[2025-12-29 01:53:20] ✅ 解析成功 - https://raw.githubusercontent.com/iphoneten/CNTV/77a30bc772c40da92aa73c207ca843ca59410545/config.json - 作者: iphoneten, 更新时间: unknown, 大小: 0.0 KB
[2025-12-29 01:53:20] ✅ 解析成功 - https://raw.githubusercontent.com/oooopera/moontv_config/5e216c6e50de06762022f564ad095c8ffcb66e66/config%E5%88%9D%E5%A7%8B.json - 作者: oooopera, 更新时间: unknown, 大小: 0.0 KB
[2025-12-29 01:53:21] ✅ 解析成功 - https://raw.githubusercontent.com/yjh800307/yjh800307.github.io/4b825da4ab5059eae4f36ffc59877d0b5a76ea63/moontv.json - 作者: yjh800307, 更新时间: unknown, 大小: 0.0 KB
[2025-12-29 01:53:21] ✅ 解析成功 - https://raw.githubusercontent.com/viacooky/tv-box-sub/3f7188cb5f0b65903fb0bc5dc94b2128e8e6f021/2.json - 作者: viacooky, 更新时间: unknown, 大小: 0.0 KB
[2025-12-29 01:53:21] ✅ 解析成功 - https://raw.githubusercontent.com/SCXSVIP/TV/e7bc32117505d2bda3b31ade3dc96114c6ce623c/MoonTV/MoonTV-xs.json - 作者: SCXSVIP, 更新时间: unknown, 大小: 0.0 KB
[2025-12-29 01:53:21] ✅ 解析成功 - https://raw.githubusercontent.com/ISQIShI/MyResources/118ecf1d83318523283c63a7e401d97707828756/TV%20Source.json - 作者: ISQIShI, 更新时间: unknown, 大小: 0.0 KB
[2025-12-29 01:53:21] ✅ 解析成功 - https://raw.githubusercontent.com/mhq1389/lsegou/7cbbee54537334e668dd678fd8a8ef5efe6e0957/config.json - 作者: mhq1389, 更新时间: unknown, 大小: 0.0 KB
[2025-12-29 01:53:22] ✅ 解析成功 - https://raw.githubusercontent.com/Mikephie/Script/2c534fd061fae0c65dd1c6f9586664be3d9519da/config-3.json - 作者: Mikephie, 更新时间: unknown, 大小: 0.0 KB
[2025-12-29 01:53:22] ✅ 解析成功 - https://raw.githubusercontent.com/PAICNI/Videos_PLUS/b51ff1521a1e77f17ad538ccfd3c100cc42e0663/MoonTV%E8%A7%86%E9%A2%91%E6%BA%90Plus%E7%89%88.json - 作者: PAICNI, 更新时间: unknown, 大小: 0.0 KB
[2025-12-29 01:53:22] ✅ 解析成功 - https://raw.githubusercontent.com/adminlove520/Source-Collector/eb8cd8f5f7960600c8d3af01245b64029c6421e1/config_isadult.json - 作者: adminlove520, 更新时间: unknown, 大小: 0.0 KB
[2025-12-29 01:53:22] ✅ 解析成功 - https://raw.githubusercontent.com/xqrock/openfile/75df10457a00a6e5c9458f20122ebe2c5274c83e/config/vod.json - 作者: xqrock, 更新时间: unknown, 大小: 0.0 KB
[2025-12-29 01:53:23] ✅ 解析成功 - https://raw.githubusercontent.com/wokaotianshi123/wokaotianshi123.github.io/026d74711fb5d2faf859479b542a7dc77e0ac8fc/moontv/config_2025-09-23.json - 作者: wokaotianshi123, 更新时间: unknown, 大小: 0.0 KB
[2025-12-29 01:53:23] ✅ 解析成功 - https://raw.githubusercontent.com/Nesciasnenion/helloworld/cbaa34b8af6af1d1efedfa2230fe41ba1e1996da/moontv-config-all.json - 作者: Nesciasnenion, 更新时间: unknown, 大小: 0.0 KB
[2025-12-29 01:53:24] ✅ 解析成功 - https://raw.githubusercontent.com/viacooky/tv-box-sub/3f7188cb5f0b65903fb0bc5dc94b2128e8e6f021/1.json - 作者: viacooky, 更新时间: unknown, 大小: 0.0 KB
[2025-12-29 01:53:24] ✅ 解析成功 - https://raw.githubusercontent.com/kpsmail/new/cdfb9871f929c9875c01bb70d2dfe55f660fea7f/config.json - 作者: kpsmail, 更新时间: unknown, 大小: 0.0 KB
[2025-12-29 01:53:24] ✅ 解析成功 - https://raw.githubusercontent.com/katelya77/KatelyaTV/fc78bb11c026285d1b66e841b227e6171574956c/config.example.json - 作者: katelya77, 更新时间: unknown, 大小: 0.0 KB
[2025-12-29 01:53:24] ✅ 解析成功 - https://raw.githubusercontent.com/vodtv/api/fc2d6f7c0d760c80f027464b259c910941c259bc/jingjian.json - 作者: vodtv, 更新时间: unknown, 大小: 0.0 KB
[2025-12-29 01:53:24] ✅ 解析成功 - https://raw.githubusercontent.com/ltxxjs/box2022-1/51a5a45f63580f4bab5811d957a3ad75a9a7f393/configplus_isadult.json - 作者: ltxxjs, 更新时间: unknown, 大小: 0.0 KB
[2025-12-29 01:53:25] ✅ 解析成功 - https://raw.githubusercontent.com/qianqikun/LunaTV-config/4beaa6482ab79a74b6db295722dfc322175bae75/jingjian.json - 作者: qianqikun, 更新时间: unknown, 大小: 0.0 KB
[2025-12-29 01:53:25] ✅ 解析成功 - https://raw.githubusercontent.com/Pundsup/Live/03f56bd3821c11d21031cd1af1a4db819dfee4a7/yszyby.json - 作者: Pundsup, 更新时间: unknown, 大小: 0.0 KB
[2025-12-29 01:53:25] ✅ 解析成功 - https://raw.githubusercontent.com/yenkj/epg/e18810dd80cc9726dae5bed4541b5fa691aebd00/config0.json - 作者: yenkj, 更新时间: unknown, 大小: 0.0 KB
[2025-12-30 01:45:26] ✅ 解析成功 - https://raw.githubusercontent.com/katelya77/KatelyaTV/fc78bb11c026285d1b66e841b227e6171574956c/config.json - 作者: katelya77, 更新时间: unknown, 大小: 0.0 KB
[2025-12-30 01:45:27] ✅ 解析成功 - https://raw.githubusercontent.com/gxnas/TvBox/4153c4225579d480bb5dbba12619ce6e70df8acb/LunaTV.json - 作者: gxnas, 更新时间: unknown, 大小: 0.0 KB
[2025-12-30 01:45:27] ✅ 解析成功 - https://raw.githubusercontent.com/hafrey1/LunaTV-config/bc33bd6e1d3cc497708c3c3446cdd1b50c08a3e6/LunaTV-config.json - 作者: hafrey1, 更新时间: unknown, 大小: 0.0 KB
[2025-12-30 01:45:27] ✅ 解析成功 - https://raw.githubusercontent.com/samqin123/MoonTV/c0bba763d16fb5cd830a808d58329025337491cf/config.json - 作者: samqin123, 更新时间: unknown, 大小: 0.0 KB
[2025-12-30 01:45:27] ✅ 解析成功 - https://raw.githubusercontent.com/Jonney111/jonney_clash/7277685840b1cbedbc2b55377acc81adff1d5745/moontv.json - 作者: Jonney111, 更新时间: unknown, 大小: 0.0 KB
[2025-12-30 01:45:27] ✅ 解析成功 - https://raw.githubusercontent.com/vodtv/api/62db3390e28eb676e9ed0f31dd51e3dc8b4e76c9/jin18.json - 作者: vodtv, 更新时间: unknown, 大小: 0.0 KB
[2025-12-30 01:45:28] ✅ 解析成功 - https://raw.githubusercontent.com/Pundsup/Live/03f56bd3821c11d21031cd1af1a4db819dfee4a7/yszyby.json - 作者: Pundsup, 更新时间: unknown, 大小: 0.0 KB
[2025-12-30 01:45:28] ✅ 解析成功 - https://raw.githubusercontent.com/lovevampplus/cfdata/5b3d16f5897a422cadc6dbfca9010305daec52b4/moontv-config.json - 作者: lovevampplus, 更新时间: unknown, 大小: 0.0 KB
[2025-12-30 01:45:28] ✅ 解析成功 - https://raw.githubusercontent.com/Mikephie/Script/85177481d14b9d2331adc1d572b85fbf474a372e/config-2.json - 作者: Mikephie, 更新时间: unknown, 大小: 0.0 KB
[2025-12-30 01:45:28] ✅ 解析成功 - https://raw.githubusercontent.com/sk3879921/tvjson/3e5394dfbc292321326e218e7bc303716f3f5336/q.json - 作者: sk3879921, 更新时间: unknown, 大小: 0.0 KB
[2025-12-30 01:45:28] ✅ 解析成功 - https://raw.githubusercontent.com/SCXSVIP/TV/e7bc32117505d2bda3b31ade3dc96114c6ce623c/MoonTV/MoonTV-xs.json - 作者: SCXSVIP, 更新时间: unknown, 大小: 0.0 KB
[2025-12-30 01:45:28] ✅ 解析成功 - https://raw.githubusercontent.com/lyqnihao/m3u8/719c30115e56a42e21ac6d50191d3e3ada5d2330/MoonTV/config.json - 作者: lyqnihao, 更新时间: unknown, 大小: 0.0 KB
[2025-12-30 01:45:29] ✅ 解析成功 - https://raw.githubusercontent.com/kpsmail/new/cdfb9871f929c9875c01bb70d2dfe55f660fea7f/config.json - 作者: kpsmail, 更新时间: unknown, 大小: 0.0 KB
[2025-12-30 01:45:29] ✅ 解析成功 - https://raw.githubusercontent.com/616310/LunaTV-proxy/ad59d5763f4efd2294301cd96ff9804865ebb65c/config/default-config.json - 作者: 616310, 更新时间: unknown, 大小: 0.0 KB
[2025-12-30 01:45:29] ✅ 解析成功 - https://raw.githubusercontent.com/chimiansw/test/39acfd48b6a06b6565c786bf4d096581842ca86e/luna.json - 作者: chimiansw, 更新时间: unknown, 大小: 0.0 KB
[2025-12-30 01:45:29] ✅ 解析成功 - https://raw.githubusercontent.com/chat263/tvjson/45dbc00aebda1642a95c20be2b5a0bda61a60e78/m.json - 作者: chat263, 更新时间: unknown, 大小: 0.0 KB
[2025-12-30 01:45:29] ✅ 解析成功 - https://raw.githubusercontent.com/qianqikun/LunaTV-config/b8325805d0ed2ac8806899ce990210a696372e7d/jin18.json - 作者: qianqikun, 更新时间: unknown, 大小: 0.0 KB
[2025-12-30 01:45:30] ✅ 解析成功 - https://raw.githubusercontent.com/adminlove520/Source-Collector/eb8cd8f5f7960600c8d3af01245b64029c6421e1/config_isadult.json - 作者: adminlove520, 更新时间: unknown, 大小: 0.0 KB
[2025-12-30 01:45:30] ✅ 解析成功 - https://raw.githubusercontent.com/lovevampplus/cfdata/5b3d16f5897a422cadc6dbfca9010305daec52b4/96.json - 作者: lovevampplus, 更新时间: unknown, 大小: 0.0 KB
[2025-12-30 01:45:30] ✅ 解析成功 - https://raw.githubusercontent.com/yjh800307/yjh800307.github.io/4b825da4ab5059eae4f36ffc59877d0b5a76ea63/moontv.json - 作者: yjh800307, 更新时间: unknown, 大小: 0.0 KB
[2025-12-30 01:45:30] ✅ 解析成功 - https://raw.githubusercontent.com/yutian81/data-source/97c13655052a73d5f455801eed3d366b97acf3ce/OrionTV/config.json - 作者: yutian81, 更新时间: unknown, 大小: 0.0 KB
[2025-12-30 01:45:30] ✅ 解析成功 - https://raw.githubusercontent.com/oooopera/moontv_config/158f1d28af707c5649c0c1af51f04f0ee57c6d1a/input.json - 作者: oooopera, 更新时间: unknown, 大小: 0.0 KB
[2025-12-30 01:45:31] ✅ 解析成功 - https://raw.githubusercontent.com/gmep/tv9/6127c457056ccc27ccd8a1db84d5f8bc5c4cd6cc/config.json - 作者: gmep, 更新时间: unknown, 大小: 0.0 KB
[2025-12-30 01:45:31] ✅ 解析成功 - https://raw.githubusercontent.com/ISQIShI/MyResources/118ecf1d83318523283c63a7e401d97707828756/TV%20Source.json - 作者: ISQIShI, 更新时间: unknown, 大小: 0.0 KB
[2025-12-30 01:45:31] ✅ 解析成功 - https://raw.githubusercontent.com/cc638/tvbox/2d5881ad9df093f100b0bdbc109cb10f0f922065/%E8%A7%86%E9%A2%91%E6%BA%90.json - 作者: cc638, 更新时间: unknown, 大小: 0.0 KB
[2025-12-30 01:45:31] ✅ 解析成功 - https://raw.githubusercontent.com/katelya77/KatelyaTV/fc78bb11c026285d1b66e841b227e6171574956c/config.example.json - 作者: katelya77, 更新时间: unknown, 大小: 0.0 KB
[2025-12-30 01:45:31] ✅ 解析成功 - https://raw.githubusercontent.com/yenkj/epg/d0dc87987afa0644fa432b0daf511211d0f42a41/config0.json - 作者: yenkj, 更新时间: unknown, 大小: 0.0 KB
[2025-12-30 01:45:32] ✅ 解析成功 - https://raw.githubusercontent.com/wokaotianshi123/wokaotianshi123.github.io/026d74711fb5d2faf859479b542a7dc77e0ac8fc/luna20251027.json - 作者: wokaotianshi123, 更新时间: unknown, 大小: 0.0 KB
[2025-12-30 01:45:32] ✅ 解析成功 - https://raw.githubusercontent.com/vodtv/api/62db3390e28eb676e9ed0f31dd51e3dc8b4e76c9/jingjian.json - 作者: vodtv, 更新时间: unknown, 大小: 0.0 KB
[2025-12-31 01:46:06] ✅ 解析成功 - https://raw.githubusercontent.com/katelya77/KatelyaTV/fc78bb11c026285d1b66e841b227e6171574956c/config.json - 作者: katelya77, 更新时间: unknown, 大小: 0.0 KB
[2025-12-31 01:46:06] ✅ 解析成功 - https://raw.githubusercontent.com/gxnas/TvBox/4153c4225579d480bb5dbba12619ce6e70df8acb/LunaTV.json - 作者: gxnas, 更新时间: unknown, 大小: 0.0 KB
[2025-12-31 01:46:06] ✅ 解析成功 - https://raw.githubusercontent.com/hafrey1/LunaTV-config/27b621aa500a832675e590e215581192bcf66878/LunaTV-config.json - 作者: hafrey1, 更新时间: unknown, 大小: 0.0 KB
[2025-12-31 01:46:06] ✅ 解析成功 - https://raw.githubusercontent.com/samqin123/MoonTV/c0bba763d16fb5cd830a808d58329025337491cf/config.json - 作者: samqin123, 更新时间: unknown, 大小: 0.0 KB
[2025-12-31 01:46:06] ✅ 解析成功 - https://raw.githubusercontent.com/Jonney111/jonney_clash/7277685840b1cbedbc2b55377acc81adff1d5745/moontv.json - 作者: Jonney111, 更新时间: unknown, 大小: 0.0 KB
[2025-12-31 01:46:06] ✅ 解析成功 - https://raw.githubusercontent.com/vodtv/api/6db9873b04b3e6fbeff388f3ff25b01f42b6e901/jin18.json - 作者: vodtv, 更新时间: unknown, 大小: 0.0 KB
[2025-12-31 01:46:06] ❌ JSON语法错误 - https://raw.githubusercontent.com/hafrey1/MoonTV1.1.1/614f381e5312d9821bd5fe058f9eed9426e96d23/config.json - Expecting value: line 151 column 1 (char 5001)
[2025-12-31 01:46:06] ✅ 解析成功 - https://raw.githubusercontent.com/Pundsup/Live/03f56bd3821c11d21031cd1af1a4db819dfee4a7/yszyby.json - 作者: Pundsup, 更新时间: unknown, 大小: 0.0 KB
[2025-12-31 01:46:07] ✅ 解析成功 - https://raw.githubusercontent.com/Mikephie/Script/1b21afdba9cba739e7f6db22b4e3ba07d739d806/config-3.json - 作者: Mikephie, 更新时间: unknown, 大小: 0.0 KB
[2025-12-31 01:46:07] ✅ 解析成功 - https://raw.githubusercontent.com/xqrock/openfile/75df10457a00a6e5c9458f20122ebe2c5274c83e/config/vod.json - 作者: xqrock, 更新时间: unknown, 大小: 0.0 KB
[2025-12-31 01:46:07] ✅ 解析成功 - https://raw.githubusercontent.com/wokaotianshi123/jgcj/82ab5f369936f1efa2b76d858563087cb5d61e1d/libretv.json - 作者: wokaotianshi123, 更新时间: unknown, 大小: 0.0 KB
[2025-12-31 01:46:07] ✅ 解析成功 - https://raw.githubusercontent.com/cc638/tvbox/2d5881ad9df093f100b0bdbc109cb10f0f922065/%E8%A7%86%E9%A2%91%E6%BA%90.json - 作者: cc638, 更新时间: unknown, 大小: 0.0 KB
[2025-12-31 01:46:07] ✅ 解析成功 - https://raw.githubusercontent.com/sk3879921/tvjson/3e5394dfbc292321326e218e7bc303716f3f5336/q.json - 作者: sk3879921, 更新时间: unknown, 大小: 0.0 KB
[2025-12-31 01:46:07] ✅ 解析成功 - https://raw.githubusercontent.com/hafrey1/LunaTV-config/27b621aa500a832675e590e215581192bcf66878/jingjian.json - 作者: hafrey1, 更新时间: unknown, 大小: 0.0 KB
[2025-12-31 01:46:07] ✅ 解析成功 - https://raw.githubusercontent.com/viacooky/tv-box-sub/3f7188cb5f0b65903fb0bc5dc94b2128e8e6f021/2.json - 作者: viacooky, 更新时间: unknown, 大小: 0.0 KB
[2025-12-31 01:46:07] ✅ 解析成功 - https://raw.githubusercontent.com/adminlove520/Source-Collector/eb8cd8f5f7960600c8d3af01245b64029c6421e1/config_isadult.json - 作者: adminlove520, 更新时间: unknown, 大小: 0.0 KB
[2025-12-31 01:46:08] ✅ 解析成功 - https://raw.githubusercontent.com/ISQIShI/MyResources/118ecf1d83318523283c63a7e401d97707828756/TV%20Source.json - 作者: ISQIShI, 更新时间: unknown, 大小: 0.0 KB
[2025-12-31 01:46:08] ✅ 解析成功 - https://raw.githubusercontent.com/wokaotianshi123/wokaotianshi123.github.io/026d74711fb5d2faf859479b542a7dc77e0ac8fc/luna20251027.json - 作者: wokaotianshi123, 更新时间: unknown, 大小: 0.0 KB
[2025-12-31 01:46:08] ✅ 解析成功 - https://raw.githubusercontent.com/hjdhnx/drpy-node/bafed527866dcc2add1832c51a06a3b9833cbadd/scripts/mjs/moontv.json - 作者: hjdhnx, 更新时间: unknown, 大小: 0.0 KB
[2025-12-31 01:46:08] ✅ 解析成功 - https://raw.githubusercontent.com/moli-xia/MoonTV-app/aea64cc2504b56ea05e23fc2af49c7ed5a305dea/config.json - 作者: moli-xia, 更新时间: unknown, 大小: 0.0 KB
[2025-12-31 01:46:08] ✅ 解析成功 - https://raw.githubusercontent.com/chimiansw/test/39acfd48b6a06b6565c786bf4d096581842ca86e/luna.json - 作者: chimiansw, 更新时间: unknown, 大小: 0.0 KB
[2025-12-31 01:46:08] ✅ 解析成功 - https://raw.githubusercontent.com/lovevampplus/cfdata/e58339e055f94912395ebb32aaf9f6955896db9d/96.json - 作者: lovevampplus, 更新时间: unknown, 大小: 0.0 KB
[2025-12-31 01:46:08] ✅ 解析成功 - https://raw.githubusercontent.com/SCXSVIP/TV/e7bc32117505d2bda3b31ade3dc96114c6ce623c/MoonTV/MoonTV-xs.json - 作者: SCXSVIP, 更新时间: unknown, 大小: 0.0 KB
[2025-12-31 01:46:09] ✅ 解析成功 - https://raw.githubusercontent.com/mhq1389/lsegou/7cbbee54537334e668dd678fd8a8ef5efe6e0957/config.json - 作者: mhq1389, 更新时间: unknown, 大小: 0.0 KB
[2025-12-31 01:46:09] ✅ 解析成功 - https://raw.githubusercontent.com/ltxxjs/box2022-1/51a5a45f63580f4bab5811d957a3ad75a9a7f393/configplus_isadult.json - 作者: ltxxjs, 更新时间: unknown, 大小: 0.0 KB
[2025-12-31 01:46:09] ✅ 解析成功 - https://raw.githubusercontent.com/chat263/tvjson/45dbc00aebda1642a95c20be2b5a0bda61a60e78/m.json - 作者: chat263, 更新时间: unknown, 大小: 0.0 KB
[2025-12-31 01:46:10] ✅ 解析成功 - https://raw.githubusercontent.com/oooopera/moontv_config/1686660e6f74ce667874b6d9e28dc2f168e6e49a/input.json - 作者: oooopera, 更新时间: unknown, 大小: 0.0 KB
[2025-12-31 01:46:10] ✅ 解析成功 - https://raw.githubusercontent.com/yenkj/epg/f495884fd9ba8ed64ac0ca737cbba14cdf6f2afc/config0.json - 作者: yenkj, 更新时间: unknown, 大小: 0.0 KB
[2025-12-31 01:46:10] ✅ 解析成功 - https://raw.githubusercontent.com/Mikephie/Script/1b21afdba9cba739e7f6db22b4e3ba07d739d806/config-2.json - 作者: Mikephie, 更新时间: unknown, 大小: 0.0 KB
[2025-12-31 01:46:10] ✅ 解析成功 - https://raw.githubusercontent.com/RikkaLzw/LeeupTV/55dbf5630216ccf911ca75b2ec9e6a16197ca4b1/config.json - 作者: RikkaLzw, 更新时间: unknown, 大小: 0.0 KB
[2026-01-01 01:55:57] ✅ 解析成功 - https://raw.githubusercontent.com/katelya77/KatelyaTV/fc78bb11c026285d1b66e841b227e6171574956c/config.json - 作者: katelya77, 更新时间: unknown, 大小: 0.0 KB
[2026-01-01 01:55:57] ✅ 解析成功 - https://raw.githubusercontent.com/gxnas/TvBox/4153c4225579d480bb5dbba12619ce6e70df8acb/LunaTV.json - 作者: gxnas, 更新时间: unknown, 大小: 0.0 KB
[2026-01-01 01:55:57] ✅ 解析成功 - https://raw.githubusercontent.com/hafrey1/LunaTV-config/29500019b561148f6be1695861e047a0de244576/LunaTV-config.json - 作者: hafrey1, 更新时间: unknown, 大小: 0.0 KB
[2026-01-01 01:55:57] ✅ 解析成功 - https://raw.githubusercontent.com/samqin123/MoonTV/c0bba763d16fb5cd830a808d58329025337491cf/config.json - 作者: samqin123, 更新时间: unknown, 大小: 0.0 KB
[2026-01-01 01:55:57] ✅ 解析成功 - https://raw.githubusercontent.com/Jonney111/jonney_clash/7277685840b1cbedbc2b55377acc81adff1d5745/moontv.json - 作者: Jonney111, 更新时间: unknown, 大小: 0.0 KB
[2026-01-01 01:55:57] ✅ 解析成功 - https://raw.githubusercontent.com/vodtv/api/3548c03a9aaa63c291b0b6139df99d4f65078dce/jin18.json - 作者: vodtv, 更新时间: unknown, 大小: 0.0 KB
[2026-01-01 01:55:57] ❌ JSON语法错误 - https://raw.githubusercontent.com/hafrey1/MoonTV1.1.1/614f381e5312d9821bd5fe058f9eed9426e96d23/config.json - Expecting value: line 151 column 1 (char 5001)
[2026-01-01 01:55:57] ✅ 解析成功 - https://raw.githubusercontent.com/Pundsup/Live/03f56bd3821c11d21031cd1af1a4db819dfee4a7/yszyby.json - 作者: Pundsup, 更新时间: unknown, 大小: 0.0 KB
[2026-01-01 01:55:57] ✅ 解析成功 - https://raw.githubusercontent.com/Mikephie/Script/964e01bfb61bcc5a40d35f6a3d3f7b6886ccacc7/config-3.json - 作者: Mikephie, 更新时间: unknown, 大小: 0.0 KB
[2026-01-01 01:55:58] ✅ 解析成功 - https://raw.githubusercontent.com/vodtv/api/3548c03a9aaa63c291b0b6139df99d4f65078dce/jingjian.json - 作者: vodtv, 更新时间: unknown, 大小: 0.0 KB
[2026-01-01 01:55:58] ✅ 解析成功 - https://raw.githubusercontent.com/ISQIShI/MyResources/118ecf1d83318523283c63a7e401d97707828756/TV%20Source.json - 作者: ISQIShI, 更新时间: unknown, 大小: 0.0 KB
[2026-01-01 01:55:58] ✅ 解析成功 - https://raw.githubusercontent.com/cc638/tvbox/2d5881ad9df093f100b0bdbc109cb10f0f922065/%E8%A7%86%E9%A2%91%E6%BA%90.json - 作者: cc638, 更新时间: unknown, 大小: 0.0 KB
[2026-01-01 01:55:58] ✅ 解析成功 - https://raw.githubusercontent.com/chat263/tvjson/45dbc00aebda1642a95c20be2b5a0bda61a60e78/m.json - 作者: chat263, 更新时间: unknown, 大小: 0.0 KB
[2026-01-01 01:55:58] ✅ 解析成功 - https://raw.githubusercontent.com/hjdhnx/drpy-node/bafed527866dcc2add1832c51a06a3b9833cbadd/scripts/mjs/moontv.json - 作者: hjdhnx, 更新时间: unknown, 大小: 0.0 KB
[2026-01-01 01:55:58] ✅ 解析成功 - https://raw.githubusercontent.com/yutian81/data-source/97c13655052a73d5f455801eed3d366b97acf3ce/OrionTV/config.json - 作者: yutian81, 更新时间: unknown, 大小: 0.0 KB
[2026-01-01 01:55:58] ✅ 解析成功 - https://raw.githubusercontent.com/qianqikun/LunaTV-config/c015332b0a4df6f193108ee3db416c98c7e8dae2/jin18.json - 作者: qianqikun, 更新时间: unknown, 大小: 0.0 KB
[2026-01-01 01:55:58] ✅ 解析成功 - https://raw.githubusercontent.com/kimballic/IPTV2/2ccf529d9877ad4d7cf48f54a67c6b462979abe4/deepseek_json_20250822_55f9da.json - 作者: kimballic, 更新时间: unknown, 大小: 0.0 KB
[2026-01-01 01:55:59] ✅ 解析成功 - https://raw.githubusercontent.com/iphoneten/CNTV/77a30bc772c40da92aa73c207ca843ca59410545/config_backup.json - 作者: iphoneten, 更新时间: unknown, 大小: 0.0 KB
[2026-01-01 01:55:59] ✅ 解析成功 - https://raw.githubusercontent.com/616310/LunaTV-proxy/ad59d5763f4efd2294301cd96ff9804865ebb65c/config/default-config.json - 作者: 616310, 更新时间: unknown, 大小: 0.0 KB
[2026-01-01 01:55:59] ✅ 解析成功 - https://raw.githubusercontent.com/viacooky/tv-box-sub/3f7188cb5f0b65903fb0bc5dc94b2128e8e6f021/1.json - 作者: viacooky, 更新时间: unknown, 大小: 0.0 KB
[2026-01-01 01:55:59] ✅ 解析成功 - https://raw.githubusercontent.com/sk3879921/tvjson/3e5394dfbc292321326e218e7bc303716f3f5336/q.json - 作者: sk3879921, 更新时间: unknown, 大小: 0.0 KB
[2026-01-01 01:55:59] ✅ 解析成功 - https://raw.githubusercontent.com/ltxxjs/box2022-1/51a5a45f63580f4bab5811d957a3ad75a9a7f393/configplus_isadult.json - 作者: ltxxjs, 更新时间: unknown, 大小: 0.0 KB
[2026-01-01 01:55:59] ✅ 解析成功 - https://raw.githubusercontent.com/jiujiusadadas/MoonTV/af55f5748a205558970424f4ddd968044fc4b997/config.json - 作者: jiujiusadadas, 更新时间: unknown, 大小: 0.0 KB
[2026-01-01 01:55:59] ✅ 解析成功 - https://raw.githubusercontent.com/wokaotianshi123/jgcj/4329f310c92789f9eeed14aecb57028630b4ac54/libretv.json - 作者: wokaotianshi123, 更新时间: unknown, 大小: 0.0 KB
[2026-01-01 01:55:59] ✅ 解析成功 - https://raw.githubusercontent.com/SCXSVIP/TV/e7bc32117505d2bda3b31ade3dc96114c6ce623c/MoonTV/MoonTV-xs.json - 作者: SCXSVIP, 更新时间: unknown, 大小: 0.0 KB
[2026-01-01 01:55:59] ✅ 解析成功 - https://raw.githubusercontent.com/webshellren/XMoonTV/ef052045a4f7a3a10c5907da4d30e3a90984b03b/config.json - 作者: webshellren, 更新时间: unknown, 大小: 0.0 KB
[2026-01-01 01:56:00] ✅ 解析成功 - https://raw.githubusercontent.com/wokaotianshi123/wokaotianshi123.github.io/86cbefcf6574faae2ff59b6d046084a1a7e9d1b5/luna20251027.json - 作者: wokaotianshi123, 更新时间: unknown, 大小: 0.0 KB
[2026-01-01 01:56:00] ✅ 解析成功 - https://raw.githubusercontent.com/xqrock/openfile/75df10457a00a6e5c9458f20122ebe2c5274c83e/config/vod.json - 作者: xqrock, 更新时间: unknown, 大小: 0.0 KB
[2026-01-01 01:56:00] ✅ 解析成功 - https://raw.githubusercontent.com/hanzhenya/hzyiptv/00923a1043db8e531f730912d565eb8619b5675f/config(%E8%80%81).json - 作者: hanzhenya, 更新时间: unknown, 大小: 0.0 KB
[2026-01-02 01:47:17] ✅ 解析成功 - https://raw.githubusercontent.com/katelya77/KatelyaTV/fc78bb11c026285d1b66e841b227e6171574956c/config.json - 作者: katelya77, 更新时间: unknown, 大小: 0.0 KB
[2026-01-02 01:47:17] ✅ 解析成功 - https://raw.githubusercontent.com/gxnas/TvBox/4153c4225579d480bb5dbba12619ce6e70df8acb/LunaTV.json - 作者: gxnas, 更新时间: unknown, 大小: 0.0 KB
[2026-01-02 01:47:18] ✅ 解析成功 - https://raw.githubusercontent.com/hafrey1/LunaTV-config/70b7e781fb0d0fc906ebc86afd821ed1bad6643c/LunaTV-config.json - 作者: hafrey1, 更新时间: unknown, 大小: 0.0 KB
[2026-01-02 01:47:18] ✅ 解析成功 - https://raw.githubusercontent.com/samqin123/MoonTV/c0bba763d16fb5cd830a808d58329025337491cf/config.json - 作者: samqin123, 更新时间: unknown, 大小: 0.0 KB
[2026-01-02 01:47:18] ✅ 解析成功 - https://raw.githubusercontent.com/Jonney111/jonney_clash/7277685840b1cbedbc2b55377acc81adff1d5745/moontv.json - 作者: Jonney111, 更新时间: unknown, 大小: 0.0 KB
[2026-01-02 01:47:18] ✅ 解析成功 - https://raw.githubusercontent.com/vodtv/api/e062c56fa4ad5ce401bf014f615defe961c44899/jin18.json - 作者: vodtv, 更新时间: unknown, 大小: 0.0 KB
[2026-01-02 01:47:18] ❌ JSON语法错误 - https://raw.githubusercontent.com/hafrey1/MoonTV1.1.1/614f381e5312d9821bd5fe058f9eed9426e96d23/config.json - Expecting value: line 151 column 1 (char 5001)
[2026-01-02 01:47:19] ✅ 解析成功 - https://raw.githubusercontent.com/Pundsup/Live/03f56bd3821c11d21031cd1af1a4db819dfee4a7/yszyby.json - 作者: Pundsup, 更新时间: unknown, 大小: 0.0 KB
[2026-01-02 01:47:19] ✅ 解析成功 - https://raw.githubusercontent.com/Mikephie/Script/d726c3d1ce8fdee7fedf96a888b1f0e49a29d18f/config-3.json - 作者: Mikephie, 更新时间: unknown, 大小: 0.0 KB
[2026-01-02 01:47:19] ✅ 解析成功 - https://raw.githubusercontent.com/vodtv/api/e062c56fa4ad5ce401bf014f615defe961c44899/jingjian.json - 作者: vodtv, 更新时间: unknown, 大小: 0.0 KB
[2026-01-02 01:47:19] ✅ 解析成功 - https://raw.githubusercontent.com/Nesciasnenion/helloworld/cbaa34b8af6af1d1efedfa2230fe41ba1e1996da/moontv-config-all.json - 作者: Nesciasnenion, 更新时间: unknown, 大小: 0.0 KB
[2026-01-02 01:47:19] ✅ 解析成功 - https://raw.githubusercontent.com/cc638/tvbox/2d5881ad9df093f100b0bdbc109cb10f0f922065/%E8%A7%86%E9%A2%91%E6%BA%90.json - 作者: cc638, 更新时间: unknown, 大小: 0.0 KB
[2026-01-02 01:47:19] ✅ 解析成功 - https://raw.githubusercontent.com/ISQIShI/MyResources/118ecf1d83318523283c63a7e401d97707828756/TV%20Source.json - 作者: ISQIShI, 更新时间: unknown, 大小: 0.0 KB
[2026-01-02 01:47:20] ✅ 解析成功 - https://raw.githubusercontent.com/xuyuani/moontv/ea3d1065e8bbdfde379700bf74eb634e88915ab2/config.json - 作者: xuyuani, 更新时间: unknown, 大小: 0.0 KB
[2026-01-02 01:47:20] ✅ 解析成功 - https://raw.githubusercontent.com/chimiansw/test/39acfd48b6a06b6565c786bf4d096581842ca86e/luna.json - 作者: chimiansw, 更新时间: unknown, 大小: 0.0 KB
[2026-01-02 01:47:20] ✅ 解析成功 - https://raw.githubusercontent.com/oooopera/moontv_config/4eb3afa22548f73f9935f9389167f342762d8bad/config%E5%88%9D%E5%A7%8B.json - 作者: oooopera, 更新时间: unknown, 大小: 0.0 KB
[2026-01-02 01:47:20] ✅ 解析成功 - https://raw.githubusercontent.com/wokaotianshi123/jgcj/9feffc1853029393d33967c8b981808081bfdfeb/libretv.json - 作者: wokaotianshi123, 更新时间: unknown, 大小: 0.0 KB
[2026-01-02 01:47:20] ✅ 解析成功 - https://raw.githubusercontent.com/PAICNI/Videos_PLUS/b51ff1521a1e77f17ad538ccfd3c100cc42e0663/MoonTV%E8%A7%86%E9%A2%91%E6%BA%90Plus%E7%89%88.json - 作者: PAICNI, 更新时间: unknown, 大小: 0.0 KB
[2026-01-02 01:47:21] ✅ 解析成功 - https://raw.githubusercontent.com/zhumengkang/edgeone-moontv/262ce332a93ba34966adb07761e7bfab8faab7bf/config.json - 作者: zhumengkang, 更新时间: unknown, 大小: 0.0 KB
[2026-01-02 01:47:21] ✅ 解析成功 - https://raw.githubusercontent.com/sk3879921/tvjson/3e5394dfbc292321326e218e7bc303716f3f5336/q.json - 作者: sk3879921, 更新时间: unknown, 大小: 0.0 KB
[2026-01-02 01:47:21] ✅ 解析成功 - https://raw.githubusercontent.com/chtsen/chtsen-cfcdn-file/4dcd0a4eb6ffe876fcc0532906f5603aa850d492/LunaTV/configz.json - 作者: chtsen, 更新时间: unknown, 大小: 0.0 KB
[2026-01-02 01:47:21] ✅ 解析成功 - https://raw.githubusercontent.com/xqrock/openfile/75df10457a00a6e5c9458f20122ebe2c5274c83e/config/vod.json - 作者: xqrock, 更新时间: unknown, 大小: 0.0 KB
[2026-01-02 01:47:21] ✅ 解析成功 - https://raw.githubusercontent.com/yangbvv/yangbvv.github.io/e77c2d4d6c56a68002e13d681240984e2ee5e6e1/moontv.json - 作者: yangbvv, 更新时间: unknown, 大小: 0.0 KB
[2026-01-02 01:47:22] ✅ 解析成功 - https://raw.githubusercontent.com/lovevampplus/cfdata/e58339e055f94912395ebb32aaf9f6955896db9d/96.json - 作者: lovevampplus, 更新时间: unknown, 大小: 0.0 KB
[2026-01-02 01:47:22] ✅ 解析成功 - https://raw.githubusercontent.com/jiujiusadadas/MoonTV/af55f5748a205558970424f4ddd968044fc4b997/config.json - 作者: jiujiusadadas, 更新时间: unknown, 大小: 0.0 KB
[2026-01-02 01:47:22] ✅ 解析成功 - https://raw.githubusercontent.com/SCXSVIP/TV/e7bc32117505d2bda3b31ade3dc96114c6ce623c/MoonTV/MoonTV-xs.json - 作者: SCXSVIP, 更新时间: unknown, 大小: 0.0 KB
[2026-01-02 01:47:22] ✅ 解析成功 - https://raw.githubusercontent.com/hanzhenya/hzyiptv/00923a1043db8e531f730912d565eb8619b5675f/config(%E8%80%81).json - 作者: hanzhenya, 更新时间: unknown, 大小: 0.0 KB
[2026-01-02 01:47:22] ✅ 解析成功 - https://raw.githubusercontent.com/ltxxjs/box2022-1/51a5a45f63580f4bab5811d957a3ad75a9a7f393/configplus_isadult.json - 作者: ltxxjs, 更新时间: unknown, 大小: 0.0 KB
[2026-01-02 01:47:22] ✅ 解析成功 - https://raw.githubusercontent.com/viacooky/tv-box-sub/3f7188cb5f0b65903fb0bc5dc94b2128e8e6f021/2.json - 作者: viacooky, 更新时间: unknown, 大小: 0.0 KB
[2026-01-02 01:47:23] ✅ 解析成功 - https://raw.githubusercontent.com/chat263/tvjson/45dbc00aebda1642a95c20be2b5a0bda61a60e78/m.json - 作者: chat263, 更新时间: unknown, 大小: 0.0 KB
[2026-01-03 01:41:33] ✅ 解析成功 - https://raw.githubusercontent.com/katelya77/KatelyaTV/fc78bb11c026285d1b66e841b227e6171574956c/config.json - 作者: katelya77, 更新时间: unknown, 大小: 0.0 KB
[2026-01-03 01:41:33] ✅ 解析成功 - https://raw.githubusercontent.com/gxnas/TvBox/4153c4225579d480bb5dbba12619ce6e70df8acb/LunaTV.json - 作者: gxnas, 更新时间: unknown, 大小: 0.0 KB
[2026-01-03 01:41:34] ✅ 解析成功 - https://raw.githubusercontent.com/hafrey1/LunaTV-config/5b25c9b6e4153aa650cafd2250d9b83a71db1f0d/LunaTV-config.json - 作者: hafrey1, 更新时间: unknown, 大小: 0.0 KB
[2026-01-03 01:41:34] ✅ 解析成功 - https://raw.githubusercontent.com/samqin123/MoonTV/c0bba763d16fb5cd830a808d58329025337491cf/config.json - 作者: samqin123, 更新时间: unknown, 大小: 0.0 KB
[2026-01-03 01:41:34] ✅ 解析成功 - https://raw.githubusercontent.com/Jonney111/jonney_clash/7277685840b1cbedbc2b55377acc81adff1d5745/moontv.json - 作者: Jonney111, 更新时间: unknown, 大小: 0.0 KB
[2026-01-03 01:41:34] ✅ 解析成功 - https://raw.githubusercontent.com/cc638/tvbox/785d2bde1e6cef0b2becb3d1c64db3ca45d89b7f/%E8%A7%86%E9%A2%91%E6%BA%90.json - 作者: cc638, 更新时间: unknown, 大小: 0.0 KB
[2026-01-03 01:41:34] ✅ 解析成功 - https://raw.githubusercontent.com/vodtv/api/423e959358033f10cb6923693aee7aecc3885ea1/jingjian.json - 作者: vodtv, 更新时间: unknown, 大小: 0.0 KB
[2026-01-03 01:41:35] ✅ 解析成功 - https://raw.githubusercontent.com/adminlove520/Source-Collector/eb8cd8f5f7960600c8d3af01245b64029c6421e1/config_isadult.json - 作者: adminlove520, 更新时间: unknown, 大小: 0.0 KB
[2026-01-03 01:41:35] ✅ 解析成功 - https://raw.githubusercontent.com/sk3879921/tvjson/3e5394dfbc292321326e218e7bc303716f3f5336/q.json - 作者: sk3879921, 更新时间: unknown, 大小: 0.0 KB
[2026-01-03 01:41:35] ✅ 解析成功 - https://raw.githubusercontent.com/Mikephie/Script/ab5e9ea41475189edd8b3ac1f85bcbdeb1e825e8/config-2.json - 作者: Mikephie, 更新时间: unknown, 大小: 0.0 KB
[2026-01-03 01:41:35] ✅ 解析成功 - https://raw.githubusercontent.com/iphoneten/CNTV/77a30bc772c40da92aa73c207ca843ca59410545/config_backup.json - 作者: iphoneten, 更新时间: unknown, 大小: 0.0 KB
[2026-01-03 01:41:35] ✅ 解析成功 - https://raw.githubusercontent.com/yangbvv/yangbvv.github.io/e77c2d4d6c56a68002e13d681240984e2ee5e6e1/moontv.json - 作者: yangbvv, 更新时间: unknown, 大小: 0.0 KB
[2026-01-03 01:41:36] ✅ 解析成功 - https://raw.githubusercontent.com/viacooky/tv-box-sub/3f7188cb5f0b65903fb0bc5dc94b2128e8e6f021/2.json - 作者: viacooky, 更新时间: unknown, 大小: 0.0 KB
[2026-01-03 01:41:36] ✅ 解析成功 - https://raw.githubusercontent.com/jiujiusadadas/MoonTV/af55f5748a205558970424f4ddd968044fc4b997/config.json - 作者: jiujiusadadas, 更新时间: unknown, 大小: 0.0 KB
[2026-01-03 01:41:36] ✅ 解析成功 - https://raw.githubusercontent.com/kimballic/IPTV2/2ccf529d9877ad4d7cf48f54a67c6b462979abe4/deepseek_json_20250822_55f9da.json - 作者: kimballic, 更新时间: unknown, 大小: 0.0 KB
[2026-01-03 01:41:36] ✅ 解析成功 - https://raw.githubusercontent.com/lovevampplus/cfdata/98499efb4bb7da920400a0eabb4948cd417eebd7/moontv-config.json - 作者: lovevampplus, 更新时间: unknown, 大小: 0.0 KB
[2026-01-03 01:41:36] ✅ 解析成功 - https://raw.githubusercontent.com/ISQIShI/MyResources/118ecf1d83318523283c63a7e401d97707828756/TV%20Source.json - 作者: ISQIShI, 更新时间: unknown, 大小: 0.0 KB
[2026-01-03 01:41:37] ✅ 解析成功 - https://raw.githubusercontent.com/SCXSVIP/TV/e7bc32117505d2bda3b31ade3dc96114c6ce623c/MoonTV/MoonTV-xs.json - 作者: SCXSVIP, 更新时间: unknown, 大小: 0.0 KB
[2026-01-03 01:41:37] ✅ 解析成功 - https://raw.githubusercontent.com/qianqikun/LunaTV-config/df7d2d41bca1e797fcd934ad97fbf7e9040c4238/jin18.json - 作者: qianqikun, 更新时间: unknown, 大小: 0.0 KB
[2026-01-03 01:41:37] ✅ 解析成功 - https://raw.githubusercontent.com/haogege8888/KatelyaTV/e58837e6b5dcc4d7d112e05e1d9bda3e9b3bf992/config.json - 作者: haogege8888, 更新时间: unknown, 大小: 0.0 KB
[2026-01-03 01:41:37] ✅ 解析成功 - https://raw.githubusercontent.com/wokaotianshi123/wokaotianshi123.github.io/86cbefcf6574faae2ff59b6d046084a1a7e9d1b5/moontv/config_2025-09-23.json - 作者: wokaotianshi123, 更新时间: unknown, 大小: 0.0 KB
[2026-01-03 01:41:37] ✅ 解析成功 - https://raw.githubusercontent.com/lovevampplus/cfdata/98499efb4bb7da920400a0eabb4948cd417eebd7/96.json - 作者: lovevampplus, 更新时间: unknown, 大小: 0.0 KB
[2026-01-03 01:41:38] ✅ 解析成功 - https://raw.githubusercontent.com/mhq1389/lsegou/7cbbee54537334e668dd678fd8a8ef5efe6e0957/config.json - 作者: mhq1389, 更新时间: unknown, 大小: 0.0 KB
[2026-01-03 01:41:38] ✅ 解析成功 - https://raw.githubusercontent.com/qianqikun/LunaTV-config/df7d2d41bca1e797fcd934ad97fbf7e9040c4238/jingjian.json - 作者: qianqikun, 更新时间: unknown, 大小: 0.0 KB
[2026-01-03 01:41:38] ✅ 解析成功 - https://raw.githubusercontent.com/hanzhenya/hzyiptv/00923a1043db8e531f730912d565eb8619b5675f/config(%E8%80%81).json - 作者: hanzhenya, 更新时间: unknown, 大小: 0.0 KB
[2026-01-03 01:41:38] ✅ 解析成功 - https://raw.githubusercontent.com/chat263/tvjson/45dbc00aebda1642a95c20be2b5a0bda61a60e78/m.json - 作者: chat263, 更新时间: unknown, 大小: 0.0 KB
[2026-01-03 01:41:38] ✅ 解析成功 - https://raw.githubusercontent.com/Mikephie/Script/ab5e9ea41475189edd8b3ac1f85bcbdeb1e825e8/config-3.json - 作者: Mikephie, 更新时间: unknown, 大小: 0.0 KB
[2026-01-03 01:41:39] ✅ 解析成功 - https://raw.githubusercontent.com/Pundsup/Live/03f56bd3821c11d21031cd1af1a4db819dfee4a7/yszyby.json - 作者: Pundsup, 更新时间: unknown, 大小: 0.0 KB
[2026-01-03 01:41:39] ✅ 解析成功 - https://raw.githubusercontent.com/lyqnihao/m3u8/719c30115e56a42e21ac6d50191d3e3ada5d2330/MoonTV/config.json - 作者: lyqnihao, 更新时间: unknown, 大小: 0.0 KB
[2026-01-03 01:41:39] ✅ 解析成功 - https://raw.githubusercontent.com/oooopera/moontv_config/62d83d7baf295606ee314215addee4fa3a688c8d/input.json - 作者: oooopera, 更新时间: unknown, 大小: 0.0 KB
[2026-01-04 01:56:19] ✅ 解析成功 - https://raw.githubusercontent.com/katelya77/KatelyaTV/fc78bb11c026285d1b66e841b227e6171574956c/config.json - 作者: katelya77, 更新时间: unknown, 大小: 0.0 KB
[2026-01-04 01:56:19] ✅ 解析成功 - https://raw.githubusercontent.com/gxnas/TvBox/4153c4225579d480bb5dbba12619ce6e70df8acb/LunaTV.json - 作者: gxnas, 更新时间: unknown, 大小: 0.0 KB
[2026-01-04 01:56:19] ✅ 解析成功 - https://raw.githubusercontent.com/hafrey1/LunaTV-config/d69b3df22224ef41085ab977f2ab09c9cae2559b/LunaTV-config.json - 作者: hafrey1, 更新时间: unknown, 大小: 0.0 KB
[2026-01-04 01:56:19] ✅ 解析成功 - https://raw.githubusercontent.com/samqin123/MoonTV/c0bba763d16fb5cd830a808d58329025337491cf/config.json - 作者: samqin123, 更新时间: unknown, 大小: 0.0 KB
[2026-01-04 01:56:19] ✅ 解析成功 - https://raw.githubusercontent.com/lovevampplus/cfdata/98499efb4bb7da920400a0eabb4948cd417eebd7/moontv-config.json - 作者: lovevampplus, 更新时间: unknown, 大小: 0.0 KB
[2026-01-04 01:56:19] ✅ 解析成功 - https://raw.githubusercontent.com/cc638/tvbox/785d2bde1e6cef0b2becb3d1c64db3ca45d89b7f/%E8%A7%86%E9%A2%91%E6%BA%90.json - 作者: cc638, 更新时间: unknown, 大小: 0.0 KB
[2026-01-04 01:56:20] ✅ 解析成功 - https://raw.githubusercontent.com/Pundsup/Live/03f56bd3821c11d21031cd1af1a4db819dfee4a7/yszyby.json - 作者: Pundsup, 更新时间: unknown, 大小: 0.0 KB
[2026-01-04 01:56:20] ✅ 解析成功 - https://raw.githubusercontent.com/wokaotianshi123/wokaotianshi123.github.io/86cbefcf6574faae2ff59b6d046084a1a7e9d1b5/luna20251027.json - 作者: wokaotianshi123, 更新时间: unknown, 大小: 0.0 KB
[2026-01-04 01:56:20] ✅ 解析成功 - https://raw.githubusercontent.com/viacooky/tv-box-sub/3f7188cb5f0b65903fb0bc5dc94b2128e8e6f021/2.json - 作者: viacooky, 更新时间: unknown, 大小: 0.0 KB
[2026-01-04 01:56:20] ✅ 解析成功 - https://raw.githubusercontent.com/qianqikun/LunaTV-config/85c6f13a87e5d6a99dd7927ab61aff0c9025cdd4/jin18.json - 作者: qianqikun, 更新时间: unknown, 大小: 0.0 KB
[2026-01-04 01:56:20] ✅ 解析成功 - https://raw.githubusercontent.com/kimballic/IPTV2/2ccf529d9877ad4d7cf48f54a67c6b462979abe4/deepseek_json_20250822_55f9da.json - 作者: kimballic, 更新时间: unknown, 大小: 0.0 KB
[2026-01-04 01:56:20] ✅ 解析成功 - https://raw.githubusercontent.com/iphoneten/CNTV/77a30bc772c40da92aa73c207ca843ca59410545/config.json - 作者: iphoneten, 更新时间: unknown, 大小: 0.0 KB
[2026-01-04 01:56:20] ✅ 解析成功 - https://raw.githubusercontent.com/chat263/tvjson/45dbc00aebda1642a95c20be2b5a0bda61a60e78/m.json - 作者: chat263, 更新时间: unknown, 大小: 0.0 KB
[2026-01-04 01:56:21] ✅ 解析成功 - https://raw.githubusercontent.com/mhq1389/lsegou/7cbbee54537334e668dd678fd8a8ef5efe6e0957/config.json - 作者: mhq1389, 更新时间: unknown, 大小: 0.0 KB
[2026-01-04 01:56:21] ✅ 解析成功 - https://raw.githubusercontent.com/SCXSVIP/TV/e7bc32117505d2bda3b31ade3dc96114c6ce623c/MoonTV/MoonTV-xs.json - 作者: SCXSVIP, 更新时间: unknown, 大小: 0.0 KB
[2026-01-04 01:56:21] ✅ 解析成功 - https://raw.githubusercontent.com/macsur/livetv/3880610be369f43b91f85778d77b86f6688cb013/moontv.json - 作者: macsur, 更新时间: unknown, 大小: 0.0 KB
[2026-01-04 01:56:21] ✅ 解析成功 - https://raw.githubusercontent.com/Nesciasnenion/helloworld/cbaa34b8af6af1d1efedfa2230fe41ba1e1996da/moontv-config-all.json - 作者: Nesciasnenion, 更新时间: unknown, 大小: 0.0 KB
[2026-01-04 01:56:21] ✅ 解析成功 - https://raw.githubusercontent.com/hjdhnx/drpy-node/bafed527866dcc2add1832c51a06a3b9833cbadd/scripts/mjs/moontv.json - 作者: hjdhnx, 更新时间: unknown, 大小: 0.0 KB
[2026-01-04 01:56:21] ✅ 解析成功 - https://raw.githubusercontent.com/vodtv/api/4e9fc69fc1677bf7a84d5ef99a5643e156222f42/LunaTV-config.json - 作者: vodtv, 更新时间: unknown, 大小: 0.0 KB
[2026-01-04 01:56:22] ✅ 解析成功 - https://raw.githubusercontent.com/oooopera/moontv_config/1a9b4a56e2041c441dd6cc8c34644a38047b7e92/input.json - 作者: oooopera, 更新时间: unknown, 大小: 0.0 KB
[2026-01-04 01:56:22] ✅ 解析成功 - https://raw.githubusercontent.com/katelya77/KatelyaTV/fc78bb11c026285d1b66e841b227e6171574956c/config.example.json - 作者: katelya77, 更新时间: unknown, 大小: 0.0 KB
[2026-01-04 01:56:22] ✅ 解析成功 - https://raw.githubusercontent.com/jiujiusadadas/MoonTV/af55f5748a205558970424f4ddd968044fc4b997/config.json - 作者: jiujiusadadas, 更新时间: unknown, 大小: 0.0 KB
[2026-01-04 01:56:22] ✅ 解析成功 - https://raw.githubusercontent.com/wokaotianshi123/wokaotianshi123.github.io/86cbefcf6574faae2ff59b6d046084a1a7e9d1b5/moontv/config_2025-09-23.json - 作者: wokaotianshi123, 更新时间: unknown, 大小: 0.0 KB
[2026-01-04 01:56:22] ✅ 解析成功 - https://raw.githubusercontent.com/xqrock/openfile/75df10457a00a6e5c9458f20122ebe2c5274c83e/config/vod.json - 作者: xqrock, 更新时间: unknown, 大小: 0.0 KB
[2026-01-04 01:56:22] ✅ 解析成功 - https://raw.githubusercontent.com/yutian81/data-source/97c13655052a73d5f455801eed3d366b97acf3ce/OrionTV/config.json - 作者: yutian81, 更新时间: unknown, 大小: 0.0 KB
[2026-01-04 01:56:22] ✅ 解析成功 - https://raw.githubusercontent.com/vodtv/api/4e9fc69fc1677bf7a84d5ef99a5643e156222f42/jingjian.json - 作者: vodtv, 更新时间: unknown, 大小: 0.0 KB
[2026-01-04 01:56:23] ✅ 解析成功 - https://raw.githubusercontent.com/iphoneten/CNTV/77a30bc772c40da92aa73c207ca843ca59410545/config_backup.json - 作者: iphoneten, 更新时间: unknown, 大小: 0.0 KB
[2026-01-04 01:56:23] ✅ 解析成功 - https://raw.githubusercontent.com/kimballic/IPTV2/2ccf529d9877ad4d7cf48f54a67c6b462979abe4/20250823-json.json - 作者: kimballic, 更新时间: unknown, 大小: 0.0 KB
[2026-01-04 01:56:23] ✅ 解析成功 - https://raw.githubusercontent.com/PAICNI/Videos_PLUS/b51ff1521a1e77f17ad538ccfd3c100cc42e0663/MoonTV%E8%A7%86%E9%A2%91%E6%BA%90Plus%E7%89%88.json - 作者: PAICNI, 更新时间: unknown, 大小: 0.0 KB
[2026-01-04 01:56:23] ✅ 解析成功 - https://raw.githubusercontent.com/jjye93/raspberrypi/0d15a6384bd40408bb21676ca8b006ef2c2edf0f/public/config.json - 作者: jjye93, 更新时间: unknown, 大小: 0.0 KB
[2026-01-05 01:56:14] ✅ 解析成功 - https://raw.githubusercontent.com/katelya77/KatelyaTV/fc78bb11c026285d1b66e841b227e6171574956c/config.json - 作者: katelya77, 更新时间: unknown, 大小: 0.0 KB
[2026-01-05 01:56:14] ✅ 解析成功 - https://raw.githubusercontent.com/gxnas/TvBox/4153c4225579d480bb5dbba12619ce6e70df8acb/LunaTV.json - 作者: gxnas, 更新时间: unknown, 大小: 0.0 KB
[2026-01-05 01:56:14] ✅ 解析成功 - https://raw.githubusercontent.com/hafrey1/LunaTV-config/cd781e8cefefbd981a5087839f33db3c3d1a12ae/LunaTV-config.json - 作者: hafrey1, 更新时间: unknown, 大小: 0.0 KB
[2026-01-05 01:56:14] ✅ 解析成功 - https://raw.githubusercontent.com/samqin123/MoonTV/c0bba763d16fb5cd830a808d58329025337491cf/config.json - 作者: samqin123, 更新时间: unknown, 大小: 0.0 KB
[2026-01-05 01:56:14] ✅ 解析成功 - https://raw.githubusercontent.com/lovevampplus/cfdata/98499efb4bb7da920400a0eabb4948cd417eebd7/moontv-config.json - 作者: lovevampplus, 更新时间: unknown, 大小: 0.0 KB
[2026-01-05 01:56:14] ✅ 解析成功 - https://raw.githubusercontent.com/katelya77/KatelyaTV/fc78bb11c026285d1b66e841b227e6171574956c/config.example.json - 作者: katelya77, 更新时间: unknown, 大小: 0.0 KB
[2026-01-05 01:56:15] ✅ 解析成功 - https://raw.githubusercontent.com/hanzhenya/hzyiptv/00923a1043db8e531f730912d565eb8619b5675f/config(%E8%80%81).json - 作者: hanzhenya, 更新时间: unknown, 大小: 0.0 KB
[2026-01-05 01:56:15] ✅ 解析成功 - https://raw.githubusercontent.com/qianqikun/LunaTV-config/e69e708a6c48ada5bbbfd3b9c449d8a97067179f/jin18.json - 作者: qianqikun, 更新时间: unknown, 大小: 0.0 KB
[2026-01-05 01:56:15] ✅ 解析成功 - https://raw.githubusercontent.com/vodtv/api/ba086f4736cfaf8a1531acaf205aed5e99e76d5c/LunaTV-config.json - 作者: vodtv, 更新时间: unknown, 大小: 0.0 KB
[2026-01-05 01:56:15] ✅ 解析成功 - https://raw.githubusercontent.com/jjye93/raspberrypi/0d15a6384bd40408bb21676ca8b006ef2c2edf0f/public/config.json - 作者: jjye93, 更新时间: unknown, 大小: 0.0 KB
[2026-01-05 01:56:15] ✅ 解析成功 - https://raw.githubusercontent.com/oooopera/moontv_config/70151d6e5ee9bdd639aac73ec5edcfdc5f90ea95/config%E5%88%9D%E5%A7%8B.json - 作者: oooopera, 更新时间: unknown, 大小: 0.0 KB
[2026-01-05 01:56:15] ✅ 解析成功 - https://raw.githubusercontent.com/616310/LunaTV-proxy/ad59d5763f4efd2294301cd96ff9804865ebb65c/config/default-config.json - 作者: 616310, 更新时间: unknown, 大小: 0.0 KB
[2026-01-05 01:56:15] ✅ 解析成功 - https://raw.githubusercontent.com/yjh800307/yjh800307.github.io/4b825da4ab5059eae4f36ffc59877d0b5a76ea63/moontv.json - 作者: yjh800307, 更新时间: unknown, 大小: 0.0 KB
[2026-01-05 01:56:15] ✅ 解析成功 - https://raw.githubusercontent.com/mhq1389/lsegou/7cbbee54537334e668dd678fd8a8ef5efe6e0957/config.json - 作者: mhq1389, 更新时间: unknown, 大小: 0.0 KB
[2026-01-05 01:56:15] ✅ 解析成功 - https://raw.githubusercontent.com/SCXSVIP/TV/e7bc32117505d2bda3b31ade3dc96114c6ce623c/MoonTV/MoonTV-xs.json - 作者: SCXSVIP, 更新时间: unknown, 大小: 0.0 KB
[2026-01-05 01:56:15] ✅ 解析成功 - https://raw.githubusercontent.com/viacooky/tv-box-sub/3f7188cb5f0b65903fb0bc5dc94b2128e8e6f021/2.json - 作者: viacooky, 更新时间: unknown, 大小: 0.0 KB
[2026-01-05 01:56:16] ✅ 解析成功 - https://raw.githubusercontent.com/wokaotianshi123/wokaotianshi123.github.io/cb421bf183398cc9e48b40c6c8c669bcf2b68390/moontv/config_2025-09-23.json - 作者: wokaotianshi123, 更新时间: unknown, 大小: 0.0 KB
[2026-01-05 01:56:16] ✅ 解析成功 - https://raw.githubusercontent.com/qianqikun/LunaTV-config/e69e708a6c48ada5bbbfd3b9c449d8a97067179f/jingjian.json - 作者: qianqikun, 更新时间: unknown, 大小: 0.0 KB
[2026-01-05 01:56:16] ✅ 解析成功 - https://raw.githubusercontent.com/sk3879921/tvjson/3e5394dfbc292321326e218e7bc303716f3f5336/q.json - 作者: sk3879921, 更新时间: unknown, 大小: 0.0 KB
[2026-01-05 01:56:16] ✅ 解析成功 - https://raw.githubusercontent.com/Pundsup/Live/03f56bd3821c11d21031cd1af1a4db819dfee4a7/yszyby.json - 作者: Pundsup, 更新时间: unknown, 大小: 0.0 KB
[2026-01-05 01:56:16] ✅ 解析成功 - https://raw.githubusercontent.com/jiujiusadadas/MoonTV/af55f5748a205558970424f4ddd968044fc4b997/config.json - 作者: jiujiusadadas, 更新时间: unknown, 大小: 0.0 KB
[2026-01-05 01:56:16] ✅ 解析成功 - https://raw.githubusercontent.com/macsur/livetv/3880610be369f43b91f85778d77b86f6688cb013/moontv.json - 作者: macsur, 更新时间: unknown, 大小: 0.0 KB
[2026-01-05 01:56:16] ✅ 解析成功 - https://raw.githubusercontent.com/adminlove520/Source-Collector/eb8cd8f5f7960600c8d3af01245b64029c6421e1/config_isadult.json - 作者: adminlove520, 更新时间: unknown, 大小: 0.0 KB
[2026-01-05 01:56:16] ✅ 解析成功 - https://raw.githubusercontent.com/kimballic/IPTV2/2ccf529d9877ad4d7cf48f54a67c6b462979abe4/deepseek_json_20250822_55f9da.json - 作者: kimballic, 更新时间: unknown, 大小: 0.0 KB
[2026-01-05 01:56:16] ✅ 解析成功 - https://raw.githubusercontent.com/hafrey1/LunaTV-config/cd781e8cefefbd981a5087839f33db3c3d1a12ae/jin18.json - 作者: hafrey1, 更新时间: unknown, 大小: 0.0 KB
[2026-01-05 01:56:16] ✅ 解析成功 - https://raw.githubusercontent.com/PAICNI/Videos_PLUS/b51ff1521a1e77f17ad538ccfd3c100cc42e0663/MoonTV%E8%A7%86%E9%A2%91%E6%BA%90Plus%E7%89%88.json - 作者: PAICNI, 更新时间: unknown, 大小: 0.0 KB
[2026-01-05 01:56:17] ✅ 解析成功 - https://raw.githubusercontent.com/hjdhnx/drpy-node/bafed527866dcc2add1832c51a06a3b9833cbadd/scripts/mjs/moontv.json - 作者: hjdhnx, 更新时间: unknown, 大小: 0.0 KB
[2026-01-05 01:56:17] ✅ 解析成功 - https://raw.githubusercontent.com/jeffernn/joyflix/7ef1beeba1c6efe7e80a7dd33f28098446659e1b/config.json - 作者: jeffernn, 更新时间: unknown, 大小: 0.0 KB
[2026-01-05 01:56:17] ✅ 解析成功 - https://raw.githubusercontent.com/webshellren/XMoonTV/ef052045a4f7a3a10c5907da4d30e3a90984b03b/config.json - 作者: webshellren, 更新时间: unknown, 大小: 0.0 KB
[2026-01-05 01:56:17] ✅ 解析成功 - https://raw.githubusercontent.com/gmep/tv9/6127c457056ccc27ccd8a1db84d5f8bc5c4cd6cc/config.json - 作者: gmep, 更新时间: unknown, 大小: 0.0 KB
[2026-01-06 01:47:38] ✅ 解析成功 - https://raw.githubusercontent.com/katelya77/KatelyaTV/fc78bb11c026285d1b66e841b227e6171574956c/config.json - 作者: katelya77, 更新时间: unknown, 大小: 0.0 KB
[2026-01-06 01:47:38] ✅ 解析成功 - https://raw.githubusercontent.com/gxnas/TvBox/4153c4225579d480bb5dbba12619ce6e70df8acb/LunaTV.json - 作者: gxnas, 更新时间: unknown, 大小: 0.0 KB
[2026-01-06 01:47:39] ✅ 解析成功 - https://raw.githubusercontent.com/hafrey1/LunaTV-config/8291c64e94d40b1e4e59e40fc2b9a3482d3458bc/LunaTV-config.json - 作者: hafrey1, 更新时间: unknown, 大小: 0.0 KB
[2026-01-06 01:47:39] ✅ 解析成功 - https://raw.githubusercontent.com/samqin123/MoonTV/c0bba763d16fb5cd830a808d58329025337491cf/config.json - 作者: samqin123, 更新时间: unknown, 大小: 0.0 KB
[2026-01-06 01:47:39] ✅ 解析成功 - https://raw.githubusercontent.com/macsur/livetv/3880610be369f43b91f85778d77b86f6688cb013/moontv.json - 作者: macsur, 更新时间: unknown, 大小: 0.0 KB
[2026-01-06 01:47:39] ✅ 解析成功 - https://raw.githubusercontent.com/wokaotianshi123/jgcj/87633b324afba20c1d69f4da5ba6268e62e9e939/libretv.json - 作者: wokaotianshi123, 更新时间: unknown, 大小: 0.0 KB
[2026-01-06 01:47:39] ✅ 解析成功 - https://raw.githubusercontent.com/lovevampplus/cfdata/98499efb4bb7da920400a0eabb4948cd417eebd7/96.json - 作者: lovevampplus, 更新时间: unknown, 大小: 0.0 KB
[2026-01-06 01:47:40] ✅ 解析成功 - https://raw.githubusercontent.com/vodtv/api/d48b4078821f53020d6c7f6b7bef5b0d3d5cb3c8/jin18.json - 作者: vodtv, 更新时间: unknown, 大小: 0.0 KB
[2026-01-06 01:47:40] ✅ 解析成功 - https://raw.githubusercontent.com/yenkj/epg/23994f4316b430d28b709bebb1bd3bdb24ef631e/config0.json - 作者: yenkj, 更新时间: unknown, 大小: 0.0 KB
[2026-01-06 01:47:40] ✅ 解析成功 - https://raw.githubusercontent.com/yjh800307/yjh800307.github.io/4b825da4ab5059eae4f36ffc59877d0b5a76ea63/moontv.json - 作者: yjh800307, 更新时间: unknown, 大小: 0.0 KB
[2026-01-06 01:47:40] ✅ 解析成功 - https://raw.githubusercontent.com/webshellren/XMoonTV/ef052045a4f7a3a10c5907da4d30e3a90984b03b/config.json - 作者: webshellren, 更新时间: unknown, 大小: 0.0 KB
[2026-01-06 01:47:40] ✅ 解析成功 - https://raw.githubusercontent.com/Jonney111/jonney_clash/7277685840b1cbedbc2b55377acc81adff1d5745/moontv.json - 作者: Jonney111, 更新时间: unknown, 大小: 0.0 KB
[2026-01-06 01:47:40] ✅ 解析成功 - https://raw.githubusercontent.com/adminlove520/Source-Collector/eb8cd8f5f7960600c8d3af01245b64029c6421e1/config_isadult.json - 作者: adminlove520, 更新时间: unknown, 大小: 0.0 KB
[2026-01-06 01:47:41] ✅ 解析成功 - https://raw.githubusercontent.com/qianqikun/LunaTV-config/26c97551e6b5bd9023608d5ca9719b3c76e2317d/jingjian.json - 作者: qianqikun, 更新时间: unknown, 大小: 0.0 KB
[2026-01-06 01:47:41] ✅ 解析成功 - https://raw.githubusercontent.com/kimballic/IPTV2/2ccf529d9877ad4d7cf48f54a67c6b462979abe4/deepseek_json_20250822_55f9da.json - 作者: kimballic, 更新时间: unknown, 大小: 0.0 KB
[2026-01-06 01:47:41] ✅ 解析成功 - https://raw.githubusercontent.com/viacooky/tv-box-sub/3f7188cb5f0b65903fb0bc5dc94b2128e8e6f021/2.json - 作者: viacooky, 更新时间: unknown, 大小: 0.0 KB
[2026-01-06 01:47:41] ✅ 解析成功 - https://raw.githubusercontent.com/yangbvv/yangbvv.github.io/e77c2d4d6c56a68002e13d681240984e2ee5e6e1/moontv.json - 作者: yangbvv, 更新时间: unknown, 大小: 0.0 KB
[2026-01-06 01:47:41] ✅ 解析成功 - https://raw.githubusercontent.com/Mikephie/Script/4951bb3b82739853fd731d3e227a670431931f42/config-3.json - 作者: Mikephie, 更新时间: unknown, 大小: 0.0 KB
[2026-01-06 01:47:42] ✅ 解析成功 - https://raw.githubusercontent.com/katelya77/KatelyaTV/fc78bb11c026285d1b66e841b227e6171574956c/config.example.json - 作者: katelya77, 更新时间: unknown, 大小: 0.0 KB
[2026-01-06 01:47:42] ✅ 解析成功 - https://raw.githubusercontent.com/lyqnihao/m3u8/719c30115e56a42e21ac6d50191d3e3ada5d2330/MoonTV/config.json - 作者: lyqnihao, 更新时间: unknown, 大小: 0.0 KB
[2026-01-06 01:47:42] ✅ 解析成功 - https://raw.githubusercontent.com/chat263/tvjson/45dbc00aebda1642a95c20be2b5a0bda61a60e78/m.json - 作者: chat263, 更新时间: unknown, 大小: 0.0 KB
[2026-01-06 01:47:42] ✅ 解析成功 - https://raw.githubusercontent.com/sk3879921/tvjson/3e5394dfbc292321326e218e7bc303716f3f5336/q.json - 作者: sk3879921, 更新时间: unknown, 大小: 0.0 KB
[2026-01-06 01:47:42] ✅ 解析成功 - https://raw.githubusercontent.com/haogege8888/KatelyaTV/e58837e6b5dcc4d7d112e05e1d9bda3e9b3bf992/config.json - 作者: haogege8888, 更新时间: unknown, 大小: 0.0 KB
[2026-01-06 01:47:43] ✅ 解析成功 - https://raw.githubusercontent.com/iphoneten/CNTV/77a30bc772c40da92aa73c207ca843ca59410545/config_backup.json - 作者: iphoneten, 更新时间: unknown, 大小: 0.0 KB
[2026-01-06 01:47:43] ✅ 解析成功 - https://raw.githubusercontent.com/oooopera/moontv_config/d5e6cdb3ffca5e5013c08014ee1a87e69561a65f/input.json - 作者: oooopera, 更新时间: unknown, 大小: 0.0 KB
[2026-01-06 01:47:43] ✅ 解析成功 - https://raw.githubusercontent.com/talefou/static/e11ad37a2275361159c20daba3c05dce14482857/tv/config.json - 作者: talefou, 更新时间: unknown, 大小: 0.0 KB
[2026-01-06 01:47:43] ✅ 解析成功 - https://raw.githubusercontent.com/kpsmail/new/cdfb9871f929c9875c01bb70d2dfe55f660fea7f/config.json - 作者: kpsmail, 更新时间: unknown, 大小: 0.0 KB
[2026-01-06 01:47:43] ✅ 解析成功 - https://raw.githubusercontent.com/jjye93/raspberrypi/0d15a6384bd40408bb21676ca8b006ef2c2edf0f/public/config.json - 作者: jjye93, 更新时间: unknown, 大小: 0.0 KB
[2026-01-06 01:47:44] ✅ 解析成功 - https://raw.githubusercontent.com/wokaotianshi123/wokaotianshi123.github.io/cb421bf183398cc9e48b40c6c8c669bcf2b68390/moontv/config_2025-09-23.json - 作者: wokaotianshi123, 更新时间: unknown, 大小: 0.0 KB
[2026-01-07 01:47:07] ✅ 解析成功 - https://raw.githubusercontent.com/katelya77/KatelyaTV/fc78bb11c026285d1b66e841b227e6171574956c/config.json - 作者: katelya77, 更新时间: unknown, 大小: 0.0 KB
[2026-01-07 01:47:07] ✅ 解析成功 - https://raw.githubusercontent.com/gxnas/TvBox/4153c4225579d480bb5dbba12619ce6e70df8acb/LunaTV.json - 作者: gxnas, 更新时间: unknown, 大小: 0.0 KB
[2026-01-07 01:47:07] ✅ 解析成功 - https://raw.githubusercontent.com/hafrey1/LunaTV-config/2fd54ae9a62b399a0679db9f5751da0527289b9b/LunaTV-config.json - 作者: hafrey1, 更新时间: unknown, 大小: 0.0 KB
[2026-01-07 01:47:07] ✅ 解析成功 - https://raw.githubusercontent.com/samqin123/MoonTV/c0bba763d16fb5cd830a808d58329025337491cf/config.json - 作者: samqin123, 更新时间: unknown, 大小: 0.0 KB
[2026-01-07 01:47:07] ✅ 解析成功 - https://raw.githubusercontent.com/macsur/livetv/3880610be369f43b91f85778d77b86f6688cb013/moontv.json - 作者: macsur, 更新时间: unknown, 大小: 0.0 KB
[2026-01-07 01:47:07] ✅ 解析成功 - https://raw.githubusercontent.com/hanzhenya/hzyiptv/00923a1043db8e531f730912d565eb8619b5675f/config(%E8%80%81).json - 作者: hanzhenya, 更新时间: unknown, 大小: 0.0 KB
[2026-01-07 01:47:07] ✅ 解析成功 - https://raw.githubusercontent.com/Jonney111/jonney_clash/7277685840b1cbedbc2b55377acc81adff1d5745/moontv.json - 作者: Jonney111, 更新时间: unknown, 大小: 0.0 KB
[2026-01-07 01:47:08] ✅ 解析成功 - https://raw.githubusercontent.com/ltxxjs/box2022-1/51a5a45f63580f4bab5811d957a3ad75a9a7f393/configplus_isadult.json - 作者: ltxxjs, 更新时间: unknown, 大小: 0.0 KB
[2026-01-07 01:47:08] ✅ 解析成功 - https://raw.githubusercontent.com/ISQIShI/MyResources/3f5e5e60738a3128029f788f17b4d4189bb779e8/TV%20Source.json - 作者: ISQIShI, 更新时间: unknown, 大小: 0.0 KB
[2026-01-07 01:47:08] ✅ 解析成功 - https://raw.githubusercontent.com/vodtv/api/3c858acc96368f078e95632c5d3806b3506dc66d/jingjian.json - 作者: vodtv, 更新时间: unknown, 大小: 0.0 KB
[2026-01-07 01:47:08] ✅ 解析成功 - https://raw.githubusercontent.com/wokaotianshi123/wokaotianshi123.github.io/cb421bf183398cc9e48b40c6c8c669bcf2b68390/moontv/config_2025-09-23.json - 作者: wokaotianshi123, 更新时间: unknown, 大小: 0.0 KB
[2026-01-07 01:47:08] ✅ 解析成功 - https://raw.githubusercontent.com/zhumengkang/edgeone-moontv/262ce332a93ba34966adb07761e7bfab8faab7bf/config.json - 作者: zhumengkang, 更新时间: unknown, 大小: 0.0 KB
[2026-01-07 01:47:08] ✅ 解析成功 - https://raw.githubusercontent.com/jeffernn/joyflix/7ef1beeba1c6efe7e80a7dd33f28098446659e1b/config.json - 作者: jeffernn, 更新时间: unknown, 大小: 0.0 KB
[2026-01-07 01:47:08] ✅ 解析成功 - https://raw.githubusercontent.com/lovevampplus/cfdata/98499efb4bb7da920400a0eabb4948cd417eebd7/moontv-config.json - 作者: lovevampplus, 更新时间: unknown, 大小: 0.0 KB
[2026-01-07 01:47:08] ✅ 解析成功 - https://raw.githubusercontent.com/Pundsup/Live/03f56bd3821c11d21031cd1af1a4db819dfee4a7/yszyby.json - 作者: Pundsup, 更新时间: unknown, 大小: 0.0 KB
[2026-01-07 01:47:09] ✅ 解析成功 - https://raw.githubusercontent.com/viacooky/tv-box-sub/3f7188cb5f0b65903fb0bc5dc94b2128e8e6f021/2.json - 作者: viacooky, 更新时间: unknown, 大小: 0.0 KB
[2026-01-07 01:47:09] ✅ 解析成功 - https://raw.githubusercontent.com/qianqikun/LunaTV-config/1bd09b876ad85a771dc0caccd51bcbf60237d876/jin18.json - 作者: qianqikun, 更新时间: unknown, 大小: 0.0 KB
[2026-01-07 01:47:09] ✅ 解析成功 - https://raw.githubusercontent.com/xqrock/openfile/7240d8f23ed32d83b191f180b68387fd3b1c117c/config/vod.json - 作者: xqrock, 更新时间: unknown, 大小: 0.0 KB
[2026-01-07 01:47:09] ✅ 解析成功 - https://raw.githubusercontent.com/yenkj/epg/d5fa554e2369844bc75e3dacf97a0101267138f9/config0.json - 作者: yenkj, 更新时间: unknown, 大小: 0.0 KB
[2026-01-07 01:47:09] ✅ 解析成功 - https://raw.githubusercontent.com/katelya77/KatelyaTV/fc78bb11c026285d1b66e841b227e6171574956c/config.example.json - 作者: katelya77, 更新时间: unknown, 大小: 0.0 KB
[2026-01-07 01:47:09] ✅ 解析成功 - https://raw.githubusercontent.com/adminlove520/Source-Collector/eb8cd8f5f7960600c8d3af01245b64029c6421e1/config_isadult.json - 作者: adminlove520, 更新时间: unknown, 大小: 0.0 KB
[2026-01-07 01:47:09] ✅ 解析成功 - https://raw.githubusercontent.com/616310/LunaTV-proxy/ad59d5763f4efd2294301cd96ff9804865ebb65c/config/default-config.json - 作者: 616310, 更新时间: unknown, 大小: 0.0 KB
[2026-01-07 01:47:09] ✅ 解析成功 - https://raw.githubusercontent.com/kimballic/IPTV2/2ccf529d9877ad4d7cf48f54a67c6b462979abe4/deepseek_json_20250822_55f9da.json - 作者: kimballic, 更新时间: unknown, 大小: 0.0 KB
[2026-01-07 01:47:10] ✅ 解析成功 - https://raw.githubusercontent.com/viacooky/tv-box-sub/3f7188cb5f0b65903fb0bc5dc94b2128e8e6f021/1.json - 作者: viacooky, 更新时间: unknown, 大小: 0.0 KB
[2026-01-07 01:47:10] ✅ 解析成功 - https://raw.githubusercontent.com/talefou/static/e11ad37a2275361159c20daba3c05dce14482857/tv/config.json - 作者: talefou, 更新时间: unknown, 大小: 0.0 KB
[2026-01-07 01:47:10] ✅ 解析成功 - https://raw.githubusercontent.com/iphoneten/CNTV/77a30bc772c40da92aa73c207ca843ca59410545/config.json - 作者: iphoneten, 更新时间: unknown, 大小: 0.0 KB
[2026-01-07 01:47:10] ✅ 解析成功 - https://raw.githubusercontent.com/Nesciasnenion/helloworld/cbaa34b8af6af1d1efedfa2230fe41ba1e1996da/moontv-config-all.json - 作者: Nesciasnenion, 更新时间: unknown, 大小: 0.0 KB
[2026-01-07 01:47:10] ✅ 解析成功 - https://raw.githubusercontent.com/iphoneten/CNTV/77a30bc772c40da92aa73c207ca843ca59410545/config_backup.json - 作者: iphoneten, 更新时间: unknown, 大小: 0.0 KB
[2026-01-07 01:47:10] ✅ 解析成功 - https://raw.githubusercontent.com/Mikephie/Script/30be813017a5699e9dcb88ad1ba8f7c608a680ad/config-2.json - 作者: Mikephie, 更新时间: unknown, 大小: 0.0 KB
[2026-01-07 01:47:10] ✅ 解析成功 - https://raw.githubusercontent.com/oooopera/moontv_config/5f062f63d5dda4c058c80f7ad205967a7db7b343/input.json - 作者: oooopera, 更新时间: unknown, 大小: 0.0 KB
[2026-01-08 01:47:23] ✅ 解析成功 - https://raw.githubusercontent.com/katelya77/KatelyaTV/fc78bb11c026285d1b66e841b227e6171574956c/config.json - 作者: katelya77, 更新时间: unknown, 大小: 0.0 KB
[2026-01-08 01:47:23] ✅ 解析成功 - https://raw.githubusercontent.com/gxnas/TvBox/4153c4225579d480bb5dbba12619ce6e70df8acb/LunaTV.json - 作者: gxnas, 更新时间: unknown, 大小: 0.0 KB
[2026-01-08 01:47:23] ✅ 解析成功 - https://raw.githubusercontent.com/hafrey1/LunaTV-config/ea482ec10a725027abbb35e385082535064c22de/LunaTV-config.json - 作者: hafrey1, 更新时间: unknown, 大小: 0.0 KB
[2026-01-08 01:47:24] ✅ 解析成功 - https://raw.githubusercontent.com/samqin123/MoonTV/c0bba763d16fb5cd830a808d58329025337491cf/config.json - 作者: samqin123, 更新时间: unknown, 大小: 0.0 KB
[2026-01-08 01:47:24] ✅ 解析成功 - https://raw.githubusercontent.com/hjdhnx/drpy-node/bafed527866dcc2add1832c51a06a3b9833cbadd/scripts/mjs/moontv.json - 作者: hjdhnx, 更新时间: unknown, 大小: 0.0 KB
[2026-01-08 01:47:24] ✅ 解析成功 - https://raw.githubusercontent.com/xqrock/openfile/7240d8f23ed32d83b191f180b68387fd3b1c117c/config/vod.json - 作者: xqrock, 更新时间: unknown, 大小: 0.0 KB
[2026-01-08 01:47:24] ✅ 解析成功 - https://raw.githubusercontent.com/sk3879921/tvjson/3e5394dfbc292321326e218e7bc303716f3f5336/q.json - 作者: sk3879921, 更新时间: unknown, 大小: 0.0 KB
[2026-01-08 01:47:24] ✅ 解析成功 - https://raw.githubusercontent.com/ltxxjs/box2022-1/51a5a45f63580f4bab5811d957a3ad75a9a7f393/configplus_isadult.json - 作者: ltxxjs, 更新时间: unknown, 大小: 0.0 KB
[2026-01-08 01:47:24] ✅ 解析成功 - https://raw.githubusercontent.com/hanzhenya/hzyiptv/00923a1043db8e531f730912d565eb8619b5675f/config(%E8%80%81).json - 作者: hanzhenya, 更新时间: unknown, 大小: 0.0 KB
[2026-01-08 01:47:25] ✅ 解析成功 - https://raw.githubusercontent.com/viacooky/tv-box-sub/3f7188cb5f0b65903fb0bc5dc94b2128e8e6f021/2.json - 作者: viacooky, 更新时间: unknown, 大小: 0.0 KB
[2026-01-08 01:47:25] ✅ 解析成功 - https://raw.githubusercontent.com/wokaotianshi123/wokaotianshi123.github.io/cb421bf183398cc9e48b40c6c8c669bcf2b68390/moontv/config_2025-09-23.json - 作者: wokaotianshi123, 更新时间: unknown, 大小: 0.0 KB
[2026-01-08 01:47:25] ✅ 解析成功 - https://raw.githubusercontent.com/lovevampplus/cfdata/98499efb4bb7da920400a0eabb4948cd417eebd7/96.json - 作者: lovevampplus, 更新时间: unknown, 大小: 0.0 KB
[2026-01-08 01:47:25] ✅ 解析成功 - https://raw.githubusercontent.com/jjye93/raspberrypi/0d15a6384bd40408bb21676ca8b006ef2c2edf0f/public/config.json - 作者: jjye93, 更新时间: unknown, 大小: 0.0 KB
[2026-01-08 01:47:25] ✅ 解析成功 - https://raw.githubusercontent.com/yjh800307/yjh800307.github.io/4b825da4ab5059eae4f36ffc59877d0b5a76ea63/moontv.json - 作者: yjh800307, 更新时间: unknown, 大小: 0.0 KB
[2026-01-08 01:47:26] ✅ 解析成功 - https://raw.githubusercontent.com/Mikephie/Script/1e59623793298d6f470a59954549a319aec9cc30/config-2.json - 作者: Mikephie, 更新时间: unknown, 大小: 0.0 KB
[2026-01-08 01:47:26] ✅ 解析成功 - https://raw.githubusercontent.com/616310/LunaTV-proxy/ad59d5763f4efd2294301cd96ff9804865ebb65c/config/default-config.json - 作者: 616310, 更新时间: unknown, 大小: 0.0 KB
[2026-01-08 01:47:26] ✅ 解析成功 - https://raw.githubusercontent.com/chat263/tvjson/45dbc00aebda1642a95c20be2b5a0bda61a60e78/m.json - 作者: chat263, 更新时间: unknown, 大小: 0.0 KB
[2026-01-08 01:47:26] ✅ 解析成功 - https://raw.githubusercontent.com/hafrey1/LunaTV-config/ea482ec10a725027abbb35e385082535064c22de/jingjian.json - 作者: hafrey1, 更新时间: unknown, 大小: 0.0 KB
[2026-01-08 01:47:26] ✅ 解析成功 - https://raw.githubusercontent.com/iphoneten/CNTV/77a30bc772c40da92aa73c207ca843ca59410545/config_backup.json - 作者: iphoneten, 更新时间: unknown, 大小: 0.0 KB
[2026-01-08 01:47:27] ✅ 解析成功 - https://raw.githubusercontent.com/PAICNI/Videos_PLUS/b51ff1521a1e77f17ad538ccfd3c100cc42e0663/MoonTV%E8%A7%86%E9%A2%91%E6%BA%90Plus%E7%89%88.json - 作者: PAICNI, 更新时间: unknown, 大小: 0.0 KB
[2026-01-08 01:47:27] ✅ 解析成功 - https://raw.githubusercontent.com/jiujiusadadas/MoonTV/af55f5748a205558970424f4ddd968044fc4b997/config.json - 作者: jiujiusadadas, 更新时间: unknown, 大小: 0.0 KB
[2026-01-08 01:47:27] ✅ 解析成功 - https://raw.githubusercontent.com/gmep/tv9/6127c457056ccc27ccd8a1db84d5f8bc5c4cd6cc/config.json - 作者: gmep, 更新时间: unknown, 大小: 0.0 KB
[2026-01-08 01:47:27] ✅ 解析成功 - https://raw.githubusercontent.com/chtsen/chtsen-cfcdn-file/4dcd0a4eb6ffe876fcc0532906f5603aa850d492/LunaTV/configz.json - 作者: chtsen, 更新时间: unknown, 大小: 0.0 KB
[2026-01-08 01:47:27] ✅ 解析成功 - https://raw.githubusercontent.com/viacooky/tv-box-sub/3f7188cb5f0b65903fb0bc5dc94b2128e8e6f021/1.json - 作者: viacooky, 更新时间: unknown, 大小: 0.0 KB
[2026-01-08 01:47:28] ✅ 解析成功 - https://raw.githubusercontent.com/Jonney111/jonney_clash/7277685840b1cbedbc2b55377acc81adff1d5745/moontv.json - 作者: Jonney111, 更新时间: unknown, 大小: 0.0 KB
[2026-01-08 01:47:28] ✅ 解析成功 - https://raw.githubusercontent.com/869203553/guize/eb8fa7240b289603d833d3d4ae4201f74bcb1bd4/config.json - 作者: 869203553, 更新时间: unknown, 大小: 0.0 KB
[2026-01-08 01:47:28] ✅ 解析成功 - https://raw.githubusercontent.com/adminlove520/Source-Collector/eb8cd8f5f7960600c8d3af01245b64029c6421e1/config_isadult.json - 作者: adminlove520, 更新时间: unknown, 大小: 0.0 KB
[2026-01-08 01:47:28] ✅ 解析成功 - https://raw.githubusercontent.com/yutian81/data-source/97c13655052a73d5f455801eed3d366b97acf3ce/OrionTV/config.json - 作者: yutian81, 更新时间: unknown, 大小: 0.0 KB
[2026-01-08 01:47:28] ✅ 解析成功 - https://raw.githubusercontent.com/yenkj/epg/b2a969af6654a82137dc2530e686e9891a100dd3/config0.json - 作者: yenkj, 更新时间: unknown, 大小: 0.0 KB
[2026-01-09 01:48:12] ✅ 解析成功 - https://raw.githubusercontent.com/katelya77/KatelyaTV/fc78bb11c026285d1b66e841b227e6171574956c/config.json - 作者: katelya77, 更新时间: unknown, 大小: 0.0 KB
[2026-01-09 01:48:12] ✅ 解析成功 - https://raw.githubusercontent.com/gxnas/TvBox/4153c4225579d480bb5dbba12619ce6e70df8acb/LunaTV.json - 作者: gxnas, 更新时间: unknown, 大小: 0.0 KB
[2026-01-09 01:48:12] ✅ 解析成功 - https://raw.githubusercontent.com/hafrey1/LunaTV-config/f19bffaa068209224b28534b6aa834de5bd52865/LunaTV-config.json - 作者: hafrey1, 更新时间: unknown, 大小: 0.0 KB
[2026-01-09 01:48:13] ✅ 解析成功 - https://raw.githubusercontent.com/samqin123/MoonTV/c0bba763d16fb5cd830a808d58329025337491cf/config.json - 作者: samqin123, 更新时间: unknown, 大小: 0.0 KB
[2026-01-09 01:48:13] ✅ 解析成功 - https://raw.githubusercontent.com/wokaotianshi123/wokaotianshi123.github.io/cb421bf183398cc9e48b40c6c8c669bcf2b68390/moontv/config_2025-09-23.json - 作者: wokaotianshi123, 更新时间: unknown, 大小: 0.0 KB
[2026-01-09 01:48:13] ✅ 解析成功 - https://raw.githubusercontent.com/yenkj/epg/0bc6de788bbd4ad5b68eff8eeec5ff1498ed7e87/config0.json - 作者: yenkj, 更新时间: unknown, 大小: 0.0 KB
[2026-01-09 01:48:13] ✅ 解析成功 - https://raw.githubusercontent.com/hjdhnx/drpy-node/bafed527866dcc2add1832c51a06a3b9833cbadd/scripts/mjs/moontv.json - 作者: hjdhnx, 更新时间: unknown, 大小: 0.0 KB
[2026-01-09 01:48:13] ✅ 解析成功 - https://raw.githubusercontent.com/viacooky/tv-box-sub/3f7188cb5f0b65903fb0bc5dc94b2128e8e6f021/2.json - 作者: viacooky, 更新时间: unknown, 大小: 0.0 KB
[2026-01-09 01:48:14] ✅ 解析成功 - https://raw.githubusercontent.com/SCXSVIP/TV/e7bc32117505d2bda3b31ade3dc96114c6ce623c/MoonTV/MoonTV-xs.json - 作者: SCXSVIP, 更新时间: unknown, 大小: 0.0 KB
[2026-01-09 01:48:14] ✅ 解析成功 - https://raw.githubusercontent.com/vodtv/api/e39390f4c80235134c1a480de574c1beb65a2fe0/jingjian.json - 作者: vodtv, 更新时间: unknown, 大小: 0.0 KB
[2026-01-09 01:48:14] ✅ 解析成功 - https://raw.githubusercontent.com/lovevampplus/cfdata/98499efb4bb7da920400a0eabb4948cd417eebd7/moontv-config.json - 作者: lovevampplus, 更新时间: unknown, 大小: 0.0 KB
[2026-01-09 01:48:14] ✅ 解析成功 - https://raw.githubusercontent.com/PAICNI/Videos_PLUS/b51ff1521a1e77f17ad538ccfd3c100cc42e0663/MoonTV%E8%A7%86%E9%A2%91%E6%BA%90Plus%E7%89%88.json - 作者: PAICNI, 更新时间: unknown, 大小: 0.0 KB
[2026-01-09 01:48:14] ✅ 解析成功 - https://raw.githubusercontent.com/Mikephie/Script/6d483c95463573d89730fe1fe9890b09ff5ddc63/config-3.json - 作者: Mikephie, 更新时间: unknown, 大小: 0.0 KB
[2026-01-09 01:48:15] ✅ 解析成功 - https://raw.githubusercontent.com/adminlove520/Source-Collector/eb8cd8f5f7960600c8d3af01245b64029c6421e1/config_isadult.json - 作者: adminlove520, 更新时间: unknown, 大小: 0.0 KB
[2026-01-09 01:48:15] ✅ 解析成功 - https://raw.githubusercontent.com/616310/LunaTV-proxy/ad59d5763f4efd2294301cd96ff9804865ebb65c/config/default-config.json - 作者: 616310, 更新时间: unknown, 大小: 0.0 KB
[2026-01-09 01:48:15] ❌ JSON语法错误 - https://raw.githubusercontent.com/hafrey1/MoonTV1.1.1/614f381e5312d9821bd5fe058f9eed9426e96d23/config.json - Expecting value: line 151 column 1 (char 5001)
[2026-01-09 01:48:15] ✅ 解析成功 - https://raw.githubusercontent.com/hanzhenya/hzyiptv/00923a1043db8e531f730912d565eb8619b5675f/config(%E8%80%81).json - 作者: hanzhenya, 更新时间: unknown, 大小: 0.0 KB
[2026-01-09 01:48:16] ✅ 解析成功 - https://raw.githubusercontent.com/sk3879921/tvjson/3e5394dfbc292321326e218e7bc303716f3f5336/q.json - 作者: sk3879921, 更新时间: unknown, 大小: 0.0 KB
[2026-01-09 01:48:16] ✅ 解析成功 - https://raw.githubusercontent.com/chat263/tvjson/45dbc00aebda1642a95c20be2b5a0bda61a60e78/m.json - 作者: chat263, 更新时间: unknown, 大小: 0.0 KB
[2026-01-09 01:48:16] ✅ 解析成功 - https://raw.githubusercontent.com/Jonney111/jonney_clash/7277685840b1cbedbc2b55377acc81adff1d5745/moontv.json - 作者: Jonney111, 更新时间: unknown, 大小: 0.0 KB
[2026-01-09 01:48:16] ✅ 解析成功 - https://raw.githubusercontent.com/qianqikun/LunaTV-config/d5ff694c7cc868839af4c7422a5f390cd27b6cfc/jin18.json - 作者: qianqikun, 更新时间: unknown, 大小: 0.0 KB
[2026-01-09 01:48:16] ✅ 解析成功 - https://raw.githubusercontent.com/ISQIShI/MyResources/3f5e5e60738a3128029f788f17b4d4189bb779e8/TV%20Source.json - 作者: ISQIShI, 更新时间: unknown, 大小: 0.0 KB
[2026-01-09 01:48:17] ✅ 解析成功 - https://raw.githubusercontent.com/gmep/tv9/6127c457056ccc27ccd8a1db84d5f8bc5c4cd6cc/config.json - 作者: gmep, 更新时间: unknown, 大小: 0.0 KB
[2026-01-09 01:48:17] ✅ 解析成功 - https://raw.githubusercontent.com/kimballic/IPTV2/2ccf529d9877ad4d7cf48f54a67c6b462979abe4/20250823-json.json - 作者: kimballic, 更新时间: unknown, 大小: 0.0 KB
[2026-01-09 01:48:17] ✅ 解析成功 - https://raw.githubusercontent.com/webshellren/XMoonTV/ef052045a4f7a3a10c5907da4d30e3a90984b03b/config.json - 作者: webshellren, 更新时间: unknown, 大小: 0.0 KB
[2026-01-09 01:48:17] ✅ 解析成功 - https://raw.githubusercontent.com/katelya77/KatelyaTV/fc78bb11c026285d1b66e841b227e6171574956c/config.example.json - 作者: katelya77, 更新时间: unknown, 大小: 0.0 KB
[2026-01-09 01:48:18] ✅ 解析成功 - https://raw.githubusercontent.com/mhq1389/lsegou/7cbbee54537334e668dd678fd8a8ef5efe6e0957/config.json - 作者: mhq1389, 更新时间: unknown, 大小: 0.0 KB
[2026-01-09 01:48:18] ✅ 解析成功 - https://raw.githubusercontent.com/Nesciasnenion/helloworld/cbaa34b8af6af1d1efedfa2230fe41ba1e1996da/moontv-config-all.json - 作者: Nesciasnenion, 更新时间: unknown, 大小: 0.0 KB
[2026-01-09 01:48:18] ✅ 解析成功 - https://raw.githubusercontent.com/Attiv/oriontv2/0c96b863bdf012b81f27cfeca03e3a7a1720d415/backend/src/config/config.json - 作者: Attiv, 更新时间: unknown, 大小: 0.0 KB
[2026-01-10 01:44:29] ✅ 解析成功 - https://raw.githubusercontent.com/katelya77/KatelyaTV/fc78bb11c026285d1b66e841b227e6171574956c/config.json - 作者: katelya77, 更新时间: unknown, 大小: 0.0 KB
[2026-01-10 01:44:29] ✅ 解析成功 - https://raw.githubusercontent.com/gxnas/TvBox/4153c4225579d480bb5dbba12619ce6e70df8acb/LunaTV.json - 作者: gxnas, 更新时间: unknown, 大小: 0.0 KB
[2026-01-10 01:44:29] ✅ 解析成功 - https://raw.githubusercontent.com/hafrey1/LunaTV-config/9bb24586c779dc161af0068060736e914b71b1b3/LunaTV-config.json - 作者: hafrey1, 更新时间: unknown, 大小: 0.0 KB
[2026-01-10 01:44:29] ✅ 解析成功 - https://raw.githubusercontent.com/samqin123/MoonTV/c0bba763d16fb5cd830a808d58329025337491cf/config.json - 作者: samqin123, 更新时间: unknown, 大小: 0.0 KB
[2026-01-10 01:44:29] ✅ 解析成功 - https://raw.githubusercontent.com/hjdhnx/drpy-node/bafed527866dcc2add1832c51a06a3b9833cbadd/scripts/mjs/moontv.json - 作者: hjdhnx, 更新时间: unknown, 大小: 0.0 KB
[2026-01-10 01:44:29] ✅ 解析成功 - https://raw.githubusercontent.com/oooopera/moontv_config/6fb74592d4bb73c00ab6e47e98513c447a693bd6/config%E5%88%9D%E5%A7%8B.json - 作者: oooopera, 更新时间: unknown, 大小: 0.0 KB
[2026-01-10 01:44:29] ✅ 解析成功 - https://raw.githubusercontent.com/SCXSVIP/TV/e7bc32117505d2bda3b31ade3dc96114c6ce623c/MoonTV/MoonTV-xs.json - 作者: SCXSVIP, 更新时间: unknown, 大小: 0.0 KB
[2026-01-10 01:44:30] ✅ 解析成功 - https://raw.githubusercontent.com/wokaotianshi123/wokaotianshi123.github.io/cb421bf183398cc9e48b40c6c8c669bcf2b68390/moontv/config_2025-09-23.json - 作者: wokaotianshi123, 更新时间: unknown, 大小: 0.0 KB
[2026-01-10 01:44:30] ✅ 解析成功 - https://raw.githubusercontent.com/vodtv/api/1bc6c1adb9fa21aefb88dadc4d84c22127504475/jin18.json - 作者: vodtv, 更新时间: unknown, 大小: 0.0 KB
[2026-01-10 01:44:30] ✅ 解析成功 - https://raw.githubusercontent.com/viacooky/tv-box-sub/3f7188cb5f0b65903fb0bc5dc94b2128e8e6f021/2.json - 作者: viacooky, 更新时间: unknown, 大小: 0.0 KB
[2026-01-10 01:44:30] ✅ 解析成功 - https://raw.githubusercontent.com/qianqikun/LunaTV-config/9f1fe66d0c9043c8a3d6a1151b2afe8b53f61ad4/jingjian.json - 作者: qianqikun, 更新时间: unknown, 大小: 0.0 KB
[2026-01-10 01:44:30] ✅ 解析成功 - https://raw.githubusercontent.com/sk3879921/tvjson/3e5394dfbc292321326e218e7bc303716f3f5336/q.json - 作者: sk3879921, 更新时间: unknown, 大小: 0.0 KB
[2026-01-10 01:44:30] ✅ 解析成功 - https://raw.githubusercontent.com/iphoneten/CNTV/77a30bc772c40da92aa73c207ca843ca59410545/config_backup.json - 作者: iphoneten, 更新时间: unknown, 大小: 0.0 KB
[2026-01-10 01:44:30] ✅ 解析成功 - https://raw.githubusercontent.com/macsur/livetv/3880610be369f43b91f85778d77b86f6688cb013/moontv.json - 作者: macsur, 更新时间: unknown, 大小: 0.0 KB
[2026-01-10 01:44:30] ✅ 解析成功 - https://raw.githubusercontent.com/katelya77/KatelyaTV/fc78bb11c026285d1b66e841b227e6171574956c/config.example.json - 作者: katelya77, 更新时间: unknown, 大小: 0.0 KB
[2026-01-10 01:44:31] ✅ 解析成功 - https://raw.githubusercontent.com/Mikephie/Script/d7d999aa95d42f894f2f01e9e64b0e25990a57f2/config-3.json - 作者: Mikephie, 更新时间: unknown, 大小: 0.0 KB
[2026-01-10 01:44:31] ✅ 解析成功 - https://raw.githubusercontent.com/hanzhenya/hzyiptv/00923a1043db8e531f730912d565eb8619b5675f/config(%E8%80%81).json - 作者: hanzhenya, 更新时间: unknown, 大小: 0.0 KB
[2026-01-10 01:44:31] ✅ 解析成功 - https://raw.githubusercontent.com/lyqnihao/m3u8/719c30115e56a42e21ac6d50191d3e3ada5d2330/MoonTV/config.json - 作者: lyqnihao, 更新时间: unknown, 大小: 0.0 KB
[2026-01-10 01:44:31] ✅ 解析成功 - https://raw.githubusercontent.com/haogege8888/KatelyaTV/e58837e6b5dcc4d7d112e05e1d9bda3e9b3bf992/config.json - 作者: haogege8888, 更新时间: unknown, 大小: 0.0 KB
[2026-01-10 01:44:31] ✅ 解析成功 - https://raw.githubusercontent.com/lovevampplus/cfdata/98499efb4bb7da920400a0eabb4948cd417eebd7/96.json - 作者: lovevampplus, 更新时间: unknown, 大小: 0.0 KB
[2026-01-10 01:44:31] ✅ 解析成功 - https://raw.githubusercontent.com/chat263/tvjson/45dbc00aebda1642a95c20be2b5a0bda61a60e78/m.json - 作者: chat263, 更新时间: unknown, 大小: 0.0 KB
[2026-01-10 01:44:31] ✅ 解析成功 - https://raw.githubusercontent.com/616310/LunaTV-proxy/ad59d5763f4efd2294301cd96ff9804865ebb65c/config/default-config.json - 作者: 616310, 更新时间: unknown, 大小: 0.0 KB
[2026-01-10 01:44:31] ✅ 解析成功 - https://raw.githubusercontent.com/kimballic/IPTV2/2ccf529d9877ad4d7cf48f54a67c6b462979abe4/deepseek_json_20250822_55f9da.json - 作者: kimballic, 更新时间: unknown, 大小: 0.0 KB
[2026-01-10 01:44:32] ✅ 解析成功 - https://raw.githubusercontent.com/chtsen/chtsen-cfcdn-file/4dcd0a4eb6ffe876fcc0532906f5603aa850d492/LunaTV/configz.json - 作者: chtsen, 更新时间: unknown, 大小: 0.0 KB
[2026-01-10 01:44:32] ✅ 解析成功 - https://raw.githubusercontent.com/ISQIShI/MyResources/3f5e5e60738a3128029f788f17b4d4189bb779e8/TV%20Source.json - 作者: ISQIShI, 更新时间: unknown, 大小: 0.0 KB
[2026-01-10 01:44:32] ✅ 解析成功 - https://raw.githubusercontent.com/Jonney111/jonney_clash/7277685840b1cbedbc2b55377acc81adff1d5745/moontv.json - 作者: Jonney111, 更新时间: unknown, 大小: 0.0 KB
[2026-01-10 01:44:32] ✅ 解析成功 - https://raw.githubusercontent.com/gmep/tv9/6127c457056ccc27ccd8a1db84d5f8bc5c4cd6cc/config.json - 作者: gmep, 更新时间: unknown, 大小: 0.0 KB
[2026-01-10 01:44:32] ✅ 解析成功 - https://raw.githubusercontent.com/yjh800307/yjh800307.github.io/4b825da4ab5059eae4f36ffc59877d0b5a76ea63/moontv.json - 作者: yjh800307, 更新时间: unknown, 大小: 0.0 KB
[2026-01-10 01:44:32] ✅ 解析成功 - https://raw.githubusercontent.com/hafrey1/LunaTV-config/9bb24586c779dc161af0068060736e914b71b1b3/jingjian.json - 作者: hafrey1, 更新时间: unknown, 大小: 0.0 KB
[2026-01-10 01:44:32] ✅ 解析成功 - https://raw.githubusercontent.com/yutian81/data-source/97c13655052a73d5f455801eed3d366b97acf3ce/OrionTV/config.json - 作者: yutian81, 更新时间: unknown, 大小: 0.0 KB
[2026-01-11 01:56:16] ✅ 解析成功 - https://raw.githubusercontent.com/katelya77/KatelyaTV/fc78bb11c026285d1b66e841b227e6171574956c/config.json - 作者: katelya77, 更新时间: unknown, 大小: 0.0 KB
[2026-01-11 01:56:16] ✅ 解析成功 - https://raw.githubusercontent.com/gxnas/TvBox/4153c4225579d480bb5dbba12619ce6e70df8acb/LunaTV.json - 作者: gxnas, 更新时间: unknown, 大小: 0.0 KB
[2026-01-11 01:56:16] ✅ 解析成功 - https://raw.githubusercontent.com/hafrey1/LunaTV-config/3ca97d0199e6fd0c03fafbf4f186ef3fb19b587d/LunaTV-config.json - 作者: hafrey1, 更新时间: unknown, 大小: 0.0 KB
[2026-01-11 01:56:16] ✅ 解析成功 - https://raw.githubusercontent.com/samqin123/MoonTV/c0bba763d16fb5cd830a808d58329025337491cf/config.json - 作者: samqin123, 更新时间: unknown, 大小: 0.0 KB
[2026-01-11 01:56:16] ✅ 解析成功 - https://raw.githubusercontent.com/hjdhnx/drpy-node/bafed527866dcc2add1832c51a06a3b9833cbadd/scripts/mjs/moontv.json - 作者: hjdhnx, 更新时间: unknown, 大小: 0.0 KB
[2026-01-11 01:56:16] ✅ 解析成功 - https://raw.githubusercontent.com/oooopera/moontv_config/89bc55d5f3dfd4cdda99b5dae39e05784488bcc9/config%E5%88%9D%E5%A7%8B.json - 作者: oooopera, 更新时间: unknown, 大小: 0.0 KB
[2026-01-11 01:56:17] ✅ 解析成功 - https://raw.githubusercontent.com/SCXSVIP/TV/e7bc32117505d2bda3b31ade3dc96114c6ce623c/MoonTV/MoonTV-xs.json - 作者: SCXSVIP, 更新时间: unknown, 大小: 0.0 KB
[2026-01-11 01:56:17] ✅ 解析成功 - https://raw.githubusercontent.com/wokaotianshi123/wokaotianshi123.github.io/cb421bf183398cc9e48b40c6c8c669bcf2b68390/moontv/config_2025-09-23.json - 作者: wokaotianshi123, 更新时间: unknown, 大小: 0.0 KB
[2026-01-11 01:56:17] ✅ 解析成功 - https://raw.githubusercontent.com/vodtv/api/d3b49db35e3db00ce2e6aac0e0427fefa6b58374/jin18.json - 作者: vodtv, 更新时间: unknown, 大小: 0.0 KB
[2026-01-11 01:56:17] ✅ 解析成功 - https://raw.githubusercontent.com/iphoneten/CNTV/77a30bc772c40da92aa73c207ca843ca59410545/config.json - 作者: iphoneten, 更新时间: unknown, 大小: 0.0 KB
[2026-01-11 01:56:17] ✅ 解析成功 - https://raw.githubusercontent.com/qianqikun/LunaTV-config/d918c5ae589034258d94a8e0ec6ec36626ae5a64/jingjian.json - 作者: qianqikun, 更新时间: unknown, 大小: 0.0 KB
[2026-01-11 01:56:17] ✅ 解析成功 - https://raw.githubusercontent.com/ltxxjs/box2022-1/51a5a45f63580f4bab5811d957a3ad75a9a7f393/configplus_isadult.json - 作者: ltxxjs, 更新时间: unknown, 大小: 0.0 KB
[2026-01-11 01:56:17] ✅ 解析成功 - https://raw.githubusercontent.com/lovevampplus/cfdata/98499efb4bb7da920400a0eabb4948cd417eebd7/96.json - 作者: lovevampplus, 更新时间: unknown, 大小: 0.0 KB
[2026-01-11 01:56:17] ✅ 解析成功 - https://raw.githubusercontent.com/Pundsup/Live/03f56bd3821c11d21031cd1af1a4db819dfee4a7/yszyby.json - 作者: Pundsup, 更新时间: unknown, 大小: 0.0 KB
[2026-01-11 01:56:17] ✅ 解析成功 - https://raw.githubusercontent.com/gmep/tv9/6127c457056ccc27ccd8a1db84d5f8bc5c4cd6cc/config.json - 作者: gmep, 更新时间: unknown, 大小: 0.0 KB
[2026-01-11 01:56:18] ✅ 解析成功 - https://raw.githubusercontent.com/sk3879921/tvjson/3e5394dfbc292321326e218e7bc303716f3f5336/q.json - 作者: sk3879921, 更新时间: unknown, 大小: 0.0 KB
[2026-01-11 01:56:18] ✅ 解析成功 - https://raw.githubusercontent.com/616310/LunaTV-proxy/ad59d5763f4efd2294301cd96ff9804865ebb65c/config/default-config.json - 作者: 616310, 更新时间: unknown, 大小: 0.0 KB
[2026-01-11 01:56:18] ✅ 解析成功 - https://raw.githubusercontent.com/yenkj/epg/daffa9439b4d51dd0d6a8cee2bcc6b05ceeb2784/config0.json - 作者: yenkj, 更新时间: unknown, 大小: 0.0 KB
[2026-01-11 01:56:18] ✅ 解析成功 - https://raw.githubusercontent.com/lyqnihao/m3u8/719c30115e56a42e21ac6d50191d3e3ada5d2330/MoonTV/config.json - 作者: lyqnihao, 更新时间: unknown, 大小: 0.0 KB
[2026-01-11 01:56:18] ✅ 解析成功 - https://raw.githubusercontent.com/yjh800307/yjh800307.github.io/4b825da4ab5059eae4f36ffc59877d0b5a76ea63/moontv.json - 作者: yjh800307, 更新时间: unknown, 大小: 0.0 KB
[2026-01-11 01:56:18] ✅ 解析成功 - https://raw.githubusercontent.com/viacooky/tv-box-sub/3f7188cb5f0b65903fb0bc5dc94b2128e8e6f021/1.json - 作者: viacooky, 更新时间: unknown, 大小: 0.0 KB
[2026-01-11 01:56:18] ✅ 解析成功 - https://raw.githubusercontent.com/iphoneten/CNTV/77a30bc772c40da92aa73c207ca843ca59410545/config_backup.json - 作者: iphoneten, 更新时间: unknown, 大小: 0.0 KB
[2026-01-11 01:56:18] ✅ 解析成功 - https://raw.githubusercontent.com/vodtv/api/d3b49db35e3db00ce2e6aac0e0427fefa6b58374/LunaTV-config.json - 作者: vodtv, 更新时间: unknown, 大小: 0.0 KB
[2026-01-11 01:56:19] ✅ 解析成功 - https://raw.githubusercontent.com/wokaotianshi123/wokaotianshi123.github.io/cb421bf183398cc9e48b40c6c8c669bcf2b68390/luna20251027.json - 作者: wokaotianshi123, 更新时间: unknown, 大小: 0.0 KB
[2026-01-11 01:56:19] ✅ 解析成功 - https://raw.githubusercontent.com/Mikephie/Script/14ac81de97872fedb62e180ebf67d64158e59fa5/config-3.json - 作者: Mikephie, 更新时间: unknown, 大小: 0.0 KB
[2026-01-11 01:56:19] ✅ 解析成功 - https://raw.githubusercontent.com/wokaotianshi123/jgcj/1919ede2e033e0d2ed4675eff19f776fe9e25c41/libretv.json - 作者: wokaotianshi123, 更新时间: unknown, 大小: 0.0 KB
[2026-01-11 01:56:19] ✅ 解析成功 - https://raw.githubusercontent.com/chat263/tvjson/45dbc00aebda1642a95c20be2b5a0bda61a60e78/m.json - 作者: chat263, 更新时间: unknown, 大小: 0.0 KB
[2026-01-11 01:56:19] ✅ 解析成功 - https://raw.githubusercontent.com/ISQIShI/MyResources/3f5e5e60738a3128029f788f17b4d4189bb779e8/TV%20Source.json - 作者: ISQIShI, 更新时间: unknown, 大小: 0.0 KB
[2026-01-11 01:56:19] ✅ 解析成功 - https://raw.githubusercontent.com/PAICNI/Videos_PLUS/b51ff1521a1e77f17ad538ccfd3c100cc42e0663/MoonTV%E8%A7%86%E9%A2%91%E6%BA%90Plus%E7%89%88.json - 作者: PAICNI, 更新时间: unknown, 大小: 0.0 KB
[2026-01-12 01:52:44] ✅ 解析成功 - https://raw.githubusercontent.com/katelya77/KatelyaTV/fc78bb11c026285d1b66e841b227e6171574956c/config.json - 作者: katelya77, 更新时间: unknown, 大小: 0.0 KB
[2026-01-12 01:52:45] ✅ 解析成功 - https://raw.githubusercontent.com/gxnas/TvBox/4153c4225579d480bb5dbba12619ce6e70df8acb/LunaTV.json - 作者: gxnas, 更新时间: unknown, 大小: 0.0 KB
[2026-01-12 01:52:45] ✅ 解析成功 - https://raw.githubusercontent.com/hafrey1/LunaTV-config/2e7549f8a7ecc8db8b1d2cf550084d4c2959eb25/LunaTV-config.json - 作者: hafrey1, 更新时间: unknown, 大小: 0.0 KB
[2026-01-12 01:52:45] ✅ 解析成功 - https://raw.githubusercontent.com/samqin123/MoonTV/c0bba763d16fb5cd830a808d58329025337491cf/config.json - 作者: samqin123, 更新时间: unknown, 大小: 0.0 KB
[2026-01-12 01:52:45] ✅ 解析成功 - https://raw.githubusercontent.com/hjdhnx/drpy-node/bafed527866dcc2add1832c51a06a3b9833cbadd/scripts/mjs/moontv.json - 作者: hjdhnx, 更新时间: unknown, 大小: 0.0 KB
[2026-01-12 01:52:45] ✅ 解析成功 - https://raw.githubusercontent.com/cc638/tvbox/785d2bde1e6cef0b2becb3d1c64db3ca45d89b7f/%E8%A7%86%E9%A2%91%E6%BA%90.json - 作者: cc638, 更新时间: unknown, 大小: 0.0 KB
[2026-01-12 01:52:45] ✅ 解析成功 - https://raw.githubusercontent.com/SCXSVIP/TV/e7bc32117505d2bda3b31ade3dc96114c6ce623c/MoonTV/MoonTV-xs.json - 作者: SCXSVIP, 更新时间: unknown, 大小: 0.0 KB
[2026-01-12 01:52:46] ✅ 解析成功 - https://raw.githubusercontent.com/qianqikun/LunaTV-config/b5a7c1bda6253de0f557fa62bebfef7bb6ffca78/jingjian.json - 作者: qianqikun, 更新时间: unknown, 大小: 0.0 KB
[2026-01-12 01:52:46] ✅ 解析成功 - https://raw.githubusercontent.com/lovevampplus/cfdata/98499efb4bb7da920400a0eabb4948cd417eebd7/96.json - 作者: lovevampplus, 更新时间: unknown, 大小: 0.0 KB
[2026-01-12 01:52:46] ✅ 解析成功 - https://raw.githubusercontent.com/adminlove520/Source-Collector/eb8cd8f5f7960600c8d3af01245b64029c6421e1/config_isadult.json - 作者: adminlove520, 更新时间: unknown, 大小: 0.0 KB
[2026-01-12 01:52:46] ✅ 解析成功 - https://raw.githubusercontent.com/vodtv/api/0337515f10a78a85c8ffea218db8d2cbd2d2601e/LunaTV-config.json - 作者: vodtv, 更新时间: unknown, 大小: 0.0 KB
[2026-01-12 01:52:47] ✅ 解析成功 - https://raw.githubusercontent.com/yenkj/epg/be710e4ccb055d1e19521c351001ad410f5eff43/config0.json - 作者: yenkj, 更新时间: unknown, 大小: 0.0 KB
[2026-01-12 01:52:47] ✅ 解析成功 - https://raw.githubusercontent.com/chat263/tvjson/45dbc00aebda1642a95c20be2b5a0bda61a60e78/m.json - 作者: chat263, 更新时间: unknown, 大小: 0.0 KB
[2026-01-12 01:52:47] ✅ 解析成功 - https://raw.githubusercontent.com/ltxxjs/box2022-1/51a5a45f63580f4bab5811d957a3ad75a9a7f393/configplus_isadult.json - 作者: ltxxjs, 更新时间: unknown, 大小: 0.0 KB
[2026-01-12 01:52:47] ✅ 解析成功 - https://raw.githubusercontent.com/kimballic/IPTV2/2ccf529d9877ad4d7cf48f54a67c6b462979abe4/deepseek_json_20250822_55f9da.json - 作者: kimballic, 更新时间: unknown, 大小: 0.0 KB
[2026-01-12 01:52:47] ✅ 解析成功 - https://raw.githubusercontent.com/iphoneten/CNTV/77a30bc772c40da92aa73c207ca843ca59410545/config_backup.json - 作者: iphoneten, 更新时间: unknown, 大小: 0.0 KB
[2026-01-12 01:52:47] ✅ 解析成功 - https://raw.githubusercontent.com/webshellren/XMoonTV/ef052045a4f7a3a10c5907da4d30e3a90984b03b/config.json - 作者: webshellren, 更新时间: unknown, 大小: 0.0 KB
[2026-01-12 01:52:48] ✅ 解析成功 - https://raw.githubusercontent.com/hafrey1/LunaTV-config/2e7549f8a7ecc8db8b1d2cf550084d4c2959eb25/jingjian.json - 作者: hafrey1, 更新时间: unknown, 大小: 0.0 KB
[2026-01-12 01:52:48] ✅ 解析成功 - https://raw.githubusercontent.com/yjh800307/yjh800307.github.io/4b825da4ab5059eae4f36ffc59877d0b5a76ea63/moontv.json - 作者: yjh800307, 更新时间: unknown, 大小: 0.0 KB
[2026-01-12 01:52:48] ✅ 解析成功 - https://raw.githubusercontent.com/ISQIShI/MyResources/3f5e5e60738a3128029f788f17b4d4189bb779e8/TV%20Source.json - 作者: ISQIShI, 更新时间: unknown, 大小: 0.0 KB
[2026-01-12 01:52:48] ✅ 解析成功 - https://raw.githubusercontent.com/wokaotianshi123/wokaotianshi123.github.io/b88c5496c3163ed782d15abd0ce3ea358c318e46/luna20251027.json - 作者: wokaotianshi123, 更新时间: unknown, 大小: 0.0 KB
[2026-01-12 01:52:48] ✅ 解析成功 - https://raw.githubusercontent.com/Pundsup/Live/03f56bd3821c11d21031cd1af1a4db819dfee4a7/yszyby.json - 作者: Pundsup, 更新时间: unknown, 大小: 0.0 KB
[2026-01-12 01:52:49] ✅ 解析成功 - https://raw.githubusercontent.com/hanzhenya/hzyiptv/00923a1043db8e531f730912d565eb8619b5675f/config(%E8%80%81).json - 作者: hanzhenya, 更新时间: unknown, 大小: 0.0 KB
[2026-01-12 01:52:49] ✅ 解析成功 - https://raw.githubusercontent.com/jjye93/raspberrypi/0d15a6384bd40408bb21676ca8b006ef2c2edf0f/public/config.json - 作者: jjye93, 更新时间: unknown, 大小: 0.0 KB
[2026-01-12 01:52:49] ✅ 解析成功 - https://raw.githubusercontent.com/wokaotianshi123/wokaotianshi123.github.io/b88c5496c3163ed782d15abd0ce3ea358c318e46/moontv/config_2025-09-23.json - 作者: wokaotianshi123, 更新时间: unknown, 大小: 0.0 KB
[2026-01-12 01:52:49] ✅ 解析成功 - https://raw.githubusercontent.com/wokaotianshi123/jgcj/1919ede2e033e0d2ed4675eff19f776fe9e25c41/libretv.json - 作者: wokaotianshi123, 更新时间: unknown, 大小: 0.0 KB
[2026-01-12 01:52:49] ✅ 解析成功 - https://raw.githubusercontent.com/yutian81/data-source/97c13655052a73d5f455801eed3d366b97acf3ce/OrionTV/config.json - 作者: yutian81, 更新时间: unknown, 大小: 0.0 KB
[2026-01-12 01:52:49] ✅ 解析成功 - https://raw.githubusercontent.com/viacooky/tv-box-sub/3f7188cb5f0b65903fb0bc5dc94b2128e8e6f021/1.json - 作者: viacooky, 更新时间: unknown, 大小: 0.0 KB
[2026-01-12 01:52:50] ✅ 解析成功 - https://raw.githubusercontent.com/oooopera/moontv_config/ccd1c3c2b1317534addfe0244044cf1d16e8128e/config%E5%88%9D%E5%A7%8B.json - 作者: oooopera, 更新时间: unknown, 大小: 0.0 KB
[2026-01-13 01:44:47] ✅ 解析成功 - https://raw.githubusercontent.com/katelya77/KatelyaTV/fc78bb11c026285d1b66e841b227e6171574956c/config.json - 作者: katelya77, 更新时间: unknown, 大小: 0.0 KB
[2026-01-13 01:44:47] ✅ 解析成功 - https://raw.githubusercontent.com/gxnas/TvBox/4153c4225579d480bb5dbba12619ce6e70df8acb/LunaTV.json - 作者: gxnas, 更新时间: unknown, 大小: 0.0 KB
[2026-01-13 01:44:47] ✅ 解析成功 - https://raw.githubusercontent.com/hafrey1/LunaTV-config/e5bd262835c20e2a41020e62456a09453db40169/LunaTV-config.json - 作者: hafrey1, 更新时间: unknown, 大小: 0.0 KB
[2026-01-13 01:44:47] ✅ 解析成功 - https://raw.githubusercontent.com/samqin123/MoonTV/c0bba763d16fb5cd830a808d58329025337491cf/config.json - 作者: samqin123, 更新时间: unknown, 大小: 0.0 KB
[2026-01-13 01:44:47] ✅ 解析成功 - https://raw.githubusercontent.com/hjdhnx/drpy-node/8ba0e128eed8038aaf86089e0730d96bd98567c5/scripts/mjs/moontv.json - 作者: hjdhnx, 更新时间: unknown, 大小: 0.0 KB
[2026-01-13 01:44:47] ✅ 解析成功 - https://raw.githubusercontent.com/cc638/tvbox/785d2bde1e6cef0b2becb3d1c64db3ca45d89b7f/%E8%A7%86%E9%A2%91%E6%BA%90.json - 作者: cc638, 更新时间: unknown, 大小: 0.0 KB
[2026-01-13 01:44:48] ✅ 解析成功 - https://raw.githubusercontent.com/SCXSVIP/TV/e7bc32117505d2bda3b31ade3dc96114c6ce623c/MoonTV/MoonTV-xs.json - 作者: SCXSVIP, 更新时间: unknown, 大小: 0.0 KB
[2026-01-13 01:44:48] ✅ 解析成功 - https://raw.githubusercontent.com/Mikephie/Script/ca891d10dc9292628efc036882aaa4e46a5b2583/config-3.json - 作者: Mikephie, 更新时间: unknown, 大小: 0.0 KB
[2026-01-13 01:44:48] ✅ 解析成功 - https://raw.githubusercontent.com/PAICNI/Videos_PLUS/b51ff1521a1e77f17ad538ccfd3c100cc42e0663/MoonTV%E8%A7%86%E9%A2%91%E6%BA%90Plus%E7%89%88.json - 作者: PAICNI, 更新时间: unknown, 大小: 0.0 KB
[2026-01-13 01:44:48] ✅ 解析成功 - https://raw.githubusercontent.com/hanzhenya/hzyiptv/00923a1043db8e531f730912d565eb8619b5675f/config(%E8%80%81).json - 作者: hanzhenya, 更新时间: unknown, 大小: 0.0 KB
[2026-01-13 01:44:48] ✅ 解析成功 - https://raw.githubusercontent.com/hafrey1/LunaTV-config/e5bd262835c20e2a41020e62456a09453db40169/jin18.json - 作者: hafrey1, 更新时间: unknown, 大小: 0.0 KB
[2026-01-13 01:44:48] ✅ 解析成功 - https://raw.githubusercontent.com/yenkj/epg/c1fe6797bbc1da41a7a678e70829a963ce7d00db/config0.json - 作者: yenkj, 更新时间: unknown, 大小: 0.0 KB
[2026-01-13 01:44:49] ✅ 解析成功 - https://raw.githubusercontent.com/qianqikun/LunaTV-config/ad5b14272b5365525a201b61d49635d648edde31/jingjian.json - 作者: qianqikun, 更新时间: unknown, 大小: 0.0 KB
[2026-01-13 01:44:49] ✅ 解析成功 - https://raw.githubusercontent.com/jeffernn/joyflix/7ef1beeba1c6efe7e80a7dd33f28098446659e1b/config.json - 作者: jeffernn, 更新时间: unknown, 大小: 0.0 KB
[2026-01-13 01:44:49] ✅ 解析成功 - https://raw.githubusercontent.com/sk3879921/tvjson/3e5394dfbc292321326e218e7bc303716f3f5336/q.json - 作者: sk3879921, 更新时间: unknown, 大小: 0.0 KB
[2026-01-13 01:44:49] ✅ 解析成功 - https://raw.githubusercontent.com/lovevampplus/cfdata/98499efb4bb7da920400a0eabb4948cd417eebd7/96.json - 作者: lovevampplus, 更新时间: unknown, 大小: 0.0 KB
[2026-01-13 01:44:49] ✅ 解析成功 - https://raw.githubusercontent.com/616310/LunaTV-proxy/ad59d5763f4efd2294301cd96ff9804865ebb65c/config/default-config.json - 作者: 616310, 更新时间: unknown, 大小: 0.0 KB
[2026-01-13 01:44:49] ✅ 解析成功 - https://raw.githubusercontent.com/wokaotianshi123/wokaotianshi123.github.io/b88c5496c3163ed782d15abd0ce3ea358c318e46/luna20251027.json - 作者: wokaotianshi123, 更新时间: unknown, 大小: 0.0 KB
[2026-01-13 01:44:49] ✅ 解析成功 - https://raw.githubusercontent.com/vodtv/api/4b96a324398bef4c62396aff6428dfcc6518dca4/LunaTV-config.json - 作者: vodtv, 更新时间: unknown, 大小: 0.0 KB
[2026-01-13 01:44:49] ✅ 解析成功 - https://raw.githubusercontent.com/viacooky/tv-box-sub/3f7188cb5f0b65903fb0bc5dc94b2128e8e6f021/2.json - 作者: viacooky, 更新时间: unknown, 大小: 0.0 KB
[2026-01-13 01:44:50] ✅ 解析成功 - https://raw.githubusercontent.com/katelya77/KatelyaTV/fc78bb11c026285d1b66e841b227e6171574956c/config.example.json - 作者: katelya77, 更新时间: unknown, 大小: 0.0 KB
[2026-01-13 01:44:50] ✅ 解析成功 - https://raw.githubusercontent.com/vodtv/api/4b96a324398bef4c62396aff6428dfcc6518dca4/jin18.json - 作者: vodtv, 更新时间: unknown, 大小: 0.0 KB
[2026-01-13 01:44:50] ✅ 解析成功 - https://raw.githubusercontent.com/qianqikun/LunaTV-config/ad5b14272b5365525a201b61d49635d648edde31/jin18.json - 作者: qianqikun, 更新时间: unknown, 大小: 0.0 KB
[2026-01-13 01:44:50] ✅ 解析成功 - https://raw.githubusercontent.com/iphoneten/CNTV/77a30bc772c40da92aa73c207ca843ca59410545/config_backup.json - 作者: iphoneten, 更新时间: unknown, 大小: 0.0 KB
[2026-01-13 01:44:50] ✅ 解析成功 - https://raw.githubusercontent.com/Nesciasnenion/helloworld/cbaa34b8af6af1d1efedfa2230fe41ba1e1996da/moontv-config-all.json - 作者: Nesciasnenion, 更新时间: unknown, 大小: 0.0 KB
[2026-01-13 01:44:50] ✅ 解析成功 - https://raw.githubusercontent.com/webshellren/XMoonTV/ef052045a4f7a3a10c5907da4d30e3a90984b03b/config.json - 作者: webshellren, 更新时间: unknown, 大小: 0.0 KB
[2026-01-13 01:44:50] ✅ 解析成功 - https://raw.githubusercontent.com/oooopera/moontv_config/eee5ba1cd8b92792dcdcd08b0a5430019f90d9f4/config%E5%88%9D%E5%A7%8B.json - 作者: oooopera, 更新时间: unknown, 大小: 0.0 KB
[2026-01-13 01:44:50] ✅ 解析成功 - https://raw.githubusercontent.com/adminlove520/Source-Collector/eb8cd8f5f7960600c8d3af01245b64029c6421e1/config_isadult.json - 作者: adminlove520, 更新时间: unknown, 大小: 0.0 KB
[2026-01-14 01:51:34] ✅ 解析成功 - https://raw.githubusercontent.com/katelya77/KatelyaTV/fc78bb11c026285d1b66e841b227e6171574956c/config.json - 作者: katelya77, 更新时间: unknown, 大小: 0.0 KB
[2026-01-14 01:51:34] ✅ 解析成功 - https://raw.githubusercontent.com/gxnas/TvBox/4153c4225579d480bb5dbba12619ce6e70df8acb/LunaTV.json - 作者: gxnas, 更新时间: unknown, 大小: 0.0 KB
[2026-01-14 01:51:35] ✅ 解析成功 - https://raw.githubusercontent.com/hafrey1/LunaTV-config/42d204cf11ca579cb6200c6441f2349bbc40a35f/LunaTV-config.json - 作者: hafrey1, 更新时间: unknown, 大小: 0.0 KB
[2026-01-14 01:51:35] ✅ 解析成功 - https://raw.githubusercontent.com/samqin123/MoonTV/c0bba763d16fb5cd830a808d58329025337491cf/config.json - 作者: samqin123, 更新时间: unknown, 大小: 0.0 KB
[2026-01-14 01:51:35] ✅ 解析成功 - https://raw.githubusercontent.com/macsur/livetv/3880610be369f43b91f85778d77b86f6688cb013/moontv.json - 作者: macsur, 更新时间: unknown, 大小: 0.0 KB
[2026-01-14 01:51:35] ✅ 解析成功 - https://raw.githubusercontent.com/wokaotianshi123/wokaotianshi123.github.io/b88c5496c3163ed782d15abd0ce3ea358c318e46/luna20251027.json - 作者: wokaotianshi123, 更新时间: unknown, 大小: 0.0 KB
[2026-01-14 01:51:35] ✅ 解析成功 - https://raw.githubusercontent.com/PAICNI/Videos_PLUS/b51ff1521a1e77f17ad538ccfd3c100cc42e0663/MoonTV%E8%A7%86%E9%A2%91%E6%BA%90Plus%E7%89%88.json - 作者: PAICNI, 更新时间: unknown, 大小: 0.0 KB
[2026-01-14 01:51:36] ✅ 解析成功 - https://raw.githubusercontent.com/Mikephie/Script/4aa9df0358a6e66145f9e5a610c8a7d221953f45/config-2.json - 作者: Mikephie, 更新时间: unknown, 大小: 0.0 KB
[2026-01-14 01:51:36] ✅ 解析成功 - https://raw.githubusercontent.com/vodtv/api/287c2b2639c697f39471869a45b665bcd45312b3/jin18.json - 作者: vodtv, 更新时间: unknown, 大小: 0.0 KB
[2026-01-14 01:51:36] ✅ 解析成功 - https://raw.githubusercontent.com/jiujiusadadas/MoonTV/af55f5748a205558970424f4ddd968044fc4b997/config.json - 作者: jiujiusadadas, 更新时间: unknown, 大小: 0.0 KB
[2026-01-14 01:51:36] ✅ 解析成功 - https://raw.githubusercontent.com/kimballic/IPTV2/2ccf529d9877ad4d7cf48f54a67c6b462979abe4/deepseek_json_20250822_55f9da.json - 作者: kimballic, 更新时间: unknown, 大小: 0.0 KB
[2026-01-14 01:51:37] ✅ 解析成功 - https://raw.githubusercontent.com/qianqikun/LunaTV-config/98c9858c1c0f59a53f5bb7f1d8173116b870f0ae/jin18.json - 作者: qianqikun, 更新时间: unknown, 大小: 0.0 KB
[2026-01-14 01:51:37] ✅ 解析成功 - https://raw.githubusercontent.com/chat263/tvjson/45dbc00aebda1642a95c20be2b5a0bda61a60e78/m.json - 作者: chat263, 更新时间: unknown, 大小: 0.0 KB
[2026-01-14 01:51:37] ✅ 解析成功 - https://raw.githubusercontent.com/oooopera/moontv_config/0699cb3fcf3fee115322b8a83f34c85fd7e67137/input.json - 作者: oooopera, 更新时间: unknown, 大小: 0.0 KB
[2026-01-14 01:51:37] ✅ 解析成功 - https://raw.githubusercontent.com/ISQIShI/MyResources/3f5e5e60738a3128029f788f17b4d4189bb779e8/TV%20Source.json - 作者: ISQIShI, 更新时间: unknown, 大小: 0.0 KB
[2026-01-14 01:51:37] ✅ 解析成功 - https://raw.githubusercontent.com/lovevampplus/cfdata/98499efb4bb7da920400a0eabb4948cd417eebd7/96.json - 作者: lovevampplus, 更新时间: unknown, 大小: 0.0 KB
[2026-01-14 01:51:37] ✅ 解析成功 - https://raw.githubusercontent.com/Nesciasnenion/helloworld/cbaa34b8af6af1d1efedfa2230fe41ba1e1996da/moontv-config-all.json - 作者: Nesciasnenion, 更新时间: unknown, 大小: 0.0 KB
[2026-01-14 01:51:38] ✅ 解析成功 - https://raw.githubusercontent.com/wokaotianshi123/wokaotianshi123.github.io/b88c5496c3163ed782d15abd0ce3ea358c318e46/moontv/config_2025-09-23.json - 作者: wokaotianshi123, 更新时间: unknown, 大小: 0.0 KB
[2026-01-14 01:51:38] ✅ 解析成功 - https://raw.githubusercontent.com/jeffernn/joyflix/7ef1beeba1c6efe7e80a7dd33f28098446659e1b/config.json - 作者: jeffernn, 更新时间: unknown, 大小: 0.0 KB
[2026-01-14 01:51:38] ✅ 解析成功 - https://raw.githubusercontent.com/chtsen/chtsen-cfcdn-file/4dcd0a4eb6ffe876fcc0532906f5603aa850d492/LunaTV/configz.json - 作者: chtsen, 更新时间: unknown, 大小: 0.0 KB
[2026-01-14 01:51:38] ✅ 解析成功 - https://raw.githubusercontent.com/adminlove520/Source-Collector/eb8cd8f5f7960600c8d3af01245b64029c6421e1/config_isadult.json - 作者: adminlove520, 更新时间: unknown, 大小: 0.0 KB
[2026-01-14 01:51:38] ✅ 解析成功 - https://raw.githubusercontent.com/iphoneten/CNTV/77a30bc772c40da92aa73c207ca843ca59410545/config_backup.json - 作者: iphoneten, 更新时间: unknown, 大小: 0.0 KB
[2026-01-14 01:51:39] ✅ 解析成功 - https://raw.githubusercontent.com/vke1011/LunaTV-config/85bd1f40babf77d30a5d9aef9b639f4e5a0ad816/jin18.json - 作者: vke1011, 更新时间: unknown, 大小: 0.0 KB
[2026-01-14 01:51:39] ✅ 解析成功 - https://raw.githubusercontent.com/mhq1389/lsegou/7cbbee54537334e668dd678fd8a8ef5efe6e0957/config.json - 作者: mhq1389, 更新时间: unknown, 大小: 0.0 KB
[2026-01-14 01:51:39] ✅ 解析成功 - https://raw.githubusercontent.com/hjdhnx/drpy-node/feff76dcaa5b0a61cc632be5de663cd8beb1439e/scripts/mjs/moontv.json - 作者: hjdhnx, 更新时间: unknown, 大小: 0.0 KB
[2026-01-14 01:51:39] ✅ 解析成功 - https://raw.githubusercontent.com/katelya77/KatelyaTV/fc78bb11c026285d1b66e841b227e6171574956c/config.example.json - 作者: katelya77, 更新时间: unknown, 大小: 0.0 KB
[2026-01-14 01:51:39] ✅ 解析成功 - https://raw.githubusercontent.com/wokaotianshi123/jgcj/8db3a8010654e0d38fd78f42918f363701167523/libretv.json - 作者: wokaotianshi123, 更新时间: unknown, 大小: 0.0 KB
[2026-01-14 01:51:40] ✅ 解析成功 - https://raw.githubusercontent.com/xqrock/openfile/7240d8f23ed32d83b191f180b68387fd3b1c117c/config/vod.json - 作者: xqrock, 更新时间: unknown, 大小: 0.0 KB
[2026-01-14 01:51:40] ✅ 解析成功 - https://raw.githubusercontent.com/vke1011/LunaTV-config/85bd1f40babf77d30a5d9aef9b639f4e5a0ad816/jingjian.json - 作者: vke1011, 更新时间: unknown, 大小: 0.0 KB
[2026-01-14 01:51:40] ✅ 解析成功 - https://raw.githubusercontent.com/webshellren/XMoonTV/ef052045a4f7a3a10c5907da4d30e3a90984b03b/config.json - 作者: webshellren, 更新时间: unknown, 大小: 0.0 KB
[2026-01-15 01:47:10] ✅ 解析成功 - https://raw.githubusercontent.com/katelya77/KatelyaTV/fc78bb11c026285d1b66e841b227e6171574956c/config.json - 作者: katelya77, 更新时间: unknown, 大小: 0.0 KB
[2026-01-15 01:47:10] ✅ 解析成功 - https://raw.githubusercontent.com/gxnas/TvBox/d193af9b4c0de0fe5fc9d3a694be6e4cfe084af1/LunaTV.json - 作者: gxnas, 更新时间: unknown, 大小: 0.0 KB
[2026-01-15 01:47:10] ✅ 解析成功 - https://raw.githubusercontent.com/hafrey1/LunaTV-config/474b84801616c16a7a440fa7876763c340789c99/LunaTV-config.json - 作者: hafrey1, 更新时间: unknown, 大小: 0.0 KB
[2026-01-15 01:47:11] ✅ 解析成功 - https://raw.githubusercontent.com/samqin123/MoonTV/c0bba763d16fb5cd830a808d58329025337491cf/config.json - 作者: samqin123, 更新时间: unknown, 大小: 0.0 KB
[2026-01-15 01:47:11] ✅ 解析成功 - https://raw.githubusercontent.com/hjdhnx/drpy-node/b1b4452835ec21c1dd043b761a8dd590d2febb4a/scripts/mjs/moontv.json - 作者: hjdhnx, 更新时间: unknown, 大小: 0.0 KB
[2026-01-15 01:47:11] ✅ 解析成功 - https://raw.githubusercontent.com/qianqikun/LunaTV-config/59ec418c9390e5bb5409c2a54b4a2e89acf0ed75/jin18.json - 作者: qianqikun, 更新时间: unknown, 大小: 0.0 KB
[2026-01-15 01:47:11] ✅ 解析成功 - https://raw.githubusercontent.com/wokaotianshi123/wokaotianshi123.github.io/b88c5496c3163ed782d15abd0ce3ea358c318e46/luna20251027.json - 作者: wokaotianshi123, 更新时间: unknown, 大小: 0.0 KB
[2026-01-15 01:47:11] ✅ 解析成功 - https://raw.githubusercontent.com/webshellren/XMoonTV/ef052045a4f7a3a10c5907da4d30e3a90984b03b/config.json - 作者: webshellren, 更新时间: unknown, 大小: 0.0 KB
[2026-01-15 01:47:11] ✅ 解析成功 - https://raw.githubusercontent.com/616310/LunaTV-proxy/ad59d5763f4efd2294301cd96ff9804865ebb65c/config/default-config.json - 作者: 616310, 更新时间: unknown, 大小: 0.0 KB
[2026-01-15 01:47:11] ✅ 解析成功 - https://raw.githubusercontent.com/chtsen/chtsen-cfcdn-file/4dcd0a4eb6ffe876fcc0532906f5603aa850d492/LunaTV/configz.json - 作者: chtsen, 更新时间: unknown, 大小: 0.0 KB
[2026-01-15 01:47:12] ✅ 解析成功 - https://raw.githubusercontent.com/lovevampplus/cfdata/98499efb4bb7da920400a0eabb4948cd417eebd7/moontv-config.json - 作者: lovevampplus, 更新时间: unknown, 大小: 0.0 KB
[2026-01-15 01:47:12] ✅ 解析成功 - https://raw.githubusercontent.com/viacooky/tv-box-sub/3f7188cb5f0b65903fb0bc5dc94b2128e8e6f021/2.json - 作者: viacooky, 更新时间: unknown, 大小: 0.0 KB
[2026-01-15 01:47:12] ✅ 解析成功 - https://raw.githubusercontent.com/hanzhenya/hzyiptv/00923a1043db8e531f730912d565eb8619b5675f/config(%E8%80%81).json - 作者: hanzhenya, 更新时间: unknown, 大小: 0.0 KB
[2026-01-15 01:47:12] ✅ 解析成功 - https://raw.githubusercontent.com/vodtv/api/6ecbfed8cbce844fb6f99dbceea014297523851a/jin18.json - 作者: vodtv, 更新时间: unknown, 大小: 0.0 KB
[2026-01-15 01:47:12] ✅ 解析成功 - https://raw.githubusercontent.com/macsur/livetv/3880610be369f43b91f85778d77b86f6688cb013/moontv.json - 作者: macsur, 更新时间: unknown, 大小: 0.0 KB
[2026-01-15 01:47:12] ✅ 解析成功 - https://raw.githubusercontent.com/cc638/tvbox/785d2bde1e6cef0b2becb3d1c64db3ca45d89b7f/%E8%A7%86%E9%A2%91%E6%BA%90.json - 作者: cc638, 更新时间: unknown, 大小: 0.0 KB
[2026-01-15 01:47:12] ✅ 解析成功 - https://raw.githubusercontent.com/mhq1389/lsegou/7cbbee54537334e668dd678fd8a8ef5efe6e0957/config.json - 作者: mhq1389, 更新时间: unknown, 大小: 0.0 KB
[2026-01-15 01:47:13] ✅ 解析成功 - https://raw.githubusercontent.com/wokaotianshi123/wokaotianshi123.github.io/b88c5496c3163ed782d15abd0ce3ea358c318e46/moontv/config_2025-09-23.json - 作者: wokaotianshi123, 更新时间: unknown, 大小: 0.0 KB
[2026-01-15 01:47:13] ✅ 解析成功 - https://raw.githubusercontent.com/kimballic/IPTV2/2ccf529d9877ad4d7cf48f54a67c6b462979abe4/20250823-json.json - 作者: kimballic, 更新时间: unknown, 大小: 0.0 KB
[2026-01-15 01:47:13] ✅ 解析成功 - https://raw.githubusercontent.com/Jonney111/jonney_clash/7277685840b1cbedbc2b55377acc81adff1d5745/moontv.json - 作者: Jonney111, 更新时间: unknown, 大小: 0.0 KB
[2026-01-15 01:47:13] ✅ 解析成功 - https://raw.githubusercontent.com/moli-xia/MoonTV-app/4f0c5552a170e1fad2d506380a2b218f4e0a0b06/config.json - 作者: moli-xia, 更新时间: unknown, 大小: 0.0 KB
[2026-01-15 01:47:13] ✅ 解析成功 - https://raw.githubusercontent.com/ltxxjs/box2022-1/7410c971ea1321bfbeac01f5bac2776645aa3da0/configplus_isadult.json - 作者: ltxxjs, 更新时间: unknown, 大小: 0.0 KB
[2026-01-15 01:47:13] ✅ 解析成功 - https://raw.githubusercontent.com/iphoneten/CNTV/77a30bc772c40da92aa73c207ca843ca59410545/config_backup.json - 作者: iphoneten, 更新时间: unknown, 大小: 0.0 KB
[2026-01-15 01:47:14] ✅ 解析成功 - https://raw.githubusercontent.com/vke1011/LunaTV-config/0594878e098a6cabc8f4f58510dcc5de1a64411b/jingjian.json - 作者: vke1011, 更新时间: unknown, 大小: 0.0 KB
[2026-01-15 01:47:14] ✅ 解析成功 - https://raw.githubusercontent.com/jiujiusadadas/MoonTV/af55f5748a205558970424f4ddd968044fc4b997/config.json - 作者: jiujiusadadas, 更新时间: unknown, 大小: 0.0 KB
[2026-01-15 01:47:14] ✅ 解析成功 - https://raw.githubusercontent.com/wokaotianshi123/jgcj/8db3a8010654e0d38fd78f42918f363701167523/libretv.json - 作者: wokaotianshi123, 更新时间: unknown, 大小: 0.0 KB
[2026-01-15 01:47:14] ✅ 解析成功 - https://raw.githubusercontent.com/lovevampplus/cfdata/98499efb4bb7da920400a0eabb4948cd417eebd7/96.json - 作者: lovevampplus, 更新时间: unknown, 大小: 0.0 KB
[2026-01-15 01:47:14] ✅ 解析成功 - https://raw.githubusercontent.com/hafrey1/LunaTV-config/474b84801616c16a7a440fa7876763c340789c99/jingjian.json - 作者: hafrey1, 更新时间: unknown, 大小: 0.0 KB
[2026-01-15 01:47:14] ✅ 解析成功 - https://raw.githubusercontent.com/chat263/tvjson/45dbc00aebda1642a95c20be2b5a0bda61a60e78/m.json - 作者: chat263, 更新时间: unknown, 大小: 0.0 KB
[2026-01-16 01:48:41] ✅ 解析成功 - https://raw.githubusercontent.com/hafrey1/LunaTV-config/64947388002b8cf529a639ca97b6dfdd0c597e10/jin18.json - 作者: hafrey1, 更新时间: unknown, 大小: 0.0 KB
[2026-01-16 01:48:41] ✅ 解析成功 - https://raw.githubusercontent.com/vodtv/api/2c061fa301031a7a291f03a4243fe267c1b83807/jingjian.json - 作者: vodtv, 更新时间: unknown, 大小: 0.0 KB
[2026-01-16 01:48:41] ✅ 解析成功 - https://raw.githubusercontent.com/daliwang001/uz-sources/5da867846330af170fab257b9b896c83b054aadc/all%20in%20one.json - 作者: daliwang001, 更新时间: unknown, 大小: 0.0 KB
[2026-01-16 01:48:41] ✅ 解析成功 - https://raw.githubusercontent.com/wokaotianshi123/wokaotianshi123.github.io/b88c5496c3163ed782d15abd0ce3ea358c318e46/moontv/config_2025-09-23.json - 作者: wokaotianshi123, 更新时间: unknown, 大小: 0.0 KB
[2026-01-16 01:48:41] ✅ 解析成功 - https://raw.githubusercontent.com/Jonney111/jonney_clash/7277685840b1cbedbc2b55377acc81adff1d5745/moontv.json - 作者: Jonney111, 更新时间: unknown, 大小: 0.0 KB
[2026-01-16 01:48:41] ✅ 解析成功 - https://raw.githubusercontent.com/kimballic/IPTV2/2ccf529d9877ad4d7cf48f54a67c6b462979abe4/20250823-json.json - 作者: kimballic, 更新时间: unknown, 大小: 0.0 KB
[2026-01-16 01:48:41] ✅ 解析成功 - https://raw.githubusercontent.com/adminlove520/Source-Collector/eb8cd8f5f7960600c8d3af01245b64029c6421e1/config_isadult.json - 作者: adminlove520, 更新时间: unknown, 大小: 0.0 KB
[2026-01-16 01:48:42] ✅ 解析成功 - https://raw.githubusercontent.com/sk3879921/tvjson/3e5394dfbc292321326e218e7bc303716f3f5336/q.json - 作者: sk3879921, 更新时间: unknown, 大小: 0.0 KB
[2026-01-16 01:48:42] ✅ 解析成功 - https://raw.githubusercontent.com/oooopera/moontv_config/0343f490fa562ec99033873b8b6900c74feeaf5e/input.json - 作者: oooopera, 更新时间: unknown, 大小: 0.0 KB
[2026-01-16 01:48:42] ✅ 解析成功 - https://raw.githubusercontent.com/chat263/tvjson/45dbc00aebda1642a95c20be2b5a0bda61a60e78/m.json - 作者: chat263, 更新时间: unknown, 大小: 0.0 KB
[2026-01-16 01:48:42] ✅ 解析成功 - https://raw.githubusercontent.com/Attiv/oriontv2/0c96b863bdf012b81f27cfeca03e3a7a1720d415/backend/src/config/config.json - 作者: Attiv, 更新时间: unknown, 大小: 0.0 KB
[2026-01-16 01:48:42] ✅ 解析成功 - https://raw.githubusercontent.com/wokaotianshi123/wokaotianshi123.github.io/b88c5496c3163ed782d15abd0ce3ea358c318e46/luna20251027.json - 作者: wokaotianshi123, 更新时间: unknown, 大小: 0.0 KB
[2026-01-16 01:48:42] ✅ 解析成功 - https://raw.githubusercontent.com/ltxxjs/box2022-1/7410c971ea1321bfbeac01f5bac2776645aa3da0/configplus_isadult.json - 作者: ltxxjs, 更新时间: unknown, 大小: 0.0 KB
[2026-01-16 01:48:42] ✅ 解析成功 - https://raw.githubusercontent.com/gxnas/TvBox/d193af9b4c0de0fe5fc9d3a694be6e4cfe084af1/LunaTV.json - 作者: gxnas, 更新时间: unknown, 大小: 0.0 KB
[2026-01-16 01:48:42] ✅ 解析成功 - https://raw.githubusercontent.com/webshellren/XMoonTV/ef052045a4f7a3a10c5907da4d30e3a90984b03b/config.json - 作者: webshellren, 更新时间: unknown, 大小: 0.0 KB
[2026-01-16 01:48:43] ✅ 解析成功 - https://raw.githubusercontent.com/chtsen/chtsen-cfcdn-file/4dcd0a4eb6ffe876fcc0532906f5603aa850d492/LunaTV/configz.json - 作者: chtsen, 更新时间: unknown, 大小: 0.0 KB
[2026-01-16 01:48:43] ✅ 解析成功 - https://raw.githubusercontent.com/macsur/livetv/3880610be369f43b91f85778d77b86f6688cb013/moontv.json - 作者: macsur, 更新时间: unknown, 大小: 0.0 KB
[2026-01-16 01:48:43] ✅ 解析成功 - https://raw.githubusercontent.com/katelya77/KatelyaTV/fc78bb11c026285d1b66e841b227e6171574956c/config.json - 作者: katelya77, 更新时间: unknown, 大小: 0.0 KB
[2026-01-16 01:48:43] ✅ 解析成功 - https://raw.githubusercontent.com/lovevampplus/cfdata/98499efb4bb7da920400a0eabb4948cd417eebd7/moontv-config.json - 作者: lovevampplus, 更新时间: unknown, 大小: 0.0 KB
[2026-01-16 01:48:43] ✅ 解析成功 - https://raw.githubusercontent.com/lovevampplus/cfdata/98499efb4bb7da920400a0eabb4948cd417eebd7/96.json - 作者: lovevampplus, 更新时间: unknown, 大小: 0.0 KB
[2026-01-16 01:48:43] ✅ 解析成功 - https://raw.githubusercontent.com/kimballic/IPTV2/2ccf529d9877ad4d7cf48f54a67c6b462979abe4/deepseek_json_20250822_55f9da.json - 作者: kimballic, 更新时间: unknown, 大小: 0.0 KB
[2026-01-16 01:48:43] ✅ 解析成功 - https://raw.githubusercontent.com/viacooky/tv-box-sub/3f7188cb5f0b65903fb0bc5dc94b2128e8e6f021/1.json - 作者: viacooky, 更新时间: unknown, 大小: 0.0 KB
[2026-01-16 01:48:43] ✅ 解析成功 - https://raw.githubusercontent.com/hjdhnx/drpy-node/5329270c4780923ce65bb5fa77701bf098318cfb/scripts/mjs/moontv.json - 作者: hjdhnx, 更新时间: unknown, 大小: 0.0 KB
[2026-01-16 01:48:43] ✅ 解析成功 - https://raw.githubusercontent.com/gxnas/TvBox/d193af9b4c0de0fe5fc9d3a694be6e4cfe084af1/20250823.json - 作者: gxnas, 更新时间: unknown, 大小: 0.0 KB
[2026-01-16 01:48:43] ✅ 解析成功 - https://raw.githubusercontent.com/iphoneten/CNTV/77a30bc772c40da92aa73c207ca843ca59410545/config_backup.json - 作者: iphoneten, 更新时间: unknown, 大小: 0.0 KB
[2026-01-16 01:48:44] ✅ 解析成功 - https://raw.githubusercontent.com/xqrock/openfile/ce1390a1ee92c61d572ffc5908c570f73c1c2c1c/config/vod.json - 作者: xqrock, 更新时间: unknown, 大小: 0.0 KB
[2026-01-16 01:48:44] ✅ 解析成功 - https://raw.githubusercontent.com/SCXSVIP/TV/e7bc32117505d2bda3b31ade3dc96114c6ce623c/MoonTV/MoonTV-xs.json - 作者: SCXSVIP, 更新时间: unknown, 大小: 0.0 KB
[2026-01-16 01:48:44] ✅ 解析成功 - https://raw.githubusercontent.com/vodtv/api/2c061fa301031a7a291f03a4243fe267c1b83807/LunaTV-config.json - 作者: vodtv, 更新时间: unknown, 大小: 0.0 KB
[2026-01-17 01:43:13] ✅ 解析成功 - https://raw.githubusercontent.com/hafrey1/LunaTV-config/1a8dac2d934d63a7dafe93d8f0799dea6f50b4a4/jin18.json - 作者: hafrey1, 更新时间: unknown, 大小: 0.0 KB
[2026-01-17 01:43:13] ✅ 解析成功 - https://raw.githubusercontent.com/vodtv/api/7a5cd80671dace60254a761a6432bd69d51e7c67/jingjian.json - 作者: vodtv, 更新时间: unknown, 大小: 0.0 KB
[2026-01-17 01:43:13] ✅ 解析成功 - https://raw.githubusercontent.com/daliwang001/uz-sources/5da867846330af170fab257b9b896c83b054aadc/all%20in%20one.json - 作者: daliwang001, 更新时间: unknown, 大小: 0.0 KB
[2026-01-17 01:43:13] ✅ 解析成功 - https://raw.githubusercontent.com/wokaotianshi123/wokaotianshi123.github.io/b88c5496c3163ed782d15abd0ce3ea358c318e46/moontv/config_2025-09-23.json - 作者: wokaotianshi123, 更新时间: unknown, 大小: 0.0 KB
[2026-01-17 01:43:13] ✅ 解析成功 - https://raw.githubusercontent.com/Jonney111/jonney_clash/7277685840b1cbedbc2b55377acc81adff1d5745/moontv.json - 作者: Jonney111, 更新时间: unknown, 大小: 0.0 KB
[2026-01-17 01:43:13] ✅ 解析成功 - https://raw.githubusercontent.com/kimballic/IPTV2/2ccf529d9877ad4d7cf48f54a67c6b462979abe4/20250823-json.json - 作者: kimballic, 更新时间: unknown, 大小: 0.0 KB
[2026-01-17 01:43:14] ✅ 解析成功 - https://raw.githubusercontent.com/adminlove520/Source-Collector/eb8cd8f5f7960600c8d3af01245b64029c6421e1/config_isadult.json - 作者: adminlove520, 更新时间: unknown, 大小: 0.0 KB
[2026-01-17 01:43:14] ✅ 解析成功 - https://raw.githubusercontent.com/webshellren/XMoonTV/ef052045a4f7a3a10c5907da4d30e3a90984b03b/config.json - 作者: webshellren, 更新时间: unknown, 大小: 0.0 KB
[2026-01-17 01:43:14] ✅ 解析成功 - https://raw.githubusercontent.com/chat263/tvjson/45dbc00aebda1642a95c20be2b5a0bda61a60e78/m.json - 作者: chat263, 更新时间: unknown, 大小: 0.0 KB
[2026-01-17 01:43:14] ✅ 解析成功 - https://raw.githubusercontent.com/katelya77/KatelyaTV/fc78bb11c026285d1b66e841b227e6171574956c/config.example.json - 作者: katelya77, 更新时间: unknown, 大小: 0.0 KB
[2026-01-17 01:43:14] ✅ 解析成功 - https://raw.githubusercontent.com/lovevampplus/cfdata/98499efb4bb7da920400a0eabb4948cd417eebd7/moontv-config.json - 作者: lovevampplus, 更新时间: unknown, 大小: 0.0 KB
[2026-01-17 01:43:14] ✅ 解析成功 - https://raw.githubusercontent.com/jeffernn/joyflix/7ef1beeba1c6efe7e80a7dd33f28098446659e1b/config.json - 作者: jeffernn, 更新时间: unknown, 大小: 0.0 KB
[2026-01-17 01:43:14] ✅ 解析成功 - https://raw.githubusercontent.com/viacooky/tv-box-sub/3f7188cb5f0b65903fb0bc5dc94b2128e8e6f021/1.json - 作者: viacooky, 更新时间: unknown, 大小: 0.0 KB
[2026-01-17 01:43:14] ✅ 解析成功 - https://raw.githubusercontent.com/hanzhenya/hzyiptv/00923a1043db8e531f730912d565eb8619b5675f/config(%E8%80%81).json - 作者: hanzhenya, 更新时间: unknown, 大小: 0.0 KB
[2026-01-17 01:43:15] ✅ 解析成功 - https://raw.githubusercontent.com/ltxxjs/box2022-1/b8e4728bc5d6c26c3fd1af626fd844c6eb8897fc/configplus_isadult.json - 作者: ltxxjs, 更新时间: unknown, 大小: 0.0 KB
[2026-01-17 01:43:15] ✅ 解析成功 - https://raw.githubusercontent.com/ISQIShI/MyResources/3f5e5e60738a3128029f788f17b4d4189bb779e8/TV%20Source.json - 作者: ISQIShI, 更新时间: unknown, 大小: 0.0 KB
[2026-01-17 01:43:15] ✅ 解析成功 - https://raw.githubusercontent.com/sk3879921/tvjson/3e5394dfbc292321326e218e7bc303716f3f5336/q.json - 作者: sk3879921, 更新时间: unknown, 大小: 0.0 KB
[2026-01-17 01:43:15] ✅ 解析成功 - https://raw.githubusercontent.com/cc638/tvbox/785d2bde1e6cef0b2becb3d1c64db3ca45d89b7f/%E8%A7%86%E9%A2%91%E6%BA%90.json - 作者: cc638, 更新时间: unknown, 大小: 0.0 KB
[2026-01-17 01:43:15] ✅ 解析成功 - https://raw.githubusercontent.com/xqrock/openfile/ce1390a1ee92c61d572ffc5908c570f73c1c2c1c/config/vod.json - 作者: xqrock, 更新时间: unknown, 大小: 0.0 KB
[2026-01-17 01:43:15] ✅ 解析成功 - https://raw.githubusercontent.com/Pundsup/Live/03f56bd3821c11d21031cd1af1a4db819dfee4a7/yszyby.json - 作者: Pundsup, 更新时间: unknown, 大小: 0.0 KB
[2026-01-17 01:43:16] ✅ 解析成功 - https://raw.githubusercontent.com/laoyaosteve/MoonTV/24fac4bdaec73b67ca72d2bb35bc83c1e5644bec/config.json - 作者: laoyaosteve, 更新时间: unknown, 大小: 0.0 KB
[2026-01-17 01:43:16] ✅ 解析成功 - https://raw.githubusercontent.com/kimballic/IPTV2/2ccf529d9877ad4d7cf48f54a67c6b462979abe4/deepseek_json_20250822_55f9da.json - 作者: kimballic, 更新时间: unknown, 大小: 0.0 KB
[2026-01-17 01:43:16] ✅ 解析成功 - https://raw.githubusercontent.com/hy5528/tvbox/666d604fe6895d2b5434c8438d1b7c50f3add5e7/js/config.json - 作者: hy5528, 更新时间: unknown, 大小: 0.0 KB
[2026-01-17 01:43:16] ✅ 解析成功 - https://raw.githubusercontent.com/samqin123/MoonTV/c0bba763d16fb5cd830a808d58329025337491cf/config.json - 作者: samqin123, 更新时间: unknown, 大小: 0.0 KB
[2026-01-17 01:43:16] ✅ 解析成功 - https://raw.githubusercontent.com/vke1011/LunaTV-config/ced11d78f1264392afab295c90118ee110c41b37/jin18.json - 作者: vke1011, 更新时间: unknown, 大小: 0.0 KB
[2026-01-17 01:43:17] ✅ 解析成功 - https://raw.githubusercontent.com/yjh800307/yjh800307.github.io/4b825da4ab5059eae4f36ffc59877d0b5a76ea63/moontv.json - 作者: yjh800307, 更新时间: unknown, 大小: 0.0 KB
[2026-01-17 01:43:17] ✅ 解析成功 - https://raw.githubusercontent.com/mhq1389/lsegou/7cbbee54537334e668dd678fd8a8ef5efe6e0957/config.json - 作者: mhq1389, 更新时间: unknown, 大小: 0.0 KB
[2026-01-17 01:43:17] ✅ 解析成功 - https://raw.githubusercontent.com/SCXSVIP/TV/e7bc32117505d2bda3b31ade3dc96114c6ce623c/MoonTV/MoonTV-xs.json - 作者: SCXSVIP, 更新时间: unknown, 大小: 0.0 KB
[2026-01-18 01:55:11] ✅ 解析成功 - https://raw.githubusercontent.com/hafrey1/LunaTV-config/bb079546e2d3e8749249b61a7f7d055be4e280f1/jin18.json - 作者: hafrey1, 更新时间: unknown, 大小: 0.0 KB
[2026-01-18 01:55:11] ✅ 解析成功 - https://raw.githubusercontent.com/vodtv/api/cf190500ee0065b29a991c96603869550958c5f3/jingjian.json - 作者: vodtv, 更新时间: unknown, 大小: 0.0 KB
[2026-01-18 01:55:12] ✅ 解析成功 - https://raw.githubusercontent.com/daliwang001/uz-sources/5da867846330af170fab257b9b896c83b054aadc/all%20in%20one.json - 作者: daliwang001, 更新时间: unknown, 大小: 0.0 KB
[2026-01-18 01:55:12] ✅ 解析成功 - https://raw.githubusercontent.com/wokaotianshi123/wokaotianshi123.github.io/b88c5496c3163ed782d15abd0ce3ea358c318e46/moontv/config_2025-09-23.json - 作者: wokaotianshi123, 更新时间: unknown, 大小: 0.0 KB
[2026-01-18 01:55:12] ✅ 解析成功 - https://raw.githubusercontent.com/Jonney111/jonney_clash/7277685840b1cbedbc2b55377acc81adff1d5745/moontv.json - 作者: Jonney111, 更新时间: unknown, 大小: 0.0 KB
[2026-01-18 01:55:12] ✅ 解析成功 - https://raw.githubusercontent.com/kimballic/IPTV2/2ccf529d9877ad4d7cf48f54a67c6b462979abe4/20250823-json.json - 作者: kimballic, 更新时间: unknown, 大小: 0.0 KB
[2026-01-18 01:55:12] ✅ 解析成功 - https://raw.githubusercontent.com/adminlove520/Source-Collector/eb8cd8f5f7960600c8d3af01245b64029c6421e1/config_isadult.json - 作者: adminlove520, 更新时间: unknown, 大小: 0.0 KB
[2026-01-18 01:55:12] ✅ 解析成功 - https://raw.githubusercontent.com/sk3879921/tvjson/3e5394dfbc292321326e218e7bc303716f3f5336/q.json - 作者: sk3879921, 更新时间: unknown, 大小: 0.0 KB
[2026-01-18 01:55:12] ✅ 解析成功 - https://raw.githubusercontent.com/chat263/tvjson/45dbc00aebda1642a95c20be2b5a0bda61a60e78/m.json - 作者: chat263, 更新时间: unknown, 大小: 0.0 KB
[2026-01-18 01:55:12] ✅ 解析成功 - https://raw.githubusercontent.com/jeffernn/joyflix/7ef1beeba1c6efe7e80a7dd33f28098446659e1b/config.json - 作者: jeffernn, 更新时间: unknown, 大小: 0.0 KB
[2026-01-18 01:55:13] ✅ 解析成功 - https://raw.githubusercontent.com/iphoneten/CNTV/77a30bc772c40da92aa73c207ca843ca59410545/config.json - 作者: iphoneten, 更新时间: unknown, 大小: 0.0 KB
[2026-01-18 01:55:13] ✅ 解析成功 - https://raw.githubusercontent.com/chtsen/chtsen-cfcdn-file/4dcd0a4eb6ffe876fcc0532906f5603aa850d492/LunaTV/configz.json - 作者: chtsen, 更新时间: unknown, 大小: 0.0 KB
[2026-01-18 01:55:13] ✅ 解析成功 - https://raw.githubusercontent.com/vke1011/LunaTV-config/cea988aa519761f63bb4435302bfbd711772695d/jin18.json - 作者: vke1011, 更新时间: unknown, 大小: 0.0 KB
[2026-01-18 01:55:13] ✅ 解析成功 - https://raw.githubusercontent.com/katelya77/KatelyaTV/fc78bb11c026285d1b66e841b227e6171574956c/config.example.json - 作者: katelya77, 更新时间: unknown, 大小: 0.0 KB
[2026-01-18 01:55:13] ✅ 解析成功 - https://raw.githubusercontent.com/lovevampplus/cfdata/98499efb4bb7da920400a0eabb4948cd417eebd7/moontv-config.json - 作者: lovevampplus, 更新时间: unknown, 大小: 0.0 KB
[2026-01-18 01:55:13] ✅ 解析成功 - https://raw.githubusercontent.com/samqin123/MoonTV/c0bba763d16fb5cd830a808d58329025337491cf/config.json - 作者: samqin123, 更新时间: unknown, 大小: 0.0 KB
[2026-01-18 01:55:13] ✅ 解析成功 - https://raw.githubusercontent.com/ltxxjs/box2022-1/b8e4728bc5d6c26c3fd1af626fd844c6eb8897fc/configplus_isadult.json - 作者: ltxxjs, 更新时间: unknown, 大小: 0.0 KB
[2026-01-18 01:55:13] ✅ 解析成功 - https://raw.githubusercontent.com/yenkj/epg/ed1b2b45672c80220e37a2faec0c273634c2dc75/config0.json - 作者: yenkj, 更新时间: unknown, 大小: 0.0 KB
[2026-01-18 01:55:13] ✅ 解析成功 - https://raw.githubusercontent.com/gxnas/TvBox/d193af9b4c0de0fe5fc9d3a694be6e4cfe084af1/LunaTV.json - 作者: gxnas, 更新时间: unknown, 大小: 0.0 KB
[2026-01-18 01:55:14] ✅ 解析成功 - https://raw.githubusercontent.com/kimballic/IPTV2/2ccf529d9877ad4d7cf48f54a67c6b462979abe4/deepseek_json_20250822_55f9da.json - 作者: kimballic, 更新时间: unknown, 大小: 0.0 KB
[2026-01-18 01:55:14] ✅ 解析成功 - https://raw.githubusercontent.com/macsur/livetv/3880610be369f43b91f85778d77b86f6688cb013/moontv.json - 作者: macsur, 更新时间: unknown, 大小: 0.0 KB
[2026-01-18 01:55:14] ✅ 解析成功 - https://raw.githubusercontent.com/qianqikun/LunaTV-config/1790182edf03b92d59df952f84157916142087ab/jin18.json - 作者: qianqikun, 更新时间: unknown, 大小: 0.0 KB
[2026-01-18 01:55:14] ✅ 解析成功 - https://raw.githubusercontent.com/xf959211192/xf-tv/e72c802958a022efc31970bd5286e90c61facd3a/config.json - 作者: xf959211192, 更新时间: unknown, 大小: 0.0 KB
[2026-01-18 01:55:14] ✅ 解析成功 - https://raw.githubusercontent.com/gmep/tv9/6127c457056ccc27ccd8a1db84d5f8bc5c4cd6cc/config.json - 作者: gmep, 更新时间: unknown, 大小: 0.0 KB
[2026-01-18 01:55:14] ✅ 解析成功 - https://raw.githubusercontent.com/Pundsup/Live/03f56bd3821c11d21031cd1af1a4db819dfee4a7/yszyby.json - 作者: Pundsup, 更新时间: unknown, 大小: 0.0 KB
[2026-01-18 01:55:14] ✅ 解析成功 - https://raw.githubusercontent.com/hanzhenya/hzyiptv/00923a1043db8e531f730912d565eb8619b5675f/config(%E8%80%81).json - 作者: hanzhenya, 更新时间: unknown, 大小: 0.0 KB
[2026-01-18 01:55:14] ✅ 解析成功 - https://raw.githubusercontent.com/zhumengkang/edgeone-moontv/262ce332a93ba34966adb07761e7bfab8faab7bf/config.json - 作者: zhumengkang, 更新时间: unknown, 大小: 0.0 KB
[2026-01-18 01:55:14] ✅ 解析成功 - https://raw.githubusercontent.com/yjh800307/yjh800307.github.io/4b825da4ab5059eae4f36ffc59877d0b5a76ea63/moontv.json - 作者: yjh800307, 更新时间: unknown, 大小: 0.0 KB
[2026-01-19 01:53:28] ✅ 解析成功 - https://raw.githubusercontent.com/hafrey1/LunaTV-config/b9e4173b8501e6b10c1b0af2f7cb88beee4e6ac1/jin18.json - 作者: hafrey1, 更新时间: unknown, 大小: 0.0 KB
[2026-01-19 01:53:28] ✅ 解析成功 - https://raw.githubusercontent.com/vodtv/api/43be855b809c524be365f5a5e7cc37000e72f7c3/jingjian.json - 作者: vodtv, 更新时间: unknown, 大小: 0.0 KB
[2026-01-19 01:53:28] ✅ 解析成功 - https://raw.githubusercontent.com/daliwang001/uz-sources/5da867846330af170fab257b9b896c83b054aadc/all%20in%20one.json - 作者: daliwang001, 更新时间: unknown, 大小: 0.0 KB
[2026-01-19 01:53:29] ✅ 解析成功 - https://raw.githubusercontent.com/wokaotianshi123/wokaotianshi123.github.io/b88c5496c3163ed782d15abd0ce3ea358c318e46/moontv/config_2025-09-23.json - 作者: wokaotianshi123, 更新时间: unknown, 大小: 0.0 KB
[2026-01-19 01:53:29] ✅ 解析成功 - https://raw.githubusercontent.com/Jonney111/jonney_clash/7277685840b1cbedbc2b55377acc81adff1d5745/moontv.json - 作者: Jonney111, 更新时间: unknown, 大小: 0.0 KB
[2026-01-19 01:53:29] ✅ 解析成功 - https://raw.githubusercontent.com/kimballic/IPTV2/2ccf529d9877ad4d7cf48f54a67c6b462979abe4/20250823-json.json - 作者: kimballic, 更新时间: unknown, 大小: 0.0 KB
[2026-01-19 01:53:29] ✅ 解析成功 - https://raw.githubusercontent.com/adminlove520/Source-Collector/eb8cd8f5f7960600c8d3af01245b64029c6421e1/config_isadult.json - 作者: adminlove520, 更新时间: unknown, 大小: 0.0 KB
[2026-01-19 01:53:29] ✅ 解析成功 - https://raw.githubusercontent.com/oooopera/moontv_config/830e9f7f6beb2cacc80017d158650834eaad26c5/input.json - 作者: oooopera, 更新时间: unknown, 大小: 0.0 KB
[2026-01-19 01:53:30] ✅ 解析成功 - https://raw.githubusercontent.com/chat263/tvjson/45dbc00aebda1642a95c20be2b5a0bda61a60e78/m.json - 作者: chat263, 更新时间: unknown, 大小: 0.0 KB
[2026-01-19 01:53:30] ✅ 解析成功 - https://raw.githubusercontent.com/jeffernn/joyflix/7ef1beeba1c6efe7e80a7dd33f28098446659e1b/config.json - 作者: jeffernn, 更新时间: unknown, 大小: 0.0 KB
[2026-01-19 01:53:30] ✅ 解析成功 - https://raw.githubusercontent.com/iphoneten/CNTV/77a30bc772c40da92aa73c207ca843ca59410545/config.json - 作者: iphoneten, 更新时间: unknown, 大小: 0.0 KB
[2026-01-19 01:53:30] ✅ 解析成功 - https://raw.githubusercontent.com/chtsen/chtsen-cfcdn-file/4dcd0a4eb6ffe876fcc0532906f5603aa850d492/LunaTV/configz.json - 作者: chtsen, 更新时间: unknown, 大小: 0.0 KB
[2026-01-19 01:53:31] ✅ 解析成功 - https://raw.githubusercontent.com/vke1011/LunaTV-config/fc3f5eb3f74b8db5d2cc8f6a10ddfb68a65cc627/jin18.json - 作者: vke1011, 更新时间: unknown, 大小: 0.0 KB
[2026-01-19 01:53:31] ✅ 解析成功 - https://raw.githubusercontent.com/katelya77/KatelyaTV/fc78bb11c026285d1b66e841b227e6171574956c/config.example.json - 作者: katelya77, 更新时间: unknown, 大小: 0.0 KB
[2026-01-19 01:53:31] ✅ 解析成功 - https://raw.githubusercontent.com/lovevampplus/cfdata/98499efb4bb7da920400a0eabb4948cd417eebd7/moontv-config.json - 作者: lovevampplus, 更新时间: unknown, 大小: 0.0 KB
[2026-01-19 01:53:31] ✅ 解析成功 - https://raw.githubusercontent.com/samqin123/MoonTV/c0bba763d16fb5cd830a808d58329025337491cf/config.json - 作者: samqin123, 更新时间: unknown, 大小: 0.0 KB
[2026-01-19 01:53:31] ✅ 解析成功 - https://raw.githubusercontent.com/ltxxjs/box2022-1/b8e4728bc5d6c26c3fd1af626fd844c6eb8897fc/configplus_isadult.json - 作者: ltxxjs, 更新时间: unknown, 大小: 0.0 KB
[2026-01-19 01:53:31] ✅ 解析成功 - https://raw.githubusercontent.com/yenkj/epg/7f6850713e87d2512194335b9924bbf8accb970b/config0.json - 作者: yenkj, 更新时间: unknown, 大小: 0.0 KB
[2026-01-19 01:53:32] ✅ 解析成功 - https://raw.githubusercontent.com/gxnas/TvBox/d193af9b4c0de0fe5fc9d3a694be6e4cfe084af1/LunaTV.json - 作者: gxnas, 更新时间: unknown, 大小: 0.0 KB
[2026-01-19 01:53:32] ✅ 解析成功 - https://raw.githubusercontent.com/kimballic/IPTV2/2ccf529d9877ad4d7cf48f54a67c6b462979abe4/deepseek_json_20250822_55f9da.json - 作者: kimballic, 更新时间: unknown, 大小: 0.0 KB
[2026-01-19 01:53:32] ✅ 解析成功 - https://raw.githubusercontent.com/macsur/livetv/3880610be369f43b91f85778d77b86f6688cb013/moontv.json - 作者: macsur, 更新时间: unknown, 大小: 0.0 KB
[2026-01-19 01:53:32] ✅ 解析成功 - https://raw.githubusercontent.com/qianqikun/LunaTV-config/57b4e38cf6d4e535c1dd2f3ffce312cff000a392/jin18.json - 作者: qianqikun, 更新时间: unknown, 大小: 0.0 KB
[2026-01-19 01:53:32] ✅ 解析成功 - https://raw.githubusercontent.com/xf959211192/xf-tv/e72c802958a022efc31970bd5286e90c61facd3a/config.json - 作者: xf959211192, 更新时间: unknown, 大小: 0.0 KB
[2026-01-19 01:53:33] ✅ 解析成功 - https://raw.githubusercontent.com/gmep/tv9/6127c457056ccc27ccd8a1db84d5f8bc5c4cd6cc/config.json - 作者: gmep, 更新时间: unknown, 大小: 0.0 KB
[2026-01-19 01:53:33] ✅ 解析成功 - https://raw.githubusercontent.com/Pundsup/Live/03f56bd3821c11d21031cd1af1a4db819dfee4a7/yszyby.json - 作者: Pundsup, 更新时间: unknown, 大小: 0.0 KB
[2026-01-19 01:53:33] ✅ 解析成功 - https://raw.githubusercontent.com/hanzhenya/hzyiptv/00923a1043db8e531f730912d565eb8619b5675f/config(%E8%80%81).json - 作者: hanzhenya, 更新时间: unknown, 大小: 0.0 KB
[2026-01-19 01:53:33] ✅ 解析成功 - https://raw.githubusercontent.com/zhumengkang/edgeone-moontv/262ce332a93ba34966adb07761e7bfab8faab7bf/config.json - 作者: zhumengkang, 更新时间: unknown, 大小: 0.0 KB
[2026-01-19 01:53:33] ✅ 解析成功 - https://raw.githubusercontent.com/yjh800307/yjh800307.github.io/4b825da4ab5059eae4f36ffc59877d0b5a76ea63/moontv.json - 作者: yjh800307, 更新时间: unknown, 大小: 0.0 KB
[2026-01-20 01:48:37] ✅ 解析成功 - https://raw.githubusercontent.com/hafrey1/LunaTV-config/6d4d37a7e5a275c94568afce0c6cdb7a8dc86088/jin18.json - 作者: hafrey1, 更新时间: unknown, 大小: 0.0 KB
[2026-01-20 01:48:37] ✅ 解析成功 - https://raw.githubusercontent.com/vodtv/api/3eea8cde97f965b7ec97ac87c9a7307e804cd7ae/jingjian.json - 作者: vodtv, 更新时间: unknown, 大小: 0.0 KB
[2026-01-20 01:48:38] ✅ 解析成功 - https://raw.githubusercontent.com/daliwang001/uz-sources/5da867846330af170fab257b9b896c83b054aadc/all%20in%20one.json - 作者: daliwang001, 更新时间: unknown, 大小: 0.0 KB
[2026-01-20 01:48:38] ✅ 解析成功 - https://raw.githubusercontent.com/hjdhnx/drpy-node/de056c2092d25e38e80453b4349dbc9c2c6224f3/scripts/mjs/moontv.json - 作者: hjdhnx, 更新时间: unknown, 大小: 0.0 KB
[2026-01-20 01:48:38] ✅ 解析成功 - https://raw.githubusercontent.com/moli-xia/MoonTV-app/05289c741c50eb0e80ee7e3c045b479be6a2e0f0/config.json - 作者: moli-xia, 更新时间: unknown, 大小: 0.0 KB
[2026-01-20 01:48:38] ✅ 解析成功 - https://raw.githubusercontent.com/adminlove520/Source-Collector/eb8cd8f5f7960600c8d3af01245b64029c6421e1/config_isadult.json - 作者: adminlove520, 更新时间: unknown, 大小: 0.0 KB
[2026-01-20 01:48:38] ✅ 解析成功 - https://raw.githubusercontent.com/wokaotianshi123/wokaotianshi123.github.io/b88c5496c3163ed782d15abd0ce3ea358c318e46/moontv/config_2025-09-23.json - 作者: wokaotianshi123, 更新时间: unknown, 大小: 0.0 KB
[2026-01-20 01:48:39] ✅ 解析成功 - https://raw.githubusercontent.com/ltxxjs/box2022-1/b8e4728bc5d6c26c3fd1af626fd844c6eb8897fc/configplus_isadult.json - 作者: ltxxjs, 更新时间: unknown, 大小: 0.0 KB
[2026-01-20 01:48:39] ✅ 解析成功 - https://raw.githubusercontent.com/vke1011/LunaTV-config/d535f724e63cf71a9d9d92aa0eb4944eef1be3ce/LunaTV-config.json - 作者: vke1011, 更新时间: unknown, 大小: 0.0 KB
[2026-01-20 01:48:39] ✅ 解析成功 - https://raw.githubusercontent.com/ISQIShI/MyResources/3f5e5e60738a3128029f788f17b4d4189bb779e8/TV%20Source.json - 作者: ISQIShI, 更新时间: unknown, 大小: 0.0 KB
[2026-01-20 01:48:39] ✅ 解析成功 - https://raw.githubusercontent.com/xqrock/openfile/ce1390a1ee92c61d572ffc5908c570f73c1c2c1c/config/vod.json - 作者: xqrock, 更新时间: unknown, 大小: 0.0 KB
[2026-01-20 01:48:39] ✅ 解析成功 - https://raw.githubusercontent.com/gmep/tv9/6127c457056ccc27ccd8a1db84d5f8bc5c4cd6cc/config.json - 作者: gmep, 更新时间: unknown, 大小: 0.0 KB
[2026-01-20 01:48:40] ✅ 解析成功 - https://raw.githubusercontent.com/wokaotianshi123/wokaotianshi123.github.io/b88c5496c3163ed782d15abd0ce3ea358c318e46/luna20251027.json - 作者: wokaotianshi123, 更新时间: unknown, 大小: 0.0 KB
[2026-01-20 01:48:40] ✅ 解析成功 - https://raw.githubusercontent.com/kimballic/IPTV2/2ccf529d9877ad4d7cf48f54a67c6b462979abe4/20250823-json.json - 作者: kimballic, 更新时间: unknown, 大小: 0.0 KB
[2026-01-20 01:48:40] ✅ 解析成功 - https://raw.githubusercontent.com/macsur/livetv/3880610be369f43b91f85778d77b86f6688cb013/moontv.json - 作者: macsur, 更新时间: unknown, 大小: 0.0 KB
[2026-01-20 01:48:40] ✅ 解析成功 - https://raw.githubusercontent.com/lovevampplus/cfdata/98499efb4bb7da920400a0eabb4948cd417eebd7/96.json - 作者: lovevampplus, 更新时间: unknown, 大小: 0.0 KB
[2026-01-20 01:48:40] ✅ 解析成功 - https://raw.githubusercontent.com/Mikephie/Script/5152be8ced9fa4f449b22294c3b61ca570dfc8ec/config-3.json - 作者: Mikephie, 更新时间: unknown, 大小: 0.0 KB
[2026-01-20 01:48:40] ✅ 解析成功 - https://raw.githubusercontent.com/xuyuani/moontv/ea3d1065e8bbdfde379700bf74eb634e88915ab2/config.json - 作者: xuyuani, 更新时间: unknown, 大小: 0.0 KB
[2026-01-20 01:48:41] ✅ 解析成功 - https://raw.githubusercontent.com/oooopera/moontv_config/2a902d2f31e2d916f791453081989ad1b10b3e73/config%E5%88%9D%E5%A7%8B.json - 作者: oooopera, 更新时间: unknown, 大小: 0.0 KB
[2026-01-20 01:48:41] ✅ 解析成功 - https://raw.githubusercontent.com/zhumengkang/edgeone-moontv/262ce332a93ba34966adb07761e7bfab8faab7bf/config.json - 作者: zhumengkang, 更新时间: unknown, 大小: 0.0 KB
[2026-01-20 01:48:41] ✅ 解析成功 - https://raw.githubusercontent.com/hanzhenya/hzyiptv/00923a1043db8e531f730912d565eb8619b5675f/config(%E8%80%81).json - 作者: hanzhenya, 更新时间: unknown, 大小: 0.0 KB
[2026-01-20 01:48:41] ✅ 解析成功 - https://raw.githubusercontent.com/yjh800307/yjh800307.github.io/4b825da4ab5059eae4f36ffc59877d0b5a76ea63/moontv.json - 作者: yjh800307, 更新时间: unknown, 大小: 0.0 KB
[2026-01-20 01:48:41] ✅ 解析成功 - https://raw.githubusercontent.com/iphoneten/CNTV/77a30bc772c40da92aa73c207ca843ca59410545/config_backup.json - 作者: iphoneten, 更新时间: unknown, 大小: 0.0 KB
[2026-01-20 01:48:42] ✅ 解析成功 - https://raw.githubusercontent.com/katelya77/KatelyaTV/fc78bb11c026285d1b66e841b227e6171574956c/config.example.json - 作者: katelya77, 更新时间: unknown, 大小: 0.0 KB
[2026-01-20 01:48:42] ✅ 解析成功 - https://raw.githubusercontent.com/viacooky/tv-box-sub/3f7188cb5f0b65903fb0bc5dc94b2128e8e6f021/2.json - 作者: viacooky, 更新时间: unknown, 大小: 0.0 KB
[2026-01-20 01:48:42] ✅ 解析成功 - https://raw.githubusercontent.com/qianqikun/LunaTV-config/91dbeda8a6d88a7b9a4c7ecc6951536a4023b15c/jin18.json - 作者: qianqikun, 更新时间: unknown, 大小: 0.0 KB
[2026-01-20 01:48:42] ✅ 解析成功 - https://raw.githubusercontent.com/Pundsup/Live/03f56bd3821c11d21031cd1af1a4db819dfee4a7/yszyby.json - 作者: Pundsup, 更新时间: unknown, 大小: 0.0 KB
[2026-01-20 01:48:42] ✅ 解析成功 - https://raw.githubusercontent.com/mhq1389/lsegou/7cbbee54537334e668dd678fd8a8ef5efe6e0957/config.json - 作者: mhq1389, 更新时间: unknown, 大小: 0.0 KB
[2026-01-20 01:48:43] ✅ 解析成功 - https://raw.githubusercontent.com/viacooky/tv-box-sub/3f7188cb5f0b65903fb0bc5dc94b2128e8e6f021/1.json - 作者: viacooky, 更新时间: unknown, 大小: 0.0 KB
[2026-01-21 01:51:14] ✅ 解析成功 - https://raw.githubusercontent.com/hafrey1/LunaTV-config/e304fcf519f40eae4596baa0baac308d1ae32891/jin18.json - 作者: hafrey1, 更新时间: unknown, 大小: 0.0 KB
[2026-01-21 01:51:14] ✅ 解析成功 - https://raw.githubusercontent.com/vodtv/api/77ea788c9d1fde24815d359721db2f7d6bf73e35/jingjian.json - 作者: vodtv, 更新时间: unknown, 大小: 0.0 KB
[2026-01-21 01:51:15] ✅ 解析成功 - https://raw.githubusercontent.com/ltxxjs/box2022-1/b8e4728bc5d6c26c3fd1af626fd844c6eb8897fc/configplus_isadult.json - 作者: ltxxjs, 更新时间: unknown, 大小: 0.0 KB
[2026-01-21 01:51:15] ✅ 解析成功 - https://raw.githubusercontent.com/sk3879921/tvjson/3e5394dfbc292321326e218e7bc303716f3f5336/q.json - 作者: sk3879921, 更新时间: unknown, 大小: 0.0 KB
[2026-01-21 01:51:15] ✅ 解析成功 - https://raw.githubusercontent.com/gxnas/TvBox/d193af9b4c0de0fe5fc9d3a694be6e4cfe084af1/20250823.json - 作者: gxnas, 更新时间: unknown, 大小: 0.0 KB
[2026-01-21 01:51:15] ✅ 解析成功 - https://raw.githubusercontent.com/macsur/livetv/3880610be369f43b91f85778d77b86f6688cb013/moontv.json - 作者: macsur, 更新时间: unknown, 大小: 0.0 KB
[2026-01-21 01:51:15] ✅ 解析成功 - https://raw.githubusercontent.com/wokaotianshi123/wokaotianshi123.github.io/b88c5496c3163ed782d15abd0ce3ea358c318e46/moontv/config_2025-09-23.json - 作者: wokaotianshi123, 更新时间: unknown, 大小: 0.0 KB
[2026-01-21 01:51:16] ✅ 解析成功 - https://raw.githubusercontent.com/katelya77/KatelyaTV/fc78bb11c026285d1b66e841b227e6171574956c/config.example.json - 作者: katelya77, 更新时间: unknown, 大小: 0.0 KB
[2026-01-21 01:51:16] ✅ 解析成功 - https://raw.githubusercontent.com/iphoneten/CNTV/77a30bc772c40da92aa73c207ca843ca59410545/config_backup.json - 作者: iphoneten, 更新时间: unknown, 大小: 0.0 KB
[2026-01-21 01:51:16] ✅ 解析成功 - https://raw.githubusercontent.com/SCXSVIP/TV/e7bc32117505d2bda3b31ade3dc96114c6ce623c/MoonTV/MoonTV-xs.json - 作者: SCXSVIP, 更新时间: unknown, 大小: 0.0 KB
[2026-01-21 01:51:16] ✅ 解析成功 - https://raw.githubusercontent.com/lyqnihao/m3u8/719c30115e56a42e21ac6d50191d3e3ada5d2330/MoonTV/config.json - 作者: lyqnihao, 更新时间: unknown, 大小: 0.0 KB
[2026-01-21 01:51:16] ✅ 解析成功 - https://raw.githubusercontent.com/hanzhenya/hzyiptv/00923a1043db8e531f730912d565eb8619b5675f/config(%E8%80%81).json - 作者: hanzhenya, 更新时间: unknown, 大小: 0.0 KB
[2026-01-21 01:51:17] ✅ 解析成功 - https://raw.githubusercontent.com/Mikephie/Script/250f10cb839a98585709400118cdbb5dac4384ce/config-3.json - 作者: Mikephie, 更新时间: unknown, 大小: 0.0 KB
[2026-01-21 01:51:17] ✅ 解析成功 - https://raw.githubusercontent.com/daliwang001/uz-sources/5da867846330af170fab257b9b896c83b054aadc/all%20in%20one.json - 作者: daliwang001, 更新时间: unknown, 大小: 0.0 KB
[2026-01-21 01:51:17] ✅ 解析成功 - https://raw.githubusercontent.com/zhumengkang/edgeone-moontv/262ce332a93ba34966adb07761e7bfab8faab7bf/config.json - 作者: zhumengkang, 更新时间: unknown, 大小: 0.0 KB
[2026-01-21 01:51:17] ✅ 解析成功 - https://raw.githubusercontent.com/oooopera/moontv_config/ae25254b8eaa0f1905d76a1ecbe011b352bbac6c/config%E5%88%9D%E5%A7%8B.json - 作者: oooopera, 更新时间: unknown, 大小: 0.0 KB
[2026-01-21 01:51:17] ✅ 解析成功 - https://raw.githubusercontent.com/hjdhnx/drpy-node/6d69335db1cec97a306827a889452c49a1238c88/scripts/mjs/moontv.json - 作者: hjdhnx, 更新时间: unknown, 大小: 0.0 KB
[2026-01-21 01:51:18] ✅ 解析成功 - https://raw.githubusercontent.com/akabarki76/lunatv/ec5e94f002b71f0eec1b0961ca441ad998758893/config.json - 作者: akabarki76, 更新时间: unknown, 大小: 0.0 KB
[2026-01-21 01:51:18] ✅ 解析成功 - https://raw.githubusercontent.com/ISQIShI/MyResources/3f5e5e60738a3128029f788f17b4d4189bb779e8/TV%20Source.json - 作者: ISQIShI, 更新时间: unknown, 大小: 0.0 KB
[2026-01-21 01:51:18] ✅ 解析成功 - https://raw.githubusercontent.com/yenkj/epg/0f087dff71f2e3a8319ba65e7fc7d090daad0030/config0.json - 作者: yenkj, 更新时间: unknown, 大小: 0.0 KB
[2026-01-21 01:51:18] ✅ 解析成功 - https://raw.githubusercontent.com/wokaotianshi123/jgcj/d4f6926378c3e6263fedf202ebf99ca24a60e3f8/libretv.json - 作者: wokaotianshi123, 更新时间: unknown, 大小: 0.0 KB
[2026-01-21 01:51:19] ✅ 解析成功 - https://raw.githubusercontent.com/viacooky/tv-box-sub/3f7188cb5f0b65903fb0bc5dc94b2128e8e6f021/1.json - 作者: viacooky, 更新时间: unknown, 大小: 0.0 KB
[2026-01-21 01:51:19] ✅ 解析成功 - https://raw.githubusercontent.com/wokaotianshi123/wokaotianshi123.github.io/b88c5496c3163ed782d15abd0ce3ea358c318e46/luna20251027.json - 作者: wokaotianshi123, 更新时间: unknown, 大小: 0.0 KB
[2026-01-21 01:51:19] ✅ 解析成功 - https://raw.githubusercontent.com/lovevampplus/cfdata/98499efb4bb7da920400a0eabb4948cd417eebd7/96.json - 作者: lovevampplus, 更新时间: unknown, 大小: 0.0 KB
[2026-01-21 01:51:19] ✅ 解析成功 - https://raw.githubusercontent.com/vke1011/LunaTV-config/ff6580e8d32c4d1c2d7186c86fd4384f8d26f7a2/LunaTV-config.json - 作者: vke1011, 更新时间: unknown, 大小: 0.0 KB
[2026-01-21 01:51:19] ✅ 解析成功 - https://raw.githubusercontent.com/viacooky/tv-box-sub/3f7188cb5f0b65903fb0bc5dc94b2128e8e6f021/2.json - 作者: viacooky, 更新时间: unknown, 大小: 0.0 KB
[2026-01-21 01:51:20] ✅ 解析成功 - https://raw.githubusercontent.com/chat263/tvjson/45dbc00aebda1642a95c20be2b5a0bda61a60e78/m.json - 作者: chat263, 更新时间: unknown, 大小: 0.0 KB
[2026-01-21 01:51:20] ✅ 解析成功 - https://raw.githubusercontent.com/adminlove520/Source-Collector/eb8cd8f5f7960600c8d3af01245b64029c6421e1/config_isadult.json - 作者: adminlove520, 更新时间: unknown, 大小: 0.0 KB
[2026-01-22 01:51:31] ✅ 解析成功 - https://raw.githubusercontent.com/hafrey1/LunaTV-config/b7a90f364d6bd7cd32d47d663b4ee9e32cda381f/jin18.json - 作者: hafrey1, 更新时间: unknown, 大小: 0.0 KB
[2026-01-22 01:51:32] ✅ 解析成功 - https://raw.githubusercontent.com/vodtv/api/52cb962352247445a1b1aea80195c5bb5c4111cf/jingjian.json - 作者: vodtv, 更新时间: unknown, 大小: 0.0 KB
[2026-01-22 01:51:32] ✅ 解析成功 - https://raw.githubusercontent.com/ltxxjs/box2022-1/b8e4728bc5d6c26c3fd1af626fd844c6eb8897fc/configplus_isadult.json - 作者: ltxxjs, 更新时间: unknown, 大小: 0.0 KB
[2026-01-22 01:51:32] ✅ 解析成功 - https://raw.githubusercontent.com/sk3879921/tvjson/3e5394dfbc292321326e218e7bc303716f3f5336/q.json - 作者: sk3879921, 更新时间: unknown, 大小: 0.0 KB
[2026-01-22 01:51:32] ✅ 解析成功 - https://raw.githubusercontent.com/katelya77/KatelyaTV/fc78bb11c026285d1b66e841b227e6171574956c/config.json - 作者: katelya77, 更新时间: unknown, 大小: 0.0 KB
[2026-01-22 01:51:32] ✅ 解析成功 - https://raw.githubusercontent.com/macsur/livetv/3880610be369f43b91f85778d77b86f6688cb013/moontv.json - 作者: macsur, 更新时间: unknown, 大小: 0.0 KB
[2026-01-22 01:51:32] ✅ 解析成功 - https://raw.githubusercontent.com/wokaotianshi123/wokaotianshi123.github.io/b88c5496c3163ed782d15abd0ce3ea358c318e46/moontv/config_2025-09-23.json - 作者: wokaotianshi123, 更新时间: unknown, 大小: 0.0 KB
[2026-01-22 01:51:32] ✅ 解析成功 - https://raw.githubusercontent.com/Nesciasnenion/helloworld/cbaa34b8af6af1d1efedfa2230fe41ba1e1996da/moontv-config-all.json - 作者: Nesciasnenion, 更新时间: unknown, 大小: 0.0 KB
[2026-01-22 01:51:33] ✅ 解析成功 - https://raw.githubusercontent.com/lovevampplus/cfdata/98499efb4bb7da920400a0eabb4948cd417eebd7/moontv-config.json - 作者: lovevampplus, 更新时间: unknown, 大小: 0.0 KB
[2026-01-22 01:51:34] ✅ 解析成功 - https://raw.githubusercontent.com/vodtv/api/52cb962352247445a1b1aea80195c5bb5c4111cf/LunaTV-config.json - 作者: vodtv, 更新时间: unknown, 大小: 0.0 KB
[2026-01-22 01:51:34] ✅ 解析成功 - https://raw.githubusercontent.com/hanzhenya/hzyiptv/00923a1043db8e531f730912d565eb8619b5675f/config(%E8%80%81).json - 作者: hanzhenya, 更新时间: unknown, 大小: 0.0 KB
[2026-01-22 01:51:34] ✅ 解析成功 - https://raw.githubusercontent.com/viacooky/tv-box-sub/3f7188cb5f0b65903fb0bc5dc94b2128e8e6f021/1.json - 作者: viacooky, 更新时间: unknown, 大小: 0.0 KB
[2026-01-22 01:51:34] ✅ 解析成功 - https://raw.githubusercontent.com/yenkj/epg/c2a1788bbd9a5e7b56301fdc01c2872316fc59ea/config0.json - 作者: yenkj, 更新时间: unknown, 大小: 0.0 KB
[2026-01-22 01:51:34] ✅ 解析成功 - https://raw.githubusercontent.com/qianqikun/LunaTV-config/fbcaca31fbd276f7573b31c046b8e8c86aaac507/jingjian.json - 作者: qianqikun, 更新时间: unknown, 大小: 0.0 KB
[2026-01-22 01:51:34] ✅ 解析成功 - https://raw.githubusercontent.com/webshellren/XMoonTV/ef052045a4f7a3a10c5907da4d30e3a90984b03b/config.json - 作者: webshellren, 更新时间: unknown, 大小: 0.0 KB
[2026-01-22 01:51:34] ✅ 解析成功 - https://raw.githubusercontent.com/oooopera/moontv_config/7d6c0fcd9580bbcd25f44271b2bbc2f5769d61a2/config%E5%88%9D%E5%A7%8B.json - 作者: oooopera, 更新时间: unknown, 大小: 0.0 KB
[2026-01-22 01:51:34] ✅ 解析成功 - https://raw.githubusercontent.com/SCXSVIP/TV/e7bc32117505d2bda3b31ade3dc96114c6ce623c/MoonTV/MoonTV-xs.json - 作者: SCXSVIP, 更新时间: unknown, 大小: 0.0 KB
[2026-01-22 01:51:35] ✅ 解析成功 - https://raw.githubusercontent.com/zhumengkang/edgeone-moontv/262ce332a93ba34966adb07761e7bfab8faab7bf/config.json - 作者: zhumengkang, 更新时间: unknown, 大小: 0.0 KB
[2026-01-22 01:51:35] ✅ 解析成功 - https://raw.githubusercontent.com/vke1011/LunaTV-config/bdf6258936a22919f4ef522b57a1916813a73fdc/jin18.json - 作者: vke1011, 更新时间: unknown, 大小: 0.0 KB
[2026-01-22 01:51:35] ✅ 解析成功 - https://raw.githubusercontent.com/ISQIShI/MyResources/3f5e5e60738a3128029f788f17b4d4189bb779e8/TV%20Source.json - 作者: ISQIShI, 更新时间: unknown, 大小: 0.0 KB
[2026-01-22 01:51:35] ✅ 解析成功 - https://raw.githubusercontent.com/iphoneten/CNTV/77a30bc772c40da92aa73c207ca843ca59410545/config_backup.json - 作者: iphoneten, 更新时间: unknown, 大小: 0.0 KB
[2026-01-22 01:51:35] ✅ 解析成功 - https://raw.githubusercontent.com/kimballic/IPTV2/2ccf529d9877ad4d7cf48f54a67c6b462979abe4/deepseek_json_20250822_55f9da.json - 作者: kimballic, 更新时间: unknown, 大小: 0.0 KB
[2026-01-22 01:51:35] ✅ 解析成功 - https://raw.githubusercontent.com/gxnas/TvBox/d193af9b4c0de0fe5fc9d3a694be6e4cfe084af1/LunaTV.json - 作者: gxnas, 更新时间: unknown, 大小: 0.0 KB
[2026-01-22 01:51:35] ✅ 解析成功 - https://raw.githubusercontent.com/Mikephie/Script/cf09fee26a121f2f3da525e4f61d132423504c7c/config-3.json - 作者: Mikephie, 更新时间: unknown, 大小: 0.0 KB
[2026-01-22 01:51:35] ✅ 解析成功 - https://raw.githubusercontent.com/yutian81/data-source/97c13655052a73d5f455801eed3d366b97acf3ce/OrionTV/config.json - 作者: yutian81, 更新时间: unknown, 大小: 0.0 KB
[2026-01-22 01:51:36] ✅ 解析成功 - https://raw.githubusercontent.com/viacooky/tv-box-sub/3f7188cb5f0b65903fb0bc5dc94b2128e8e6f021/2.json - 作者: viacooky, 更新时间: unknown, 大小: 0.0 KB
[2026-01-22 01:51:36] ✅ 解析成功 - https://raw.githubusercontent.com/PAICNI/Videos_PLUS/b51ff1521a1e77f17ad538ccfd3c100cc42e0663/MoonTV%E8%A7%86%E9%A2%91%E6%BA%90Plus%E7%89%88.json - 作者: PAICNI, 更新时间: unknown, 大小: 0.0 KB
[2026-01-22 01:51:36] ✅ 解析成功 - https://raw.githubusercontent.com/Mikephie/Script/cf09fee26a121f2f3da525e4f61d132423504c7c/config-2.json - 作者: Mikephie, 更新时间: unknown, 大小: 0.0 KB
[2026-01-22 01:51:36] ✅ 解析成功 - https://raw.githubusercontent.com/hafrey1/LunaTV-config/b7a90f364d6bd7cd32d47d663b4ee9e32cda381f/jingjian.json - 作者: hafrey1, 更新时间: unknown, 大小: 0.0 KB
[2026-01-23 01:48:14] ✅ 解析成功 - https://raw.githubusercontent.com/hafrey1/LunaTV-config/d7b6022caf5a784f9c6a0b6161ec63ea98dca42e/jin18.json - 作者: hafrey1, 更新时间: unknown, 大小: 0.0 KB
[2026-01-23 01:48:14] ✅ 解析成功 - https://raw.githubusercontent.com/vodtv/api/8db0c6b515139905688785808f17988e33cac51f/jingjian.json - 作者: vodtv, 更新时间: unknown, 大小: 0.0 KB
[2026-01-23 01:48:14] ✅ 解析成功 - https://raw.githubusercontent.com/ltxxjs/box2022-1/b8e4728bc5d6c26c3fd1af626fd844c6eb8897fc/configplus_isadult.json - 作者: ltxxjs, 更新时间: unknown, 大小: 0.0 KB
[2026-01-23 01:48:15] ✅ 解析成功 - https://raw.githubusercontent.com/hjdhnx/drpy-node/c24e27d790acfb512cb640c88733bec069dfa3c4/scripts/mjs/moontv.json - 作者: hjdhnx, 更新时间: unknown, 大小: 0.0 KB
[2026-01-23 01:48:15] ✅ 解析成功 - https://raw.githubusercontent.com/chat263/tvjson/45dbc00aebda1642a95c20be2b5a0bda61a60e78/m.json - 作者: chat263, 更新时间: unknown, 大小: 0.0 KB
[2026-01-23 01:48:15] ✅ 解析成功 - https://raw.githubusercontent.com/kimballic/IPTV2/2ccf529d9877ad4d7cf48f54a67c6b462979abe4/20250823-json.json - 作者: kimballic, 更新时间: unknown, 大小: 0.0 KB
[2026-01-23 01:48:15] ✅ 解析成功 - https://raw.githubusercontent.com/lovevampplus/cfdata/98499efb4bb7da920400a0eabb4948cd417eebd7/96.json - 作者: lovevampplus, 更新时间: unknown, 大小: 0.0 KB
[2026-01-23 01:48:15] ✅ 解析成功 - https://raw.githubusercontent.com/adminlove520/Source-Collector/eb8cd8f5f7960600c8d3af01245b64029c6421e1/config_isadult.json - 作者: adminlove520, 更新时间: unknown, 大小: 0.0 KB
[2026-01-23 01:48:16] ✅ 解析成功 - https://raw.githubusercontent.com/samqin123/MoonTV/c0bba763d16fb5cd830a808d58329025337491cf/config.json - 作者: samqin123, 更新时间: unknown, 大小: 0.0 KB
[2026-01-23 01:48:16] ✅ 解析成功 - https://raw.githubusercontent.com/PAICNI/Videos_PLUS/b51ff1521a1e77f17ad538ccfd3c100cc42e0663/MoonTV%E8%A7%86%E9%A2%91%E6%BA%90Plus%E7%89%88.json - 作者: PAICNI, 更新时间: unknown, 大小: 0.0 KB
[2026-01-23 01:48:16] ✅ 解析成功 - https://raw.githubusercontent.com/katelya77/KatelyaTV/fc78bb11c026285d1b66e841b227e6171574956c/config.json - 作者: katelya77, 更新时间: unknown, 大小: 0.0 KB
[2026-01-23 01:48:16] ✅ 解析成功 - https://raw.githubusercontent.com/xqrock/openfile/ce1390a1ee92c61d572ffc5908c570f73c1c2c1c/config/vod.json - 作者: xqrock, 更新时间: unknown, 大小: 0.0 KB
[2026-01-23 01:48:16] ✅ 解析成功 - https://raw.githubusercontent.com/wokaotianshi123/wokaotianshi123.github.io/b88c5496c3163ed782d15abd0ce3ea358c318e46/luna20251027.json - 作者: wokaotianshi123, 更新时间: unknown, 大小: 0.0 KB
[2026-01-23 01:48:16] ✅ 解析成功 - https://raw.githubusercontent.com/SCXSVIP/TV/e7bc32117505d2bda3b31ade3dc96114c6ce623c/MoonTV/MoonTV-xs.json - 作者: SCXSVIP, 更新时间: unknown, 大小: 0.0 KB
[2026-01-23 01:48:17] ✅ 解析成功 - https://raw.githubusercontent.com/yutian81/data-source/97c13655052a73d5f455801eed3d366b97acf3ce/OrionTV/config.json - 作者: yutian81, 更新时间: unknown, 大小: 0.0 KB
[2026-01-23 01:48:17] ✅ 解析成功 - https://raw.githubusercontent.com/Nesciasnenion/helloworld/cbaa34b8af6af1d1efedfa2230fe41ba1e1996da/moontv-config-all.json - 作者: Nesciasnenion, 更新时间: unknown, 大小: 0.0 KB
[2026-01-23 01:48:17] ✅ 解析成功 - https://raw.githubusercontent.com/wokaotianshi123/jgcj/15162488b473b88629231c720cb0bfd8175adba8/libretv.json - 作者: wokaotianshi123, 更新时间: unknown, 大小: 0.0 KB
[2026-01-23 01:48:17] ✅ 解析成功 - https://raw.githubusercontent.com/viacooky/tv-box-sub/3f7188cb5f0b65903fb0bc5dc94b2128e8e6f021/1.json - 作者: viacooky, 更新时间: unknown, 大小: 0.0 KB
[2026-01-23 01:48:17] ✅ 解析成功 - https://raw.githubusercontent.com/lovevampplus/cfdata/98499efb4bb7da920400a0eabb4948cd417eebd7/moontv-config.json - 作者: lovevampplus, 更新时间: unknown, 大小: 0.0 KB
[2026-01-23 01:48:18] ✅ 解析成功 - https://raw.githubusercontent.com/ISQIShI/MyResources/3f5e5e60738a3128029f788f17b4d4189bb779e8/TV%20Source.json - 作者: ISQIShI, 更新时间: unknown, 大小: 0.0 KB
[2026-01-23 01:48:18] ✅ 解析成功 - https://raw.githubusercontent.com/hanzhenya/hzyiptv/00923a1043db8e531f730912d565eb8619b5675f/config(%E8%80%81).json - 作者: hanzhenya, 更新时间: unknown, 大小: 0.0 KB
[2026-01-23 01:48:18] ✅ 解析成功 - https://raw.githubusercontent.com/oooopera/moontv_config/357aa5237a98da0b93c51cdec4ce7e17f53fa75f/input.json - 作者: oooopera, 更新时间: unknown, 大小: 0.0 KB
[2026-01-23 01:48:18] ✅ 解析成功 - https://raw.githubusercontent.com/macsur/livetv/3880610be369f43b91f85778d77b86f6688cb013/moontv.json - 作者: macsur, 更新时间: unknown, 大小: 0.0 KB
[2026-01-23 01:48:18] ✅ 解析成功 - https://raw.githubusercontent.com/vke1011/LunaTV-config/346951c06f55defe118135fa5e0f7df64d1818cf/jin18.json - 作者: vke1011, 更新时间: unknown, 大小: 0.0 KB
[2026-01-23 01:48:19] ✅ 解析成功 - https://raw.githubusercontent.com/yenkj/epg/658af98eaccb06bf049e2ca6a411833f3562ea0f/config0.json - 作者: yenkj, 更新时间: unknown, 大小: 0.0 KB
[2026-01-23 01:48:19] ✅ 解析成功 - https://raw.githubusercontent.com/chtsen/chtsen-cfcdn-file/4dcd0a4eb6ffe876fcc0532906f5603aa850d492/LunaTV/configz.json - 作者: chtsen, 更新时间: unknown, 大小: 0.0 KB
[2026-01-23 01:48:19] ✅ 解析成功 - https://raw.githubusercontent.com/Pundsup/Live/03f56bd3821c11d21031cd1af1a4db819dfee4a7/yszyby.json - 作者: Pundsup, 更新时间: unknown, 大小: 0.0 KB
[2026-01-23 01:48:19] ✅ 解析成功 - https://raw.githubusercontent.com/oooopera/moontv_config/357aa5237a98da0b93c51cdec4ce7e17f53fa75f/config%E5%88%9D%E5%A7%8B.json - 作者: oooopera, 更新时间: unknown, 大小: 0.0 KB
[2026-01-23 01:48:19] ✅ 解析成功 - https://raw.githubusercontent.com/yjh800307/yjh800307.github.io/4b825da4ab5059eae4f36ffc59877d0b5a76ea63/moontv.json - 作者: yjh800307, 更新时间: unknown, 大小: 0.0 KB
[2026-01-24 01:45:29] ✅ 解析成功 - https://raw.githubusercontent.com/hafrey1/LunaTV-config/ca440fd1da9830cdefcac47105f21118a1725528/jin18.json - 作者: hafrey1, 更新时间: unknown, 大小: 0.0 KB
[2026-01-24 01:45:29] ✅ 解析成功 - https://raw.githubusercontent.com/vodtv/api/a38c5f600b3d7620e3ba4e9af2ca0a2716bb6483/jingjian.json - 作者: vodtv, 更新时间: unknown, 大小: 0.0 KB
[2026-01-24 01:45:29] ✅ 解析成功 - https://raw.githubusercontent.com/ltxxjs/box2022-1/b8e4728bc5d6c26c3fd1af626fd844c6eb8897fc/configplus_isadult.json - 作者: ltxxjs, 更新时间: unknown, 大小: 0.0 KB
[2026-01-24 01:45:30] ✅ 解析成功 - https://raw.githubusercontent.com/sk3879921/tvjson/3e5394dfbc292321326e218e7bc303716f3f5336/q.json - 作者: sk3879921, 更新时间: unknown, 大小: 0.0 KB
[2026-01-24 01:45:30] ✅ 解析成功 - https://raw.githubusercontent.com/katelya77/KatelyaTV/fc78bb11c026285d1b66e841b227e6171574956c/config.json - 作者: katelya77, 更新时间: unknown, 大小: 0.0 KB
[2026-01-24 01:45:30] ✅ 解析成功 - https://raw.githubusercontent.com/macsur/livetv/3880610be369f43b91f85778d77b86f6688cb013/moontv.json - 作者: macsur, 更新时间: unknown, 大小: 0.0 KB
[2026-01-24 01:45:30] ✅ 解析成功 - https://raw.githubusercontent.com/wokaotianshi123/wokaotianshi123.github.io/b88c5496c3163ed782d15abd0ce3ea358c318e46/moontv/config_2025-09-23.json - 作者: wokaotianshi123, 更新时间: unknown, 大小: 0.0 KB
[2026-01-24 01:45:30] ✅ 解析成功 - https://raw.githubusercontent.com/oooopera/moontv_config/6535f6250fa1fac6176c65cbceec18c51e120baf/input.json - 作者: oooopera, 更新时间: unknown, 大小: 0.0 KB
[2026-01-24 01:45:31] ✅ 解析成功 - https://raw.githubusercontent.com/lovevampplus/cfdata/98499efb4bb7da920400a0eabb4948cd417eebd7/moontv-config.json - 作者: lovevampplus, 更新时间: unknown, 大小: 0.0 KB
[2026-01-24 01:45:31] ✅ 解析成功 - https://raw.githubusercontent.com/vodtv/api/a38c5f600b3d7620e3ba4e9af2ca0a2716bb6483/LunaTV-config.json - 作者: vodtv, 更新时间: unknown, 大小: 0.0 KB
[2026-01-24 01:45:31] ✅ 解析成功 - https://raw.githubusercontent.com/vke1011/LunaTV-config/48f334a0f1b38cf7376366ab5857fb6266cb5adc/jin18.json - 作者: vke1011, 更新时间: unknown, 大小: 0.0 KB
[2026-01-24 01:45:32] ✅ 解析成功 - https://raw.githubusercontent.com/viacooky/tv-box-sub/3f7188cb5f0b65903fb0bc5dc94b2128e8e6f021/1.json - 作者: viacooky, 更新时间: unknown, 大小: 0.0 KB
[2026-01-24 01:45:32] ❌ JSON语法错误 - https://raw.githubusercontent.com/hafrey1/MoonTV1.1.1/614f381e5312d9821bd5fe058f9eed9426e96d23/config.json - Expecting value: line 151 column 1 (char 5001)
[2026-01-24 01:45:32] ✅ 解析成功 - https://raw.githubusercontent.com/moli-xia/MoonTV-app/05289c741c50eb0e80ee7e3c045b479be6a2e0f0/config.json - 作者: moli-xia, 更新时间: unknown, 大小: 0.0 KB
[2026-01-24 01:45:32] ✅ 解析成功 - https://raw.githubusercontent.com/kimballic/IPTV2/2ccf529d9877ad4d7cf48f54a67c6b462979abe4/deepseek_json_20250822_55f9da.json - 作者: kimballic, 更新时间: unknown, 大小: 0.0 KB
[2026-01-24 01:45:33] ✅ 解析成功 - https://raw.githubusercontent.com/gxnas/TvBox/d193af9b4c0de0fe5fc9d3a694be6e4cfe084af1/20250823.json - 作者: gxnas, 更新时间: unknown, 大小: 0.0 KB
[2026-01-24 01:45:33] ✅ 解析成功 - https://raw.githubusercontent.com/Jonney111/jonney_clash/7277685840b1cbedbc2b55377acc81adff1d5745/moontv.json - 作者: Jonney111, 更新时间: unknown, 大小: 0.0 KB
[2026-01-24 01:45:33] ✅ 解析成功 - https://raw.githubusercontent.com/PAICNI/Videos_PLUS/b51ff1521a1e77f17ad538ccfd3c100cc42e0663/MoonTV%E8%A7%86%E9%A2%91%E6%BA%90Plus%E7%89%88.json - 作者: PAICNI, 更新时间: unknown, 大小: 0.0 KB
[2026-01-24 01:45:33] ✅ 解析成功 - https://raw.githubusercontent.com/Pundsup/Live/03f56bd3821c11d21031cd1af1a4db819dfee4a7/yszyby.json - 作者: Pundsup, 更新时间: unknown, 大小: 0.0 KB
[2026-01-24 01:45:34] ✅ 解析成功 - https://raw.githubusercontent.com/SCXSVIP/TV/e7bc32117505d2bda3b31ade3dc96114c6ce623c/MoonTV/MoonTV-xs.json - 作者: SCXSVIP, 更新时间: unknown, 大小: 0.0 KB
[2026-01-24 01:45:34] ✅ 解析成功 - https://raw.githubusercontent.com/hanzhenya/hzyiptv/00923a1043db8e531f730912d565eb8619b5675f/config(%E8%80%81).json - 作者: hanzhenya, 更新时间: unknown, 大小: 0.0 KB
[2026-01-24 01:45:34] ✅ 解析成功 - https://raw.githubusercontent.com/cc638/tvbox/785d2bde1e6cef0b2becb3d1c64db3ca45d89b7f/%E8%A7%86%E9%A2%91%E6%BA%90.json - 作者: cc638, 更新时间: unknown, 大小: 0.0 KB
[2026-01-24 01:45:34] ✅ 解析成功 - https://raw.githubusercontent.com/Mikephie/Script/13aa69343281f58ad415082b223c5a97e6f208d8/config-2.json - 作者: Mikephie, 更新时间: unknown, 大小: 0.0 KB
[2026-01-24 01:45:34] ✅ 解析成功 - https://raw.githubusercontent.com/akabarki76/lunatv/ec5e94f002b71f0eec1b0961ca441ad998758893/config.json - 作者: akabarki76, 更新时间: unknown, 大小: 0.0 KB
[2026-01-24 01:45:35] ✅ 解析成功 - https://raw.githubusercontent.com/daliwang001/uz-sources/5da867846330af170fab257b9b896c83b054aadc/all%20in%20one.json - 作者: daliwang001, 更新时间: unknown, 大小: 0.0 KB
[2026-01-24 01:45:35] ✅ 解析成功 - https://raw.githubusercontent.com/616310/LunaTV-proxy/ad59d5763f4efd2294301cd96ff9804865ebb65c/config/default-config.json - 作者: 616310, 更新时间: unknown, 大小: 0.0 KB
[2026-01-24 01:45:35] ✅ 解析成功 - https://raw.githubusercontent.com/iphoneten/CNTV/77a30bc772c40da92aa73c207ca843ca59410545/config_backup.json - 作者: iphoneten, 更新时间: unknown, 大小: 0.0 KB
[2026-01-24 01:45:36] ✅ 解析成功 - https://raw.githubusercontent.com/xuyuani/moontv/ea3d1065e8bbdfde379700bf74eb634e88915ab2/config.json - 作者: xuyuani, 更新时间: unknown, 大小: 0.0 KB
[2026-01-25 01:58:13] ✅ 解析成功 - https://raw.githubusercontent.com/hafrey1/LunaTV-config/fa1de3e88becef60534a9090297d82357ece7585/jin18.json - 作者: hafrey1, 更新时间: unknown, 大小: 0.0 KB
[2026-01-25 01:58:13] ✅ 解析成功 - https://raw.githubusercontent.com/vodtv/api/a39beca65cf580b5b977be18aa9d172dbc0ce344/jingjian.json - 作者: vodtv, 更新时间: unknown, 大小: 0.0 KB
[2026-01-25 01:58:13] ✅ 解析成功 - https://raw.githubusercontent.com/chat263/tvjson/45dbc00aebda1642a95c20be2b5a0bda61a60e78/m.json - 作者: chat263, 更新时间: unknown, 大小: 0.0 KB
[2026-01-25 01:58:13] ✅ 解析成功 - https://raw.githubusercontent.com/lovevampplus/cfdata/98499efb4bb7da920400a0eabb4948cd417eebd7/96.json - 作者: lovevampplus, 更新时间: unknown, 大小: 0.0 KB
[2026-01-25 01:58:14] ✅ 解析成功 - https://raw.githubusercontent.com/gxnas/TvBox/d193af9b4c0de0fe5fc9d3a694be6e4cfe084af1/20250823.json - 作者: gxnas, 更新时间: unknown, 大小: 0.0 KB
[2026-01-25 01:58:14] ✅ 解析成功 - https://raw.githubusercontent.com/zhumengkang/edgeone-moontv/262ce332a93ba34966adb07761e7bfab8faab7bf/config.json - 作者: zhumengkang, 更新时间: unknown, 大小: 0.0 KB
[2026-01-25 01:58:14] ✅ 解析成功 - https://raw.githubusercontent.com/Mikephie/Script/2aded2fb833b27cf57fbfb9149fef96c22199fa6/config-2.json - 作者: Mikephie, 更新时间: unknown, 大小: 0.0 KB
[2026-01-25 01:58:14] ✅ 解析成功 - https://raw.githubusercontent.com/lyqnihao/m3u8/719c30115e56a42e21ac6d50191d3e3ada5d2330/MoonTV/config.json - 作者: lyqnihao, 更新时间: unknown, 大小: 0.0 KB
[2026-01-25 01:58:14] ✅ 解析成功 - https://raw.githubusercontent.com/viacooky/tv-box-sub/3f7188cb5f0b65903fb0bc5dc94b2128e8e6f021/2.json - 作者: viacooky, 更新时间: unknown, 大小: 0.0 KB
[2026-01-25 01:58:14] ✅ 解析成功 - https://raw.githubusercontent.com/yjh800307/yjh800307.github.io/4b825da4ab5059eae4f36ffc59877d0b5a76ea63/moontv.json - 作者: yjh800307, 更新时间: unknown, 大小: 0.0 KB
[2026-01-25 01:58:14] ✅ 解析成功 - https://raw.githubusercontent.com/kimballic/IPTV2/2ccf529d9877ad4d7cf48f54a67c6b462979abe4/deepseek_json_20250822_55f9da.json - 作者: kimballic, 更新时间: unknown, 大小: 0.0 KB
[2026-01-25 01:58:14] ✅ 解析成功 - https://raw.githubusercontent.com/korean032/WenXiTV/858aa80242728dbcb74a4b913eb92ebcaf6da04a/config.json - 作者: korean032, 更新时间: unknown, 大小: 0.0 KB
[2026-01-25 01:58:14] ✅ 解析成功 - https://raw.githubusercontent.com/hanzhenya/hzyiptv/00923a1043db8e531f730912d565eb8619b5675f/config(%E8%80%81).json - 作者: hanzhenya, 更新时间: unknown, 大小: 0.0 KB
[2026-01-25 01:58:15] ✅ 解析成功 - https://raw.githubusercontent.com/haogege8888/KatelyaTV/e58837e6b5dcc4d7d112e05e1d9bda3e9b3bf992/config.json - 作者: haogege8888, 更新时间: unknown, 大小: 0.0 KB
[2026-01-25 01:58:15] ✅ 解析成功 - https://raw.githubusercontent.com/SCXSVIP/TV/e7bc32117505d2bda3b31ade3dc96114c6ce623c/MoonTV/MoonTV-xs.json - 作者: SCXSVIP, 更新时间: unknown, 大小: 0.0 KB
[2026-01-25 01:58:15] ✅ 解析成功 - https://raw.githubusercontent.com/ISQIShI/MyResources/3f5e5e60738a3128029f788f17b4d4189bb779e8/TV%20Source.json - 作者: ISQIShI, 更新时间: unknown, 大小: 0.0 KB
[2026-01-25 01:58:15] ✅ 解析成功 - https://raw.githubusercontent.com/Nesciasnenion/helloworld/cbaa34b8af6af1d1efedfa2230fe41ba1e1996da/moontv-config-all.json - 作者: Nesciasnenion, 更新时间: unknown, 大小: 0.0 KB
[2026-01-25 01:58:15] ✅ 解析成功 - https://raw.githubusercontent.com/gxnas/TvBox/d193af9b4c0de0fe5fc9d3a694be6e4cfe084af1/LunaTV.json - 作者: gxnas, 更新时间: unknown, 大小: 0.0 KB
[2026-01-25 01:58:15] ✅ 解析成功 - https://raw.githubusercontent.com/PAICNI/Videos_PLUS/b51ff1521a1e77f17ad538ccfd3c100cc42e0663/MoonTV%E8%A7%86%E9%A2%91%E6%BA%90Plus%E7%89%88.json - 作者: PAICNI, 更新时间: unknown, 大小: 0.0 KB
[2026-01-25 01:58:15] ✅ 解析成功 - https://raw.githubusercontent.com/616310/LunaTV-proxy/ad59d5763f4efd2294301cd96ff9804865ebb65c/config/default-config.json - 作者: 616310, 更新时间: unknown, 大小: 0.0 KB
[2026-01-25 01:58:15] ✅ 解析成功 - https://raw.githubusercontent.com/xqrock/openfile/ce1390a1ee92c61d572ffc5908c570f73c1c2c1c/config/vod.json - 作者: xqrock, 更新时间: unknown, 大小: 0.0 KB
[2026-01-25 01:58:15] ✅ 解析成功 - https://raw.githubusercontent.com/viacooky/tv-box-sub/3f7188cb5f0b65903fb0bc5dc94b2128e8e6f021/1.json - 作者: viacooky, 更新时间: unknown, 大小: 0.0 KB
[2026-01-25 01:58:16] ✅ 解析成功 - https://raw.githubusercontent.com/louis779/moontyv/0fe913bafef02036b393feed5683349145c9480a/config.json - 作者: louis779, 更新时间: unknown, 大小: 0.0 KB
[2026-01-25 01:58:16] ✅ 解析成功 - https://raw.githubusercontent.com/katelya77/KatelyaTV/fc78bb11c026285d1b66e841b227e6171574956c/config.example.json - 作者: katelya77, 更新时间: unknown, 大小: 0.0 KB
[2026-01-25 01:58:16] ✅ 解析成功 - https://raw.githubusercontent.com/wokaotianshi123/wokaotianshi123.github.io/b88c5496c3163ed782d15abd0ce3ea358c318e46/moontv/config_2025-09-23.json - 作者: wokaotianshi123, 更新时间: unknown, 大小: 0.0 KB
[2026-01-25 01:58:16] ✅ 解析成功 - https://raw.githubusercontent.com/wokaotianshi123/wokaotianshi123.github.io/b88c5496c3163ed782d15abd0ce3ea358c318e46/luna20251027.json - 作者: wokaotianshi123, 更新时间: unknown, 大小: 0.0 KB
[2026-01-25 01:58:16] ✅ 解析成功 - https://raw.githubusercontent.com/ltxxjs/box2022-1/b8e4728bc5d6c26c3fd1af626fd844c6eb8897fc/configplus_isadult.json - 作者: ltxxjs, 更新时间: unknown, 大小: 0.0 KB
[2026-01-25 01:58:16] ✅ 解析成功 - https://raw.githubusercontent.com/qianqikun/LunaTV-config/1f5a26ef3dca3638841222fe814ac75906e6a5aa/jin18.json - 作者: qianqikun, 更新时间: unknown, 大小: 0.0 KB
[2026-01-26 01:57:33] ✅ 解析成功 - https://raw.githubusercontent.com/katelya77/KatelyaTV/fc78bb11c026285d1b66e841b227e6171574956c/config.json - 作者: katelya77, 更新时间: unknown, 大小: 0.0 KB
[2026-01-26 01:57:33] ✅ 解析成功 - https://raw.githubusercontent.com/gxnas/TvBox/d193af9b4c0de0fe5fc9d3a694be6e4cfe084af1/LunaTV.json - 作者: gxnas, 更新时间: unknown, 大小: 0.0 KB
[2026-01-26 01:57:33] ✅ 解析成功 - https://raw.githubusercontent.com/wokaotianshi123/wokaotianshi123.github.io/b88c5496c3163ed782d15abd0ce3ea358c318e46/luna20251027.json - 作者: wokaotianshi123, 更新时间: unknown, 大小: 0.0 KB
[2026-01-26 01:57:34] ✅ 解析成功 - https://raw.githubusercontent.com/iphoneten/CNTV/77a30bc772c40da92aa73c207ca843ca59410545/config_backup.json - 作者: iphoneten, 更新时间: unknown, 大小: 0.0 KB
[2026-01-26 01:57:34] ✅ 解析成功 - https://raw.githubusercontent.com/hafrey1/LunaTV-config/60a688d28e0d55c25d1bf4461d8e65d533b0eb7e/jin18.json - 作者: hafrey1, 更新时间: unknown, 大小: 0.0 KB
[2026-01-26 01:57:34] ✅ 解析成功 - https://raw.githubusercontent.com/lovevampplus/cfdata/45403886f8e64c3dd3412507ed72e222e90e5af3/moontv-config.json - 作者: lovevampplus, 更新时间: unknown, 大小: 0.0 KB
[2026-01-26 01:57:34] ✅ 解析成功 - https://raw.githubusercontent.com/samqin123/MoonTV/c0bba763d16fb5cd830a808d58329025337491cf/config.json - 作者: samqin123, 更新时间: unknown, 大小: 0.0 KB
[2026-01-26 01:57:34] ✅ 解析成功 - https://raw.githubusercontent.com/oooopera/moontv_config/5925acecf1d9e4add901f400d81230d0b70cc60b/input.json - 作者: oooopera, 更新时间: unknown, 大小: 0.0 KB
[2026-01-26 01:57:35] ✅ 解析成功 - https://raw.githubusercontent.com/vodtv/api/a8de1bc01cb63b43becccfa66de1d7752c05466c/LunaTV-config.json - 作者: vodtv, 更新时间: unknown, 大小: 0.0 KB
[2026-01-26 01:57:35] ✅ 解析成功 - https://raw.githubusercontent.com/PAICNI/Videos_PLUS/b51ff1521a1e77f17ad538ccfd3c100cc42e0663/MoonTV%E8%A7%86%E9%A2%91%E6%BA%90Plus%E7%89%88.json - 作者: PAICNI, 更新时间: unknown, 大小: 0.0 KB
[2026-01-26 01:57:35] ✅ 解析成功 - https://raw.githubusercontent.com/xqrock/openfile/ce1390a1ee92c61d572ffc5908c570f73c1c2c1c/config/vod.json - 作者: xqrock, 更新时间: unknown, 大小: 0.0 KB
[2026-01-26 01:57:35] ✅ 解析成功 - https://raw.githubusercontent.com/macsur/livetv/3880610be369f43b91f85778d77b86f6688cb013/moontv.json - 作者: macsur, 更新时间: unknown, 大小: 0.0 KB
[2026-01-26 01:57:35] ✅ 解析成功 - https://raw.githubusercontent.com/katelya77/KatelyaTV/fc78bb11c026285d1b66e841b227e6171574956c/config.example.json - 作者: katelya77, 更新时间: unknown, 大小: 0.0 KB
[2026-01-26 01:57:36] ✅ 解析成功 - https://raw.githubusercontent.com/sk3879921/tvjson/3e5394dfbc292321326e218e7bc303716f3f5336/q.json - 作者: sk3879921, 更新时间: unknown, 大小: 0.0 KB
[2026-01-26 01:57:36] ✅ 解析成功 - https://raw.githubusercontent.com/vke1011/LunaTV-config/eb95e0849acc4a381ee5504b8af153ce678045ea/jingjian.json - 作者: vke1011, 更新时间: unknown, 大小: 0.0 KB
[2026-01-26 01:57:36] ✅ 解析成功 - https://raw.githubusercontent.com/vodtv/api/a8de1bc01cb63b43becccfa66de1d7752c05466c/jin18.json - 作者: vodtv, 更新时间: unknown, 大小: 0.0 KB
[2026-01-26 01:57:36] ✅ 解析成功 - https://raw.githubusercontent.com/616310/LunaTV-proxy/ad59d5763f4efd2294301cd96ff9804865ebb65c/config/default-config.json - 作者: 616310, 更新时间: unknown, 大小: 0.0 KB
[2026-01-26 01:57:36] ✅ 解析成功 - https://raw.githubusercontent.com/yjh800307/yjh800307.github.io/58aba1927b628af1008d9c3278e743cd960238b5/moontv.json - 作者: yjh800307, 更新时间: unknown, 大小: 0.0 KB
[2026-01-26 01:57:37] ✅ 解析成功 - https://raw.githubusercontent.com/moli-xia/MoonTV-app/05289c741c50eb0e80ee7e3c045b479be6a2e0f0/config.json - 作者: moli-xia, 更新时间: unknown, 大小: 0.0 KB
[2026-01-26 01:57:37] ✅ 解析成功 - https://raw.githubusercontent.com/ltxxjs/box2022-1/b8e4728bc5d6c26c3fd1af626fd844c6eb8897fc/configplus_isadult.json - 作者: ltxxjs, 更新时间: unknown, 大小: 0.0 KB
[2026-01-26 01:57:37] ✅ 解析成功 - https://raw.githubusercontent.com/kimballic/IPTV2/2ccf529d9877ad4d7cf48f54a67c6b462979abe4/deepseek_json_20250822_55f9da.json - 作者: kimballic, 更新时间: unknown, 大小: 0.0 KB
[2026-01-26 01:57:37] ✅ 解析成功 - https://raw.githubusercontent.com/hafrey1/LunaTV-config/60a688d28e0d55c25d1bf4461d8e65d533b0eb7e/LunaTV-config.json - 作者: hafrey1, 更新时间: unknown, 大小: 0.0 KB
[2026-01-26 01:57:37] ✅ 解析成功 - https://raw.githubusercontent.com/wokaotianshi123/jgcj/dc72572e9a1e3a9957c7ff94a390c4ccc7d9a38d/libretv.json - 作者: wokaotianshi123, 更新时间: unknown, 大小: 0.0 KB
[2026-01-26 01:57:38] ✅ 解析成功 - https://raw.githubusercontent.com/chtsen/chtsen-cfcdn-file/4dcd0a4eb6ffe876fcc0532906f5603aa850d492/LunaTV/configz.json - 作者: chtsen, 更新时间: unknown, 大小: 0.0 KB
[2026-01-26 01:57:38] ✅ 解析成功 - https://raw.githubusercontent.com/Mikephie/Script/c876f632f3e85749d69b093fc70a9c809927ae83/config-2.json - 作者: Mikephie, 更新时间: unknown, 大小: 0.0 KB
[2026-01-26 01:57:38] ✅ 解析成功 - https://raw.githubusercontent.com/Xylonium/TV-LIVE/f3c2c977d60759c85254772db194e86f94adba6f/moon/xons.json - 作者: Xylonium, 更新时间: unknown, 大小: 0.0 KB
[2026-01-26 01:57:38] ✅ 解析成功 - https://raw.githubusercontent.com/kimballic/IPTV2/2ccf529d9877ad4d7cf48f54a67c6b462979abe4/20250823-json.json - 作者: kimballic, 更新时间: unknown, 大小: 0.0 KB
[2026-01-26 01:57:38] ✅ 解析成功 - https://raw.githubusercontent.com/viacooky/tv-box-sub/3f7188cb5f0b65903fb0bc5dc94b2128e8e6f021/1.json - 作者: viacooky, 更新时间: unknown, 大小: 0.0 KB
[2026-01-27 01:54:36] ✅ 解析成功 - https://raw.githubusercontent.com/katelya77/KatelyaTV/fc78bb11c026285d1b66e841b227e6171574956c/config.json - 作者: katelya77, 更新时间: unknown, 大小: 0.0 KB
[2026-01-27 01:54:36] ✅ 解析成功 - https://raw.githubusercontent.com/gxnas/TvBox/d193af9b4c0de0fe5fc9d3a694be6e4cfe084af1/LunaTV.json - 作者: gxnas, 更新时间: unknown, 大小: 0.0 KB
[2026-01-27 01:54:36] ✅ 解析成功 - https://raw.githubusercontent.com/chat263/tvjson/45dbc00aebda1642a95c20be2b5a0bda61a60e78/m.json - 作者: chat263, 更新时间: unknown, 大小: 0.0 KB
[2026-01-27 01:54:36] ✅ 解析成功 - https://raw.githubusercontent.com/lovevampplus/cfdata/45403886f8e64c3dd3412507ed72e222e90e5af3/96.json - 作者: lovevampplus, 更新时间: unknown, 大小: 0.0 KB
[2026-01-27 01:54:36] ✅ 解析成功 - https://raw.githubusercontent.com/Mikephie/Script/62f4442bf0c5651ac2892b5e2f686541af30073f/config-2.json - 作者: Mikephie, 更新时间: unknown, 大小: 0.0 KB
[2026-01-27 01:54:36] ✅ 解析成功 - https://raw.githubusercontent.com/vke1011/LunaTV-config/901cdb0224b58e5c07dabb19b9eacf870689ebbf/jingjian.json - 作者: vke1011, 更新时间: unknown, 大小: 0.0 KB
[2026-01-27 01:54:36] ✅ 解析成功 - https://raw.githubusercontent.com/hafrey1/LunaTV-config/e80217a75df2632c405645ede43ff12f668c67a2/LunaTV-config.json - 作者: hafrey1, 更新时间: unknown, 大小: 0.0 KB
[2026-01-27 01:54:37] ✅ 解析成功 - https://raw.githubusercontent.com/kimballic/IPTV2/2ccf529d9877ad4d7cf48f54a67c6b462979abe4/20250823-json.json - 作者: kimballic, 更新时间: unknown, 大小: 0.0 KB
[2026-01-27 01:54:37] ✅ 解析成功 - https://raw.githubusercontent.com/Jonney111/jonney_clash/7277685840b1cbedbc2b55377acc81adff1d5745/moontv.json - 作者: Jonney111, 更新时间: unknown, 大小: 0.0 KB
[2026-01-27 01:54:37] ✅ 解析成功 - https://raw.githubusercontent.com/qianqikun/LunaTV-config/1560eee57dd916eb8358351801462bffe63f1542/jingjian.json - 作者: qianqikun, 更新时间: unknown, 大小: 0.0 KB
[2026-01-27 01:54:37] ✅ 解析成功 - https://raw.githubusercontent.com/samqin123/MoonTV/c0bba763d16fb5cd830a808d58329025337491cf/config.json - 作者: samqin123, 更新时间: unknown, 大小: 0.0 KB
[2026-01-27 01:54:37] ✅ 解析成功 - https://raw.githubusercontent.com/sk3879921/tvjson/3e5394dfbc292321326e218e7bc303716f3f5336/q.json - 作者: sk3879921, 更新时间: unknown, 大小: 0.0 KB
[2026-01-27 01:54:37] ✅ 解析成功 - https://raw.githubusercontent.com/adminlove520/Source-Collector/eb8cd8f5f7960600c8d3af01245b64029c6421e1/config_isadult.json - 作者: adminlove520, 更新时间: unknown, 大小: 0.0 KB
[2026-01-27 01:54:37] ✅ 解析成功 - https://raw.githubusercontent.com/yenkj/epg/150a6964ce03054e2174a922f6ba093a8ed28458/config0.json - 作者: yenkj, 更新时间: unknown, 大小: 0.0 KB
[2026-01-27 01:54:37] ✅ 解析成功 - https://raw.githubusercontent.com/yangbvv/yangbvv.github.io/e77c2d4d6c56a68002e13d681240984e2ee5e6e1/moontv.json - 作者: yangbvv, 更新时间: unknown, 大小: 0.0 KB
[2026-01-27 01:54:37] ✅ 解析成功 - https://raw.githubusercontent.com/Xylonium/TV-LIVE/4f60449f844f2a652bae6dd80fa0b08275832a7b/moon/lite.json - 作者: Xylonium, 更新时间: unknown, 大小: 0.0 KB
[2026-01-27 01:54:38] ✅ 解析成功 - https://raw.githubusercontent.com/lovevampplus/cfdata/45403886f8e64c3dd3412507ed72e222e90e5af3/moontv-config.json - 作者: lovevampplus, 更新时间: unknown, 大小: 0.0 KB
[2026-01-27 01:54:38] ✅ 解析成功 - https://raw.githubusercontent.com/oooopera/moontv_config/82b4b69324a66e60c0036c6864c071f827cb0bb1/config%E5%88%9D%E5%A7%8B.json - 作者: oooopera, 更新时间: unknown, 大小: 0.0 KB
[2026-01-27 01:54:38] ✅ 解析成功 - https://raw.githubusercontent.com/ISQIShI/MyResources/3f5e5e60738a3128029f788f17b4d4189bb779e8/TV%20Source.json - 作者: ISQIShI, 更新时间: unknown, 大小: 0.0 KB
[2026-01-27 01:54:38] ✅ 解析成功 - https://raw.githubusercontent.com/katelya77/KatelyaTV/fc78bb11c026285d1b66e841b227e6171574956c/config.example.json - 作者: katelya77, 更新时间: unknown, 大小: 0.0 KB
[2026-01-27 01:54:38] ✅ 解析成功 - https://raw.githubusercontent.com/PAICNI/Videos_PLUS/b51ff1521a1e77f17ad538ccfd3c100cc42e0663/MoonTV%E8%A7%86%E9%A2%91%E6%BA%90Plus%E7%89%88.json - 作者: PAICNI, 更新时间: unknown, 大小: 0.0 KB
[2026-01-27 01:54:38] ✅ 解析成功 - https://raw.githubusercontent.com/hanzhenya/hzyiptv/00923a1043db8e531f730912d565eb8619b5675f/config(%E8%80%81).json - 作者: hanzhenya, 更新时间: unknown, 大小: 0.0 KB
[2026-01-27 01:54:38] ✅ 解析成功 - https://raw.githubusercontent.com/chtsen/chtsen-cfcdn-file/4dcd0a4eb6ffe876fcc0532906f5603aa850d492/LunaTV/configz.json - 作者: chtsen, 更新时间: unknown, 大小: 0.0 KB
[2026-01-27 01:54:38] ✅ 解析成功 - https://raw.githubusercontent.com/macsur/livetv/3880610be369f43b91f85778d77b86f6688cb013/moontv.json - 作者: macsur, 更新时间: unknown, 大小: 0.0 KB
[2026-01-27 01:54:39] ✅ 解析成功 - https://raw.githubusercontent.com/Pundsup/Live/03f56bd3821c11d21031cd1af1a4db819dfee4a7/yszyby.json - 作者: Pundsup, 更新时间: unknown, 大小: 0.0 KB
[2026-01-27 01:54:39] ✅ 解析成功 - https://raw.githubusercontent.com/zhumengkang/edgeone-moontv/262ce332a93ba34966adb07761e7bfab8faab7bf/config.json - 作者: zhumengkang, 更新时间: unknown, 大小: 0.0 KB
[2026-01-27 01:54:39] ✅ 解析成功 - https://raw.githubusercontent.com/lyqnihao/m3u8/719c30115e56a42e21ac6d50191d3e3ada5d2330/MoonTV/config.json - 作者: lyqnihao, 更新时间: unknown, 大小: 0.0 KB
[2026-01-27 01:54:39] ✅ 解析成功 - https://raw.githubusercontent.com/viacooky/tv-box-sub/3f7188cb5f0b65903fb0bc5dc94b2128e8e6f021/2.json - 作者: viacooky, 更新时间: unknown, 大小: 0.0 KB
[2026-01-27 01:54:39] ✅ 解析成功 - https://raw.githubusercontent.com/616310/LunaTV-proxy/ad59d5763f4efd2294301cd96ff9804865ebb65c/config/default-config.json - 作者: 616310, 更新时间: unknown, 大小: 0.0 KB
[2026-01-28 01:50:26] ✅ 解析成功 - https://raw.githubusercontent.com/katelya77/KatelyaTV/fc78bb11c026285d1b66e841b227e6171574956c/config.json - 作者: katelya77, 更新时间: unknown, 大小: 0.0 KB
[2026-01-28 01:50:26] ✅ 解析成功 - https://raw.githubusercontent.com/gxnas/TvBox/d193af9b4c0de0fe5fc9d3a694be6e4cfe084af1/LunaTV.json - 作者: gxnas, 更新时间: unknown, 大小: 0.0 KB
[2026-01-28 01:50:26] ✅ 解析成功 - https://raw.githubusercontent.com/chat263/tvjson/45dbc00aebda1642a95c20be2b5a0bda61a60e78/m.json - 作者: chat263, 更新时间: unknown, 大小: 0.0 KB
[2026-01-28 01:50:26] ✅ 解析成功 - https://raw.githubusercontent.com/macsur/livetv/3880610be369f43b91f85778d77b86f6688cb013/moontv.json - 作者: macsur, 更新时间: unknown, 大小: 0.0 KB
[2026-01-28 01:50:26] ✅ 解析成功 - https://raw.githubusercontent.com/wokaotianshi123/wokaotianshi123.github.io/b88c5496c3163ed782d15abd0ce3ea358c318e46/luna20251027.json - 作者: wokaotianshi123, 更新时间: unknown, 大小: 0.0 KB
[2026-01-28 01:50:27] ✅ 解析成功 - https://raw.githubusercontent.com/oooopera/moontv_config/8c95d7364849dda4c87520b297d9223fb018f13b/config%E5%88%9D%E5%A7%8B.json - 作者: oooopera, 更新时间: unknown, 大小: 0.0 KB
[2026-01-28 01:50:27] ✅ 解析成功 - https://raw.githubusercontent.com/kimballic/IPTV2/2ccf529d9877ad4d7cf48f54a67c6b462979abe4/deepseek_json_20250822_55f9da.json - 作者: kimballic, 更新时间: unknown, 大小: 0.0 KB
[2026-01-28 01:50:27] ✅ 解析成功 - https://raw.githubusercontent.com/vke1011/LunaTV-config/14e8a6070740510344709f01f0d043995324a008/LunaTV-config.json - 作者: vke1011, 更新时间: unknown, 大小: 0.0 KB
[2026-01-28 01:50:27] ✅ 解析成功 - https://raw.githubusercontent.com/vodtv/api/1e1a9414c5b18fe2e1ccdb707071d100813a7b34/jin18.json - 作者: vodtv, 更新时间: unknown, 大小: 0.0 KB
[2026-01-28 01:50:27] ✅ 解析成功 - https://raw.githubusercontent.com/Xylonium/TV-LIVE/dd1d367275fdaa04f2541b3ac46074dfdca80591/moon/lite.json - 作者: Xylonium, 更新时间: unknown, 大小: 0.0 KB
[2026-01-28 01:50:27] ✅ 解析成功 - https://raw.githubusercontent.com/Nesciasnenion/helloworld/cbaa34b8af6af1d1efedfa2230fe41ba1e1996da/moontv-config-all.json - 作者: Nesciasnenion, 更新时间: unknown, 大小: 0.0 KB
[2026-01-28 01:50:27] ✅ 解析成功 - https://raw.githubusercontent.com/hafrey1/LunaTV-config/20c0c6d030fd55efb37a8060e620a3d7de26b42d/LunaTV-config.json - 作者: hafrey1, 更新时间: unknown, 大小: 0.0 KB
[2026-01-28 01:50:27] ✅ 解析成功 - https://raw.githubusercontent.com/gmep/tv9/6127c457056ccc27ccd8a1db84d5f8bc5c4cd6cc/config.json - 作者: gmep, 更新时间: unknown, 大小: 0.0 KB
[2026-01-28 01:50:28] ✅ 解析成功 - https://raw.githubusercontent.com/lovevampplus/cfdata/45403886f8e64c3dd3412507ed72e222e90e5af3/moontv-config.json - 作者: lovevampplus, 更新时间: unknown, 大小: 0.0 KB
[2026-01-28 01:50:28] ✅ 解析成功 - https://raw.githubusercontent.com/iphoneten/CNTV/77a30bc772c40da92aa73c207ca843ca59410545/config_backup.json - 作者: iphoneten, 更新时间: unknown, 大小: 0.0 KB
[2026-01-28 01:50:28] ✅ 解析成功 - https://raw.githubusercontent.com/yutian81/data-source/97c13655052a73d5f455801eed3d366b97acf3ce/OrionTV/config.json - 作者: yutian81, 更新时间: unknown, 大小: 0.0 KB
[2026-01-28 01:50:28] ✅ 解析成功 - https://raw.githubusercontent.com/ISQIShI/MyResources/3f5e5e60738a3128029f788f17b4d4189bb779e8/TV%20Source.json - 作者: ISQIShI, 更新时间: unknown, 大小: 0.0 KB
[2026-01-28 01:50:28] ✅ 解析成功 - https://raw.githubusercontent.com/wokaotianshi123/jgcj/23f7ba7e1b0c39f7932f1604c9dd261c9a844534/libretv.json - 作者: wokaotianshi123, 更新时间: unknown, 大小: 0.0 KB
[2026-01-28 01:50:28] ✅ 解析成功 - https://raw.githubusercontent.com/viacooky/tv-box-sub/3f7188cb5f0b65903fb0bc5dc94b2128e8e6f021/1.json - 作者: viacooky, 更新时间: unknown, 大小: 0.0 KB
[2026-01-28 01:50:28] ✅ 解析成功 - https://raw.githubusercontent.com/616310/LunaTV-proxy/ad59d5763f4efd2294301cd96ff9804865ebb65c/config/default-config.json - 作者: 616310, 更新时间: unknown, 大小: 0.0 KB
[2026-01-28 01:50:28] ✅ 解析成功 - https://raw.githubusercontent.com/jeffernn/joyflix/7ef1beeba1c6efe7e80a7dd33f28098446659e1b/config.json - 作者: jeffernn, 更新时间: unknown, 大小: 0.0 KB
[2026-01-28 01:50:29] ✅ 解析成功 - https://raw.githubusercontent.com/qianqikun/LunaTV-config/6f84d1f1f71fd430d74145cd91174afbe55c1deb/jin18.json - 作者: qianqikun, 更新时间: unknown, 大小: 0.0 KB
[2026-01-28 01:50:29] ✅ 解析成功 - https://raw.githubusercontent.com/Xylonium/TV-LIVE/dd1d367275fdaa04f2541b3ac46074dfdca80591/moon/LunaTV-config.json - 作者: Xylonium, 更新时间: unknown, 大小: 0.0 KB
[2026-01-28 01:50:29] ✅ 解析成功 - https://raw.githubusercontent.com/Pundsup/Live/03f56bd3821c11d21031cd1af1a4db819dfee4a7/yszyby.json - 作者: Pundsup, 更新时间: unknown, 大小: 0.0 KB
[2026-01-28 01:50:29] ✅ 解析成功 - https://raw.githubusercontent.com/samqin123/MoonTV/c0bba763d16fb5cd830a808d58329025337491cf/config.json - 作者: samqin123, 更新时间: unknown, 大小: 0.0 KB
[2026-01-28 01:50:29] ✅ 解析成功 - https://raw.githubusercontent.com/Mikephie/Script/1b9eb6e45058a821025ad718eeb178790d0a8516/config-2.json - 作者: Mikephie, 更新时间: unknown, 大小: 0.0 KB
[2026-01-28 01:50:29] ✅ 解析成功 - https://raw.githubusercontent.com/vke1011/LunaTV-config/14e8a6070740510344709f01f0d043995324a008/jin18.json - 作者: vke1011, 更新时间: unknown, 大小: 0.0 KB
[2026-01-28 01:50:29] ✅ 解析成功 - https://raw.githubusercontent.com/sk3879921/tvjson/3e5394dfbc292321326e218e7bc303716f3f5336/q.json - 作者: sk3879921, 更新时间: unknown, 大小: 0.0 KB
[2026-01-29 02:04:14] ✅ 解析成功 - https://raw.githubusercontent.com/katelya77/KatelyaTV/fc78bb11c026285d1b66e841b227e6171574956c/config.json - 作者: katelya77, 更新时间: unknown, 大小: 0.0 KB
[2026-01-29 02:04:14] ✅ 解析成功 - https://raw.githubusercontent.com/gxnas/TvBox/d193af9b4c0de0fe5fc9d3a694be6e4cfe084af1/LunaTV.json - 作者: gxnas, 更新时间: unknown, 大小: 0.0 KB
[2026-01-29 02:04:14] ✅ 解析成功 - https://raw.githubusercontent.com/chat263/tvjson/45dbc00aebda1642a95c20be2b5a0bda61a60e78/m.json - 作者: chat263, 更新时间: unknown, 大小: 0.0 KB
[2026-01-29 02:04:14] ✅ 解析成功 - https://raw.githubusercontent.com/macsur/livetv/3880610be369f43b91f85778d77b86f6688cb013/moontv.json - 作者: macsur, 更新时间: unknown, 大小: 0.0 KB
[2026-01-29 02:04:14] ✅ 解析成功 - https://raw.githubusercontent.com/wokaotianshi123/wokaotianshi123.github.io/b88c5496c3163ed782d15abd0ce3ea358c318e46/luna20251027.json - 作者: wokaotianshi123, 更新时间: unknown, 大小: 0.0 KB
[2026-01-29 02:04:15] ✅ 解析成功 - https://raw.githubusercontent.com/hafrey1/LunaTV-config/67fac3a679f81c06643cfe37a52bf9efe58154e4/jingjian.json - 作者: hafrey1, 更新时间: unknown, 大小: 0.0 KB
[2026-01-29 02:04:15] ✅ 解析成功 - https://raw.githubusercontent.com/ISQIShI/MyResources/3f5e5e60738a3128029f788f17b4d4189bb779e8/TV%20Source.json - 作者: ISQIShI, 更新时间: unknown, 大小: 0.0 KB
[2026-01-29 02:04:15] ✅ 解析成功 - https://raw.githubusercontent.com/vodtv/api/52d6a1b6f2f016355c5235fdeeff47ced57d5216/LunaTV-config.json - 作者: vodtv, 更新时间: unknown, 大小: 0.0 KB
[2026-01-29 02:04:15] ✅ 解析成功 - https://raw.githubusercontent.com/oooopera/moontv_config/995ceca14d698425f1aeffb4cfdf1921f0b3ab72/input.json - 作者: oooopera, 更新时间: unknown, 大小: 0.0 KB
[2026-01-29 02:04:15] ✅ 解析成功 - https://raw.githubusercontent.com/iphoneten/CNTV/77a30bc772c40da92aa73c207ca843ca59410545/config_backup.json - 作者: iphoneten, 更新时间: unknown, 大小: 0.0 KB
[2026-01-29 02:04:15] ✅ 解析成功 - https://raw.githubusercontent.com/sk3879921/tvjson/3e5394dfbc292321326e218e7bc303716f3f5336/q.json - 作者: sk3879921, 更新时间: unknown, 大小: 0.0 KB
[2026-01-29 02:04:15] ✅ 解析成功 - https://raw.githubusercontent.com/wokaotianshi123/jgcj/23f7ba7e1b0c39f7932f1604c9dd261c9a844534/libretv.json - 作者: wokaotianshi123, 更新时间: unknown, 大小: 0.0 KB
[2026-01-29 02:04:15] ✅ 解析成功 - https://raw.githubusercontent.com/lyqnihao/m3u8/719c30115e56a42e21ac6d50191d3e3ada5d2330/MoonTV/config.json - 作者: lyqnihao, 更新时间: unknown, 大小: 0.0 KB
[2026-01-29 02:04:16] ✅ 解析成功 - https://raw.githubusercontent.com/viacooky/tv-box-sub/3f7188cb5f0b65903fb0bc5dc94b2128e8e6f021/1.json - 作者: viacooky, 更新时间: unknown, 大小: 0.0 KB
[2026-01-29 02:04:16] ✅ 解析成功 - https://raw.githubusercontent.com/katelya77/KatelyaTV/fc78bb11c026285d1b66e841b227e6171574956c/config.example.json - 作者: katelya77, 更新时间: unknown, 大小: 0.0 KB
[2026-01-29 02:04:16] ✅ 解析成功 - https://raw.githubusercontent.com/hjdhnx/drpy-node/67704bf6731f8aedfd7f21b6556f9a2620f65bc7/scripts/mjs/moontv.json - 作者: hjdhnx, 更新时间: unknown, 大小: 0.0 KB
[2026-01-29 02:04:16] ✅ 解析成功 - https://raw.githubusercontent.com/Xylonium/TV-LIVE/dd1d367275fdaa04f2541b3ac46074dfdca80591/moon/lite.json - 作者: Xylonium, 更新时间: unknown, 大小: 0.0 KB
[2026-01-29 02:04:16] ✅ 解析成功 - https://raw.githubusercontent.com/hafrey1/LunaTV-config/67fac3a679f81c06643cfe37a52bf9efe58154e4/jin18.json - 作者: hafrey1, 更新时间: unknown, 大小: 0.0 KB
[2026-01-29 02:04:16] ✅ 解析成功 - https://raw.githubusercontent.com/qianqikun/LunaTV-config/ba721c3934d642d4fa0e53ead4e364ceaaed7fc2/jingjian.json - 作者: qianqikun, 更新时间: unknown, 大小: 0.0 KB
[2026-01-29 02:04:16] ✅ 解析成功 - https://raw.githubusercontent.com/Mikephie/Script/da6a47451d408dc266696ebe26fe16dfb232b2d3/config-2.json - 作者: Mikephie, 更新时间: unknown, 大小: 0.0 KB
[2026-01-29 02:04:17] ✅ 解析成功 - https://raw.githubusercontent.com/lovevampplus/cfdata/45403886f8e64c3dd3412507ed72e222e90e5af3/96.json - 作者: lovevampplus, 更新时间: unknown, 大小: 0.0 KB
[2026-01-29 02:04:17] ✅ 解析成功 - https://raw.githubusercontent.com/Pundsup/Live/03f56bd3821c11d21031cd1af1a4db819dfee4a7/yszyby.json - 作者: Pundsup, 更新时间: unknown, 大小: 0.0 KB
[2026-01-29 02:04:17] ✅ 解析成功 - https://raw.githubusercontent.com/lovevampplus/cfdata/45403886f8e64c3dd3412507ed72e222e90e5af3/moontv-config.json - 作者: lovevampplus, 更新时间: unknown, 大小: 0.0 KB
[2026-01-29 02:04:17] ✅ 解析成功 - https://raw.githubusercontent.com/adminlove520/Source-Collector/eb8cd8f5f7960600c8d3af01245b64029c6421e1/config_isadult.json - 作者: adminlove520, 更新时间: unknown, 大小: 0.0 KB
[2026-01-29 02:04:17] ✅ 解析成功 - https://raw.githubusercontent.com/qianqikun/LunaTV-config/ba721c3934d642d4fa0e53ead4e364ceaaed7fc2/jin18.json - 作者: qianqikun, 更新时间: unknown, 大小: 0.0 KB
[2026-01-29 02:04:17] ✅ 解析成功 - https://raw.githubusercontent.com/akabarki76/lunatv/ec5e94f002b71f0eec1b0961ca441ad998758893/config.json - 作者: akabarki76, 更新时间: unknown, 大小: 0.0 KB
[2026-01-29 02:04:17] ✅ 解析成功 - https://raw.githubusercontent.com/ltxxjs/box2022-1/b8e4728bc5d6c26c3fd1af626fd844c6eb8897fc/configplus_isadult.json - 作者: ltxxjs, 更新时间: unknown, 大小: 0.0 KB
[2026-01-29 02:04:17] ✅ 解析成功 - https://raw.githubusercontent.com/wokaotianshi123/wokaotianshi123.github.io/b88c5496c3163ed782d15abd0ce3ea358c318e46/moontv/config_2025-09-23.json - 作者: wokaotianshi123, 更新时间: unknown, 大小: 0.0 KB
[2026-01-30 02:04:37] ✅ 解析成功 - https://raw.githubusercontent.com/katelya77/KatelyaTV/fc78bb11c026285d1b66e841b227e6171574956c/config.json - 作者: katelya77, 更新时间: unknown, 大小: 0.0 KB
[2026-01-30 02:04:37] ✅ 解析成功 - https://raw.githubusercontent.com/gxnas/TvBox/d193af9b4c0de0fe5fc9d3a694be6e4cfe084af1/LunaTV.json - 作者: gxnas, 更新时间: unknown, 大小: 0.0 KB
[2026-01-30 02:04:37] ✅ 解析成功 - https://raw.githubusercontent.com/SCXSVIP/TV/e7bc32117505d2bda3b31ade3dc96114c6ce623c/MoonTV/MoonTV-xs.json - 作者: SCXSVIP, 更新时间: unknown, 大小: 0.0 KB
[2026-01-30 02:04:37] ✅ 解析成功 - https://raw.githubusercontent.com/hafrey1/LunaTV-config/896fd94ae7b8a7400d3d5ea0ec9ede43af82f8a8/jingjian.json - 作者: hafrey1, 更新时间: unknown, 大小: 0.0 KB
[2026-01-30 02:04:37] ✅ 解析成功 - https://raw.githubusercontent.com/mhq1389/lsegou/7cbbee54537334e668dd678fd8a8ef5efe6e0957/config.json - 作者: mhq1389, 更新时间: unknown, 大小: 0.0 KB
[2026-01-30 02:04:38] ✅ 解析成功 - https://raw.githubusercontent.com/qianqikun/LunaTV-config/ea3761679f105dfa2b9a8ab594cdc09b9c2f8ab7/jin18.json - 作者: qianqikun, 更新时间: unknown, 大小: 0.0 KB
[2026-01-30 02:04:38] ✅ 解析成功 - https://raw.githubusercontent.com/sk3879921/tvjson/3e5394dfbc292321326e218e7bc303716f3f5336/q.json - 作者: sk3879921, 更新时间: unknown, 大小: 0.0 KB
[2026-01-30 02:04:38] ✅ 解析成功 - https://raw.githubusercontent.com/lovevampplus/cfdata/45403886f8e64c3dd3412507ed72e222e90e5af3/moontv-config.json - 作者: lovevampplus, 更新时间: unknown, 大小: 0.0 KB
[2026-01-30 02:04:38] ✅ 解析成功 - https://raw.githubusercontent.com/Jonney111/jonney_clash/7277685840b1cbedbc2b55377acc81adff1d5745/moontv.json - 作者: Jonney111, 更新时间: unknown, 大小: 0.0 KB
[2026-01-30 02:04:38] ✅ 解析成功 - https://raw.githubusercontent.com/zhumengkang/edgeone-moontv/262ce332a93ba34966adb07761e7bfab8faab7bf/config.json - 作者: zhumengkang, 更新时间: unknown, 大小: 0.0 KB
[2026-01-30 02:04:39] ✅ 解析成功 - https://raw.githubusercontent.com/ISQIShI/MyResources/3f5e5e60738a3128029f788f17b4d4189bb779e8/TV%20Source.json - 作者: ISQIShI, 更新时间: unknown, 大小: 0.0 KB
[2026-01-30 02:04:39] ✅ 解析成功 - https://raw.githubusercontent.com/oooopera/moontv_config/1a2a3b2e7cd523a879432deebf5d6b6fbf207ea9/input.json - 作者: oooopera, 更新时间: unknown, 大小: 0.0 KB
[2026-01-30 02:04:39] ✅ 解析成功 - https://raw.githubusercontent.com/iphoneten/CNTV/77a30bc772c40da92aa73c207ca843ca59410545/config_backup.json - 作者: iphoneten, 更新时间: unknown, 大小: 0.0 KB
[2026-01-30 02:04:39] ✅ 解析成功 - https://raw.githubusercontent.com/Xylonium/TV-LIVE/dd1d367275fdaa04f2541b3ac46074dfdca80591/moon/lite18.json - 作者: Xylonium, 更新时间: unknown, 大小: 0.0 KB
[2026-01-30 02:04:39] ✅ 解析成功 - https://raw.githubusercontent.com/hafrey1/LunaTV-config/896fd94ae7b8a7400d3d5ea0ec9ede43af82f8a8/LunaTV-config.json - 作者: hafrey1, 更新时间: unknown, 大小: 0.0 KB
[2026-01-30 02:04:39] ✅ 解析成功 - https://raw.githubusercontent.com/PAICNI/Videos_PLUS/b51ff1521a1e77f17ad538ccfd3c100cc42e0663/MoonTV%E8%A7%86%E9%A2%91%E6%BA%90Plus%E7%89%88.json - 作者: PAICNI, 更新时间: unknown, 大小: 0.0 KB
[2026-01-30 02:04:40] ✅ 解析成功 - https://raw.githubusercontent.com/hanzhenya/hzyiptv/00923a1043db8e531f730912d565eb8619b5675f/config(%E8%80%81).json - 作者: hanzhenya, 更新时间: unknown, 大小: 0.0 KB
[2026-01-30 02:04:40] ✅ 解析成功 - https://raw.githubusercontent.com/vke1011/LunaTV-config/79451f7a9b3dc333d1754f302c7bddb594e1865b/LunaTV-config.json - 作者: vke1011, 更新时间: unknown, 大小: 0.0 KB
[2026-01-30 02:04:40] ✅ 解析成功 - https://raw.githubusercontent.com/yutian81/data-source/97c13655052a73d5f455801eed3d366b97acf3ce/OrionTV/config.json - 作者: yutian81, 更新时间: unknown, 大小: 0.0 KB
[2026-01-30 02:04:40] ✅ 解析成功 - https://raw.githubusercontent.com/hjdhnx/drpy-node/3dba0c790469c1434e4d722922d4ff7ecd2a1246/scripts/mjs/moontv.json - 作者: hjdhnx, 更新时间: unknown, 大小: 0.0 KB
[2026-01-30 02:04:40] ✅ 解析成功 - https://raw.githubusercontent.com/adminlove520/Source-Collector/eb8cd8f5f7960600c8d3af01245b64029c6421e1/config_isadult.json - 作者: adminlove520, 更新时间: unknown, 大小: 0.0 KB
[2026-01-30 02:04:41] ✅ 解析成功 - https://raw.githubusercontent.com/gxnas/TvBox/d193af9b4c0de0fe5fc9d3a694be6e4cfe084af1/20250823.json - 作者: gxnas, 更新时间: unknown, 大小: 0.0 KB
[2026-01-30 02:04:41] ✅ 解析成功 - https://raw.githubusercontent.com/Xylonium/TV-LIVE/dd1d367275fdaa04f2541b3ac46074dfdca80591/moon/lite.json - 作者: Xylonium, 更新时间: unknown, 大小: 0.0 KB
[2026-01-30 02:04:41] ✅ 解析成功 - https://raw.githubusercontent.com/Mikephie/Script/fe8155aadcfe3f1cc052a27f173595c7628e6593/config-3.json - 作者: Mikephie, 更新时间: unknown, 大小: 0.0 KB
[2026-01-30 02:04:41] ✅ 解析成功 - https://raw.githubusercontent.com/Mikephie/Script/fe8155aadcfe3f1cc052a27f173595c7628e6593/config-2.json - 作者: Mikephie, 更新时间: unknown, 大小: 0.0 KB
[2026-01-30 02:04:41] ✅ 解析成功 - https://raw.githubusercontent.com/jeffliub/MoonTV2/0a23fd92f0523ba828a445dfbe41f563eec65d66/config.json - 作者: jeffliub, 更新时间: unknown, 大小: 0.0 KB
[2026-01-30 02:04:42] ✅ 解析成功 - https://raw.githubusercontent.com/kimballic/IPTV2/2ccf529d9877ad4d7cf48f54a67c6b462979abe4/deepseek_json_20250822_55f9da.json - 作者: kimballic, 更新时间: unknown, 大小: 0.0 KB
[2026-01-30 02:04:42] ✅ 解析成功 - https://raw.githubusercontent.com/viacooky/tv-box-sub/3f7188cb5f0b65903fb0bc5dc94b2128e8e6f021/2.json - 作者: viacooky, 更新时间: unknown, 大小: 0.0 KB
[2026-01-30 02:04:42] ✅ 解析成功 - https://raw.githubusercontent.com/lovevampplus/cfdata/45403886f8e64c3dd3412507ed72e222e90e5af3/96.json - 作者: lovevampplus, 更新时间: unknown, 大小: 0.0 KB
[2026-01-31 02:00:23] ✅ 解析成功 - https://raw.githubusercontent.com/katelya77/KatelyaTV/fc78bb11c026285d1b66e841b227e6171574956c/config.json - 作者: katelya77, 更新时间: unknown, 大小: 0.0 KB
[2026-01-31 02:00:23] ✅ 解析成功 - https://raw.githubusercontent.com/gxnas/TvBox/d193af9b4c0de0fe5fc9d3a694be6e4cfe084af1/LunaTV.json - 作者: gxnas, 更新时间: unknown, 大小: 0.0 KB
[2026-01-31 02:00:23] ✅ 解析成功 - https://raw.githubusercontent.com/SCXSVIP/TV/e7bc32117505d2bda3b31ade3dc96114c6ce623c/MoonTV/MoonTV-xs.json - 作者: SCXSVIP, 更新时间: unknown, 大小: 0.0 KB
[2026-01-31 02:00:23] ✅ 解析成功 - https://raw.githubusercontent.com/hafrey1/LunaTV-config/f359ed701648aa5a928ba0d2e44820cfa9feca56/jingjian.json - 作者: hafrey1, 更新时间: unknown, 大小: 0.0 KB
[2026-01-31 02:00:24] ✅ 解析成功 - https://raw.githubusercontent.com/mhq1389/lsegou/7cbbee54537334e668dd678fd8a8ef5efe6e0957/config.json - 作者: mhq1389, 更新时间: unknown, 大小: 0.0 KB
[2026-01-31 02:00:24] ✅ 解析成功 - https://raw.githubusercontent.com/Mikephie/Script/cfae5579614ca0a23d89f8bd8cb5d351592e7d6d/config-3.json - 作者: Mikephie, 更新时间: unknown, 大小: 0.0 KB
[2026-01-31 02:00:24] ✅ 解析成功 - https://raw.githubusercontent.com/sk3879921/tvjson/3e5394dfbc292321326e218e7bc303716f3f5336/q.json - 作者: sk3879921, 更新时间: unknown, 大小: 0.0 KB
[2026-01-31 02:00:24] ✅ 解析成功 - https://raw.githubusercontent.com/iphoneten/CNTV/77a30bc772c40da92aa73c207ca843ca59410545/config_backup.json - 作者: iphoneten, 更新时间: unknown, 大小: 0.0 KB
[2026-01-31 02:00:24] ✅ 解析成功 - https://raw.githubusercontent.com/Jonney111/jonney_clash/7277685840b1cbedbc2b55377acc81adff1d5745/moontv.json - 作者: Jonney111, 更新时间: unknown, 大小: 0.0 KB
[2026-01-31 02:00:25] ✅ 解析成功 - https://raw.githubusercontent.com/samqin123/MoonTV/c0bba763d16fb5cd830a808d58329025337491cf/config.json - 作者: samqin123, 更新时间: unknown, 大小: 0.0 KB
[2026-01-31 02:00:25] ✅ 解析成功 - https://raw.githubusercontent.com/hanzhenya/hzyiptv/00923a1043db8e531f730912d565eb8619b5675f/config(%E8%80%81).json - 作者: hanzhenya, 更新时间: unknown, 大小: 0.0 KB
[2026-01-31 02:00:25] ✅ 解析成功 - https://raw.githubusercontent.com/Xylonium/TV-LIVE/dd1d367275fdaa04f2541b3ac46074dfdca80591/moon/LunaTV-config.json - 作者: Xylonium, 更新时间: unknown, 大小: 0.0 KB
[2026-01-31 02:00:25] ✅ 解析成功 - https://raw.githubusercontent.com/hjdhnx/drpy-node/02941ddfbeef8a790883c4ff2d427b84794d3aed/scripts/mjs/moontv.json - 作者: hjdhnx, 更新时间: unknown, 大小: 0.0 KB
[2026-01-31 02:00:25] ✅ 解析成功 - https://raw.githubusercontent.com/katelya77/KatelyaTV/fc78bb11c026285d1b66e841b227e6171574956c/config.example.json - 作者: katelya77, 更新时间: unknown, 大小: 0.0 KB
[2026-01-31 02:00:25] ✅ 解析成功 - https://raw.githubusercontent.com/wokaotianshi123/wokaotianshi123.github.io/b88c5496c3163ed782d15abd0ce3ea358c318e46/luna20251027.json - 作者: wokaotianshi123, 更新时间: unknown, 大小: 0.0 KB
[2026-01-31 02:00:26] ✅ 解析成功 - https://raw.githubusercontent.com/SeqCrafter/MyStaticFile/9b21e9d68e9efc31bc5f52a0647093def8a97699/MoonTV/config.json - 作者: SeqCrafter, 更新时间: unknown, 大小: 0.0 KB
[2026-01-31 02:00:26] ✅ 解析成功 - https://raw.githubusercontent.com/oooopera/moontv_config/bc27785156776a05bfb61bb797a3609d7d266826/input.json - 作者: oooopera, 更新时间: unknown, 大小: 0.0 KB
[2026-01-31 02:00:26] ✅ 解析成功 - https://raw.githubusercontent.com/akabarki76/lunatv/ec5e94f002b71f0eec1b0961ca441ad998758893/config.json - 作者: akabarki76, 更新时间: unknown, 大小: 0.0 KB
[2026-01-31 02:00:26] ✅ 解析成功 - https://raw.githubusercontent.com/macsur/livetv/3880610be369f43b91f85778d77b86f6688cb013/moontv.json - 作者: macsur, 更新时间: unknown, 大小: 0.0 KB
[2026-01-31 02:00:26] ✅ 解析成功 - https://raw.githubusercontent.com/chat263/tvjson/45dbc00aebda1642a95c20be2b5a0bda61a60e78/m.json - 作者: chat263, 更新时间: unknown, 大小: 0.0 KB
[2026-01-31 02:00:27] ✅ 解析成功 - https://raw.githubusercontent.com/wokaotianshi123/jgcj/987cdf73e182b35db9d286a5e9d7537d60047b9b/libretv.json - 作者: wokaotianshi123, 更新时间: unknown, 大小: 0.0 KB
[2026-01-31 02:00:27] ✅ 解析成功 - https://raw.githubusercontent.com/ISQIShI/MyResources/3f5e5e60738a3128029f788f17b4d4189bb779e8/TV%20Source.json - 作者: ISQIShI, 更新时间: unknown, 大小: 0.0 KB
[2026-01-31 02:00:27] ✅ 解析成功 - https://raw.githubusercontent.com/vke1011/LunaTV-config/bfb38136150d76faac11777e23723abdc703b5c8/jingjian.json - 作者: vke1011, 更新时间: unknown, 大小: 0.0 KB
[2026-01-31 02:00:27] ✅ 解析成功 - https://raw.githubusercontent.com/qianqikun/LunaTV-config/49430b011ff0e96f47354b466a646f567703059c/jin18.json - 作者: qianqikun, 更新时间: unknown, 大小: 0.0 KB
[2026-01-31 02:00:27] ✅ 解析成功 - https://raw.githubusercontent.com/adminlove520/Source-Collector/eb8cd8f5f7960600c8d3af01245b64029c6421e1/config_isadult.json - 作者: adminlove520, 更新时间: unknown, 大小: 0.0 KB
[2026-01-31 02:00:27] ✅ 解析成功 - https://raw.githubusercontent.com/viacooky/tv-box-sub/3f7188cb5f0b65903fb0bc5dc94b2128e8e6f021/2.json - 作者: viacooky, 更新时间: unknown, 大小: 0.0 KB
[2026-01-31 02:00:28] ✅ 解析成功 - https://raw.githubusercontent.com/ltxxjs/box2022-1/b8e4728bc5d6c26c3fd1af626fd844c6eb8897fc/configplus_isadult.json - 作者: ltxxjs, 更新时间: unknown, 大小: 0.0 KB
[2026-01-31 02:00:28] ✅ 解析成功 - https://raw.githubusercontent.com/kimballic/IPTV2/2ccf529d9877ad4d7cf48f54a67c6b462979abe4/deepseek_json_20250822_55f9da.json - 作者: kimballic, 更新时间: unknown, 大小: 0.0 KB
[2026-01-31 02:00:28] ✅ 解析成功 - https://raw.githubusercontent.com/lovevampplus/cfdata/45403886f8e64c3dd3412507ed72e222e90e5af3/moontv-config.json - 作者: lovevampplus, 更新时间: unknown, 大小: 0.0 KB
[2026-02-01 02:29:07] ✅ 解析成功 - https://raw.githubusercontent.com/katelya77/KatelyaTV/fc78bb11c026285d1b66e841b227e6171574956c/config.json - 作者: katelya77, 更新时间: unknown, 大小: 0.0 KB
[2026-02-01 02:29:07] ✅ 解析成功 - https://raw.githubusercontent.com/gxnas/TvBox/d193af9b4c0de0fe5fc9d3a694be6e4cfe084af1/LunaTV.json - 作者: gxnas, 更新时间: unknown, 大小: 0.0 KB
[2026-02-01 02:29:07] ✅ 解析成功 - https://raw.githubusercontent.com/SCXSVIP/TV/e7bc32117505d2bda3b31ade3dc96114c6ce623c/MoonTV/MoonTV-xs.json - 作者: SCXSVIP, 更新时间: unknown, 大小: 0.0 KB
[2026-02-01 02:29:07] ✅ 解析成功 - https://raw.githubusercontent.com/hafrey1/LunaTV-config/a5d286cb7660f7ff456800fb6b75502e8874cf7d/jingjian.json - 作者: hafrey1, 更新时间: unknown, 大小: 0.0 KB
[2026-02-01 02:29:08] ✅ 解析成功 - https://raw.githubusercontent.com/mhq1389/lsegou/7cbbee54537334e668dd678fd8a8ef5efe6e0957/config.json - 作者: mhq1389, 更新时间: unknown, 大小: 0.0 KB
[2026-02-01 02:29:08] ✅ 解析成功 - https://raw.githubusercontent.com/Mikephie/Script/b6fdf8b127663e8a57cca4d579ebf41576dc795d/config-3.json - 作者: Mikephie, 更新时间: unknown, 大小: 0.0 KB
[2026-02-01 02:29:08] ✅ 解析成功 - https://raw.githubusercontent.com/sk3879921/tvjson/3e5394dfbc292321326e218e7bc303716f3f5336/q.json - 作者: sk3879921, 更新时间: unknown, 大小: 0.0 KB
[2026-02-01 02:29:08] ✅ 解析成功 - https://raw.githubusercontent.com/ISQIShI/MyResources/3f5e5e60738a3128029f788f17b4d4189bb779e8/TV%20Source.json - 作者: ISQIShI, 更新时间: unknown, 大小: 0.0 KB
[2026-02-01 02:29:08] ✅ 解析成功 - https://raw.githubusercontent.com/Nesciasnenion/helloworld/cbaa34b8af6af1d1efedfa2230fe41ba1e1996da/moontv-config-all.json - 作者: Nesciasnenion, 更新时间: unknown, 大小: 0.0 KB
[2026-02-01 02:29:08] ✅ 解析成功 - https://raw.githubusercontent.com/kimballic/IPTV2/2ccf529d9877ad4d7cf48f54a67c6b462979abe4/deepseek_json_20250822_55f9da.json - 作者: kimballic, 更新时间: unknown, 大小: 0.0 KB
[2026-02-01 02:29:08] ✅ 解析成功 - https://raw.githubusercontent.com/macsur/livetv/3880610be369f43b91f85778d77b86f6688cb013/moontv.json - 作者: macsur, 更新时间: unknown, 大小: 0.0 KB
[2026-02-01 02:29:08] ✅ 解析成功 - https://raw.githubusercontent.com/vodtv/api/ad9844dd1376438da2c78733a6af67e6a5e54941/LunaTV-config.json - 作者: vodtv, 更新时间: unknown, 大小: 0.0 KB
[2026-02-01 02:29:08] ✅ 解析成功 - https://raw.githubusercontent.com/viacooky/tv-box-sub/3f7188cb5f0b65903fb0bc5dc94b2128e8e6f021/2.json - 作者: viacooky, 更新时间: unknown, 大小: 0.0 KB
[2026-02-01 02:29:08] ✅ 解析成功 - https://raw.githubusercontent.com/adminlove520/Source-Collector/eb8cd8f5f7960600c8d3af01245b64029c6421e1/config_isadult.json - 作者: adminlove520, 更新时间: unknown, 大小: 0.0 KB
[2026-02-01 02:29:09] ✅ 解析成功 - https://raw.githubusercontent.com/lyqnihao/m3u8/719c30115e56a42e21ac6d50191d3e3ada5d2330/MoonTV/config.json - 作者: lyqnihao, 更新时间: unknown, 大小: 0.0 KB
[2026-02-01 02:29:09] ✅ 解析成功 - https://raw.githubusercontent.com/lovevampplus/cfdata/45403886f8e64c3dd3412507ed72e222e90e5af3/moontv-config.json - 作者: lovevampplus, 更新时间: unknown, 大小: 0.0 KB
[2026-02-01 02:29:09] ✅ 解析成功 - https://raw.githubusercontent.com/chat263/tvjson/45dbc00aebda1642a95c20be2b5a0bda61a60e78/m.json - 作者: chat263, 更新时间: unknown, 大小: 0.0 KB
[2026-02-01 02:29:09] ✅ 解析成功 - https://raw.githubusercontent.com/oooopera/moontv_config/97d31bd9c64e760b36a296bb24279ebdda2dfd31/input.json - 作者: oooopera, 更新时间: unknown, 大小: 0.0 KB
[2026-02-01 02:29:09] ✅ 解析成功 - https://raw.githubusercontent.com/qianqikun/LunaTV-config/966e2b48fc0e9328973be191cde31fbd1ed718dd/jin18.json - 作者: qianqikun, 更新时间: unknown, 大小: 0.0 KB
[2026-02-01 02:29:09] ❌ JSON语法错误 - https://raw.githubusercontent.com/hafrey1/MoonTV1.1.1/614f381e5312d9821bd5fe058f9eed9426e96d23/config.json - Expecting value: line 151 column 1 (char 5001)
[2026-02-01 02:29:09] ✅ 解析成功 - https://raw.githubusercontent.com/Xylonium/TV-LIVE/dd1d367275fdaa04f2541b3ac46074dfdca80591/moon/xons.json - 作者: Xylonium, 更新时间: unknown, 大小: 0.0 KB
[2026-02-01 02:29:10] ✅ 解析成功 - https://raw.githubusercontent.com/hjdhnx/drpy-node/02941ddfbeef8a790883c4ff2d427b84794d3aed/scripts/mjs/moontv.json - 作者: hjdhnx, 更新时间: unknown, 大小: 0.0 KB
[2026-02-01 02:29:10] ✅ 解析成功 - https://raw.githubusercontent.com/iphoneten/CNTV/77a30bc772c40da92aa73c207ca843ca59410545/config_backup.json - 作者: iphoneten, 更新时间: unknown, 大小: 0.0 KB
[2026-02-01 02:29:10] ✅ 解析成功 - https://raw.githubusercontent.com/xqrock/openfile/ce1390a1ee92c61d572ffc5908c570f73c1c2c1c/config/vod.json - 作者: xqrock, 更新时间: unknown, 大小: 0.0 KB
[2026-02-01 02:29:10] ✅ 解析成功 - https://raw.githubusercontent.com/gmep/tv9/6127c457056ccc27ccd8a1db84d5f8bc5c4cd6cc/config.json - 作者: gmep, 更新时间: unknown, 大小: 0.0 KB
[2026-02-01 02:29:10] ✅ 解析成功 - https://raw.githubusercontent.com/iphoneten/CNTV/77a30bc772c40da92aa73c207ca843ca59410545/config.json - 作者: iphoneten, 更新时间: unknown, 大小: 0.0 KB
[2026-02-01 02:29:10] ✅ 解析成功 - https://raw.githubusercontent.com/ltxxjs/box2022-1/b8e4728bc5d6c26c3fd1af626fd844c6eb8897fc/configplus_isadult.json - 作者: ltxxjs, 更新时间: unknown, 大小: 0.0 KB
[2026-02-01 02:29:10] ✅ 解析成功 - https://raw.githubusercontent.com/yjh800307/yjh800307.github.io/58aba1927b628af1008d9c3278e743cd960238b5/moontv.json - 作者: yjh800307, 更新时间: unknown, 大小: 0.0 KB
[2026-02-01 02:29:10] ✅ 解析成功 - https://raw.githubusercontent.com/616310/LunaTV-proxy/ad59d5763f4efd2294301cd96ff9804865ebb65c/config/default-config.json - 作者: 616310, 更新时间: unknown, 大小: 0.0 KB
[2026-02-02 02:12:26] ✅ 解析成功 - https://raw.githubusercontent.com/katelya77/KatelyaTV/fc78bb11c026285d1b66e841b227e6171574956c/config.json - 作者: katelya77, 更新时间: unknown, 大小: 0.0 KB
[2026-02-02 02:12:26] ✅ 解析成功 - https://raw.githubusercontent.com/gxnas/TvBox/d193af9b4c0de0fe5fc9d3a694be6e4cfe084af1/LunaTV.json - 作者: gxnas, 更新时间: unknown, 大小: 0.0 KB
[2026-02-02 02:12:26] ✅ 解析成功 - https://raw.githubusercontent.com/SCXSVIP/TV/e7bc32117505d2bda3b31ade3dc96114c6ce623c/MoonTV/MoonTV-xs.json - 作者: SCXSVIP, 更新时间: unknown, 大小: 0.0 KB
[2026-02-02 02:12:26] ✅ 解析成功 - https://raw.githubusercontent.com/hafrey1/LunaTV-config/abf7933030eeea46afba8fd6158d77983d50d835/jingjian.json - 作者: hafrey1, 更新时间: unknown, 大小: 0.0 KB
[2026-02-02 02:12:26] ✅ 解析成功 - https://raw.githubusercontent.com/mhq1389/lsegou/7cbbee54537334e668dd678fd8a8ef5efe6e0957/config.json - 作者: mhq1389, 更新时间: unknown, 大小: 0.0 KB
[2026-02-02 02:12:27] ✅ 解析成功 - https://raw.githubusercontent.com/qianqikun/LunaTV-config/1283b7f7004fd3c28581c785dde3d2b32a23fb9e/jin18.json - 作者: qianqikun, 更新时间: unknown, 大小: 0.0 KB
[2026-02-02 02:12:27] ✅ 解析成功 - https://raw.githubusercontent.com/viacooky/tv-box-sub/3f7188cb5f0b65903fb0bc5dc94b2128e8e6f021/1.json - 作者: viacooky, 更新时间: unknown, 大小: 0.0 KB
[2026-02-02 02:12:27] ✅ 解析成功 - https://raw.githubusercontent.com/wokaotianshi123/jgcj/573518989b6378d55fcdabd8fb0573e08b51c5c1/libretv.json - 作者: wokaotianshi123, 更新时间: unknown, 大小: 0.0 KB
[2026-02-02 02:12:27] ✅ 解析成功 - https://raw.githubusercontent.com/Xylonium/TV-LIVE/741dc0a49a74996c3e4b215c4843c7fe0d7156b6/moon/LunaTV-config.json - 作者: Xylonium, 更新时间: unknown, 大小: 0.0 KB
[2026-02-02 02:12:27] ✅ 解析成功 - https://raw.githubusercontent.com/Nesciasnenion/helloworld/cbaa34b8af6af1d1efedfa2230fe41ba1e1996da/moontv-config-all.json - 作者: Nesciasnenion, 更新时间: unknown, 大小: 0.0 KB
[2026-02-02 02:12:27] ✅ 解析成功 - https://raw.githubusercontent.com/webshellren/XMoonTV/ef052045a4f7a3a10c5907da4d30e3a90984b03b/config.json - 作者: webshellren, 更新时间: unknown, 大小: 0.0 KB
[2026-02-02 02:12:28] ✅ 解析成功 - https://raw.githubusercontent.com/iphoneten/CNTV/77a30bc772c40da92aa73c207ca843ca59410545/config_backup.json - 作者: iphoneten, 更新时间: unknown, 大小: 0.0 KB
[2026-02-02 02:12:28] ✅ 解析成功 - https://raw.githubusercontent.com/hanzhenya/hzyiptv/00923a1043db8e531f730912d565eb8619b5675f/config(%E8%80%81).json - 作者: hanzhenya, 更新时间: unknown, 大小: 0.0 KB
[2026-02-02 02:12:28] ✅ 解析成功 - https://raw.githubusercontent.com/hjdhnx/drpy-node/02941ddfbeef8a790883c4ff2d427b84794d3aed/scripts/mjs/moontv.json - 作者: hjdhnx, 更新时间: unknown, 大小: 0.0 KB
[2026-02-02 02:12:28] ✅ 解析成功 - https://raw.githubusercontent.com/macsur/livetv/3880610be369f43b91f85778d77b86f6688cb013/moontv.json - 作者: macsur, 更新时间: unknown, 大小: 0.0 KB
[2026-02-02 02:12:28] ✅ 解析成功 - https://raw.githubusercontent.com/Mikephie/Script/515bf0a0bc5c0d1563ded67d61500e149e742926/config-2.json - 作者: Mikephie, 更新时间: unknown, 大小: 0.0 KB
[2026-02-02 02:12:28] ✅ 解析成功 - https://raw.githubusercontent.com/hafrey1/LunaTV-config/abf7933030eeea46afba8fd6158d77983d50d835/jin18.json - 作者: hafrey1, 更新时间: unknown, 大小: 0.0 KB
[2026-02-02 02:12:29] ✅ 解析成功 - https://raw.githubusercontent.com/lovevampplus/cfdata/45403886f8e64c3dd3412507ed72e222e90e5af3/moontv-config.json - 作者: lovevampplus, 更新时间: unknown, 大小: 0.0 KB
[2026-02-02 02:12:29] ✅ 解析成功 - https://raw.githubusercontent.com/jeffernn/joyflix/7ef1beeba1c6efe7e80a7dd33f28098446659e1b/config.json - 作者: jeffernn, 更新时间: unknown, 大小: 0.0 KB
[2026-02-02 02:12:29] ✅ 解析成功 - https://raw.githubusercontent.com/ISQIShI/MyResources/3f5e5e60738a3128029f788f17b4d4189bb779e8/TV%20Source.json - 作者: ISQIShI, 更新时间: unknown, 大小: 0.0 KB
[2026-02-02 02:12:29] ✅ 解析成功 - https://raw.githubusercontent.com/616310/LunaTV-proxy/ad59d5763f4efd2294301cd96ff9804865ebb65c/config/default-config.json - 作者: 616310, 更新时间: unknown, 大小: 0.0 KB
[2026-02-02 02:12:29] ✅ 解析成功 - https://raw.githubusercontent.com/ZhuBaiwan-oOZZXX/OuonnkiTV-Source/521bdfec384f89cee102e45f36dd6646fb12113a/tv_source/LunaTV/LunaTV-processed.json - 作者: ZhuBaiwan-oOZZXX, 更新时间: unknown, 大小: 0.0 KB
[2026-02-02 02:12:29] ✅ 解析成功 - https://raw.githubusercontent.com/adminlove520/Source-Collector/eb8cd8f5f7960600c8d3af01245b64029c6421e1/config_isadult.json - 作者: adminlove520, 更新时间: unknown, 大小: 0.0 KB
[2026-02-02 02:12:30] ✅ 解析成功 - https://raw.githubusercontent.com/Xylonium/TV-LIVE/741dc0a49a74996c3e4b215c4843c7fe0d7156b6/moon/xons.json - 作者: Xylonium, 更新时间: unknown, 大小: 0.0 KB
[2026-02-02 02:12:30] ✅ 解析成功 - https://raw.githubusercontent.com/chat263/tvjson/45dbc00aebda1642a95c20be2b5a0bda61a60e78/m.json - 作者: chat263, 更新时间: unknown, 大小: 0.0 KB
[2026-02-02 02:12:30] ✅ 解析成功 - https://raw.githubusercontent.com/yangbvv/yangbvv.github.io/e77c2d4d6c56a68002e13d681240984e2ee5e6e1/moontv.json - 作者: yangbvv, 更新时间: unknown, 大小: 0.0 KB
[2026-02-02 02:12:30] ✅ 解析成功 - https://raw.githubusercontent.com/Pundsup/Live/03f56bd3821c11d21031cd1af1a4db819dfee4a7/yszyby.json - 作者: Pundsup, 更新时间: unknown, 大小: 0.0 KB
[2026-02-02 02:12:30] ✅ 解析成功 - https://raw.githubusercontent.com/chtsen/chtsen-cfcdn-file/4dcd0a4eb6ffe876fcc0532906f5603aa850d492/LunaTV/configz.json - 作者: chtsen, 更新时间: unknown, 大小: 0.0 KB
[2026-02-02 02:12:30] ✅ 解析成功 - https://raw.githubusercontent.com/oooopera/moontv_config/279ca087c4547e5438c42c80ef8caea46f6551ac/config%E5%88%9D%E5%A7%8B.json - 作者: oooopera, 更新时间: unknown, 大小: 0.0 KB
[2026-02-02 02:12:31] ✅ 解析成功 - https://raw.githubusercontent.com/samqin123/MoonTV/c0bba763d16fb5cd830a808d58329025337491cf/config.json - 作者: samqin123, 更新时间: unknown, 大小: 0.0 KB
[2026-02-03 02:10:45] ✅ 解析成功 - https://raw.githubusercontent.com/katelya77/KatelyaTV/fc78bb11c026285d1b66e841b227e6171574956c/config.json - 作者: katelya77, 更新时间: unknown, 大小: 0.0 KB
[2026-02-03 02:10:45] ✅ 解析成功 - https://raw.githubusercontent.com/gxnas/TvBox/d193af9b4c0de0fe5fc9d3a694be6e4cfe084af1/LunaTV.json - 作者: gxnas, 更新时间: unknown, 大小: 0.0 KB
[2026-02-03 02:10:45] ✅ 解析成功 - https://raw.githubusercontent.com/SCXSVIP/TV/e7bc32117505d2bda3b31ade3dc96114c6ce623c/MoonTV/MoonTV-xs.json - 作者: SCXSVIP, 更新时间: unknown, 大小: 0.0 KB
[2026-02-03 02:10:45] ✅ 解析成功 - https://raw.githubusercontent.com/hafrey1/LunaTV-config/7f4ae69ad1dc42b4379f06ff63c5b4d4ae581e37/jingjian.json - 作者: hafrey1, 更新时间: unknown, 大小: 0.0 KB
[2026-02-03 02:10:45] ✅ 解析成功 - https://raw.githubusercontent.com/wokaotianshi123/wokaotianshi123.github.io/b88c5496c3163ed782d15abd0ce3ea358c318e46/moontv/config_2025-09-23.json - 作者: wokaotianshi123, 更新时间: unknown, 大小: 0.0 KB
[2026-02-03 02:10:45] ✅ 解析成功 - https://raw.githubusercontent.com/qianqikun/LunaTV-config/f7ff10a0d2e5b1b71341b158a49230b50cda541a/jin18.json - 作者: qianqikun, 更新时间: unknown, 大小: 0.0 KB
[2026-02-03 02:10:45] ✅ 解析成功 - https://raw.githubusercontent.com/viacooky/tv-box-sub/3f7188cb5f0b65903fb0bc5dc94b2128e8e6f021/1.json - 作者: viacooky, 更新时间: unknown, 大小: 0.0 KB
[2026-02-03 02:10:46] ✅ 解析成功 - https://raw.githubusercontent.com/iphoneten/CNTV/77a30bc772c40da92aa73c207ca843ca59410545/config_backup.json - 作者: iphoneten, 更新时间: unknown, 大小: 0.0 KB
[2026-02-03 02:10:46] ✅ 解析成功 - https://raw.githubusercontent.com/vke1011/LunaTV-config/b7169796948389046f85b2197b60c87baee809db/jingjian.json - 作者: vke1011, 更新时间: unknown, 大小: 0.0 KB
[2026-02-03 02:10:46] ✅ 解析成功 - https://raw.githubusercontent.com/PAICNI/Videos_PLUS/b51ff1521a1e77f17ad538ccfd3c100cc42e0663/MoonTV%E8%A7%86%E9%A2%91%E6%BA%90Plus%E7%89%88.json - 作者: PAICNI, 更新时间: unknown, 大小: 0.0 KB
[2026-02-03 02:10:46] ✅ 解析成功 - https://raw.githubusercontent.com/macsur/livetv/3880610be369f43b91f85778d77b86f6688cb013/moontv.json - 作者: macsur, 更新时间: unknown, 大小: 0.0 KB
[2026-02-03 02:10:46] ✅ 解析成功 - https://raw.githubusercontent.com/616310/LunaTV-proxy/ad59d5763f4efd2294301cd96ff9804865ebb65c/config/default-config.json - 作者: 616310, 更新时间: unknown, 大小: 0.0 KB
[2026-02-03 02:10:46] ✅ 解析成功 - https://raw.githubusercontent.com/ZhuBaiwan-oOZZXX/OuonnkiTV-Source/521bdfec384f89cee102e45f36dd6646fb12113a/tv_source/LunaTV/LunaTV-processed.json - 作者: ZhuBaiwan-oOZZXX, 更新时间: unknown, 大小: 0.0 KB
[2026-02-03 02:10:46] ✅ 解析成功 - https://raw.githubusercontent.com/Jonney111/jonney_clash/7277685840b1cbedbc2b55377acc81adff1d5745/moontv.json - 作者: Jonney111, 更新时间: unknown, 大小: 0.0 KB
[2026-02-03 02:10:46] ✅ 解析成功 - https://raw.githubusercontent.com/chat263/tvjson/45dbc00aebda1642a95c20be2b5a0bda61a60e78/m.json - 作者: chat263, 更新时间: unknown, 大小: 0.0 KB
[2026-02-03 02:10:47] ✅ 解析成功 - https://raw.githubusercontent.com/akabarki76/lunatv/ec5e94f002b71f0eec1b0961ca441ad998758893/config.json - 作者: akabarki76, 更新时间: unknown, 大小: 0.0 KB
[2026-02-03 02:10:47] ✅ 解析成功 - https://raw.githubusercontent.com/lovevampplus/cfdata/45403886f8e64c3dd3412507ed72e222e90e5af3/96.json - 作者: lovevampplus, 更新时间: unknown, 大小: 0.0 KB
[2026-02-03 02:10:47] ✅ 解析成功 - https://raw.githubusercontent.com/ISQIShI/MyResources/3f5e5e60738a3128029f788f17b4d4189bb779e8/TV%20Source.json - 作者: ISQIShI, 更新时间: unknown, 大小: 0.0 KB
[2026-02-03 02:10:47] ✅ 解析成功 - https://raw.githubusercontent.com/hafrey1/LunaTV-config/7f4ae69ad1dc42b4379f06ff63c5b4d4ae581e37/LunaTV-config.json - 作者: hafrey1, 更新时间: unknown, 大小: 0.0 KB
[2026-02-03 02:10:47] ✅ 解析成功 - https://raw.githubusercontent.com/ltxxjs/box2022-1/b8e4728bc5d6c26c3fd1af626fd844c6eb8897fc/configplus_isadult.json - 作者: ltxxjs, 更新时间: unknown, 大小: 0.0 KB
[2026-02-03 02:10:47] ✅ 解析成功 - https://raw.githubusercontent.com/Xylonium/TV-LIVE/741dc0a49a74996c3e4b215c4843c7fe0d7156b6/moon/lite18.json - 作者: Xylonium, 更新时间: unknown, 大小: 0.0 KB
[2026-02-03 02:10:47] ✅ 解析成功 - https://raw.githubusercontent.com/katelya77/KatelyaTV/fc78bb11c026285d1b66e841b227e6171574956c/config.example.json - 作者: katelya77, 更新时间: unknown, 大小: 0.0 KB
[2026-02-03 02:10:47] ✅ 解析成功 - https://raw.githubusercontent.com/yutian81/data-source/97c13655052a73d5f455801eed3d366b97acf3ce/OrionTV/config.json - 作者: yutian81, 更新时间: unknown, 大小: 0.0 KB
[2026-02-03 02:10:47] ✅ 解析成功 - https://raw.githubusercontent.com/Attiv/oriontv2/0c96b863bdf012b81f27cfeca03e3a7a1720d415/backend/src/config/config.json - 作者: Attiv, 更新时间: unknown, 大小: 0.0 KB
[2026-02-03 02:10:48] ✅ 解析成功 - https://raw.githubusercontent.com/oooopera/moontv_config/97eec1e1a4675c4d11e69a5bd4d5656b49fa2a6a/config%E5%88%9D%E5%A7%8B.json - 作者: oooopera, 更新时间: unknown, 大小: 0.0 KB
[2026-02-03 02:10:48] ✅ 解析成功 - https://raw.githubusercontent.com/jeffernn/joyflix/7ef1beeba1c6efe7e80a7dd33f28098446659e1b/config.json - 作者: jeffernn, 更新时间: unknown, 大小: 0.0 KB
[2026-02-03 02:10:48] ✅ 解析成功 - https://raw.githubusercontent.com/lyqnihao/m3u8/a71354e34c0c2201303080e3cd6e8c42ee17cbe9/MoonTV/config.json - 作者: lyqnihao, 更新时间: unknown, 大小: 0.0 KB
[2026-02-03 02:10:48] ✅ 解析成功 - https://raw.githubusercontent.com/bain66888/bcsub/dfb07c160416d46c514caaa1ad3587aeb9b335ed/config.json - 作者: bain66888, 更新时间: unknown, 大小: 0.0 KB
[2026-02-03 02:10:48] ✅ 解析成功 - https://raw.githubusercontent.com/mhq1389/lsegou/7cbbee54537334e668dd678fd8a8ef5efe6e0957/config.json - 作者: mhq1389, 更新时间: unknown, 大小: 0.0 KB
[2026-02-04 02:06:03] ✅ 解析成功 - https://raw.githubusercontent.com/katelya77/KatelyaTV/fc78bb11c026285d1b66e841b227e6171574956c/config.json - 作者: katelya77, 更新时间: unknown, 大小: 0.0 KB
[2026-02-04 02:06:03] ✅ 解析成功 - https://raw.githubusercontent.com/gxnas/TvBox/d193af9b4c0de0fe5fc9d3a694be6e4cfe084af1/LunaTV.json - 作者: gxnas, 更新时间: unknown, 大小: 0.0 KB
[2026-02-04 02:06:04] ✅ 解析成功 - https://raw.githubusercontent.com/SCXSVIP/TV/e7bc32117505d2bda3b31ade3dc96114c6ce623c/MoonTV/MoonTV-xs.json - 作者: SCXSVIP, 更新时间: unknown, 大小: 0.0 KB
[2026-02-04 02:06:04] ✅ 解析成功 - https://raw.githubusercontent.com/hafrey1/LunaTV-config/941d03af2f8f13436a25eb760e2793807be026c2/jingjian.json - 作者: hafrey1, 更新时间: unknown, 大小: 0.0 KB
[2026-02-04 02:06:04] ✅ 解析成功 - https://raw.githubusercontent.com/wokaotianshi123/wokaotianshi123.github.io/b88c5496c3163ed782d15abd0ce3ea358c318e46/moontv/config_2025-09-23.json - 作者: wokaotianshi123, 更新时间: unknown, 大小: 0.0 KB
[2026-02-04 02:06:04] ✅ 解析成功 - https://raw.githubusercontent.com/qianqikun/LunaTV-config/8f9cd3bcf10447d741a5ffec7279c6f9f8214fa7/jin18.json - 作者: qianqikun, 更新时间: unknown, 大小: 0.0 KB
[2026-02-04 02:06:04] ✅ 解析成功 - https://raw.githubusercontent.com/viacooky/tv-box-sub/3f7188cb5f0b65903fb0bc5dc94b2128e8e6f021/1.json - 作者: viacooky, 更新时间: unknown, 大小: 0.0 KB
[2026-02-04 02:06:04] ✅ 解析成功 - https://raw.githubusercontent.com/iphoneten/CNTV/77a30bc772c40da92aa73c207ca843ca59410545/config_backup.json - 作者: iphoneten, 更新时间: unknown, 大小: 0.0 KB
[2026-02-04 02:06:05] ✅ 解析成功 - https://raw.githubusercontent.com/vke1011/LunaTV-config/97671450262979a47e74ed260f0b7b6b959ceaf9/jingjian.json - 作者: vke1011, 更新时间: unknown, 大小: 0.0 KB
[2026-02-04 02:06:05] ✅ 解析成功 - https://raw.githubusercontent.com/PAICNI/Videos_PLUS/b51ff1521a1e77f17ad538ccfd3c100cc42e0663/MoonTV%E8%A7%86%E9%A2%91%E6%BA%90Plus%E7%89%88.json - 作者: PAICNI, 更新时间: unknown, 大小: 0.0 KB
[2026-02-04 02:06:05] ✅ 解析成功 - https://raw.githubusercontent.com/macsur/livetv/3880610be369f43b91f85778d77b86f6688cb013/moontv.json - 作者: macsur, 更新时间: unknown, 大小: 0.0 KB
[2026-02-04 02:06:05] ✅ 解析成功 - https://raw.githubusercontent.com/616310/LunaTV-proxy/ad59d5763f4efd2294301cd96ff9804865ebb65c/config/default-config.json - 作者: 616310, 更新时间: unknown, 大小: 0.0 KB
[2026-02-04 02:06:05] ✅ 解析成功 - https://raw.githubusercontent.com/ZhuBaiwan-oOZZXX/OuonnkiTV-Source/172cbeeb82a3c3d4b6dcac0eafcd3b8022c9533b/tv_source/LunaTV/LunaTV-processed.json - 作者: ZhuBaiwan-oOZZXX, 更新时间: unknown, 大小: 0.0 KB
[2026-02-04 02:06:06] ✅ 解析成功 - https://raw.githubusercontent.com/Jonney111/jonney_clash/7277685840b1cbedbc2b55377acc81adff1d5745/moontv.json - 作者: Jonney111, 更新时间: unknown, 大小: 0.0 KB
[2026-02-04 02:06:06] ✅ 解析成功 - https://raw.githubusercontent.com/chat263/tvjson/45dbc00aebda1642a95c20be2b5a0bda61a60e78/m.json - 作者: chat263, 更新时间: unknown, 大小: 0.0 KB
[2026-02-04 02:06:06] ✅ 解析成功 - https://raw.githubusercontent.com/akabarki76/lunatv/ec5e94f002b71f0eec1b0961ca441ad998758893/config.json - 作者: akabarki76, 更新时间: unknown, 大小: 0.0 KB
[2026-02-04 02:06:06] ✅ 解析成功 - https://raw.githubusercontent.com/lovevampplus/cfdata/e5a17be9b928c3756d059d3d794f84e524371f7f/96.json - 作者: lovevampplus, 更新时间: unknown, 大小: 0.0 KB
[2026-02-04 02:06:06] ✅ 解析成功 - https://raw.githubusercontent.com/ISQIShI/MyResources/3f5e5e60738a3128029f788f17b4d4189bb779e8/TV%20Source.json - 作者: ISQIShI, 更新时间: unknown, 大小: 0.0 KB
[2026-02-04 02:06:06] ✅ 解析成功 - https://raw.githubusercontent.com/hafrey1/LunaTV-config/941d03af2f8f13436a25eb760e2793807be026c2/LunaTV-config.json - 作者: hafrey1, 更新时间: unknown, 大小: 0.0 KB
[2026-02-04 02:06:07] ✅ 解析成功 - https://raw.githubusercontent.com/ltxxjs/box2022-1/b8e4728bc5d6c26c3fd1af626fd844c6eb8897fc/configplus_isadult.json - 作者: ltxxjs, 更新时间: unknown, 大小: 0.0 KB
[2026-02-04 02:06:07] ✅ 解析成功 - https://raw.githubusercontent.com/Xylonium/TV-LIVE/741dc0a49a74996c3e4b215c4843c7fe0d7156b6/moon/lite18.json - 作者: Xylonium, 更新时间: unknown, 大小: 0.0 KB
[2026-02-04 02:06:07] ✅ 解析成功 - https://raw.githubusercontent.com/katelya77/KatelyaTV/fc78bb11c026285d1b66e841b227e6171574956c/config.example.json - 作者: katelya77, 更新时间: unknown, 大小: 0.0 KB
[2026-02-04 02:06:07] ✅ 解析成功 - https://raw.githubusercontent.com/yutian81/data-source/97c13655052a73d5f455801eed3d366b97acf3ce/OrionTV/config.json - 作者: yutian81, 更新时间: unknown, 大小: 0.0 KB
[2026-02-04 02:06:07] ✅ 解析成功 - https://raw.githubusercontent.com/Attiv/oriontv2/0c96b863bdf012b81f27cfeca03e3a7a1720d415/backend/src/config/config.json - 作者: Attiv, 更新时间: unknown, 大小: 0.0 KB
[2026-02-04 02:06:07] ✅ 解析成功 - https://raw.githubusercontent.com/oooopera/moontv_config/ed70568a0046f313ca3211f4ab3438ea2bc9077e/config%E5%88%9D%E5%A7%8B.json - 作者: oooopera, 更新时间: unknown, 大小: 0.0 KB
[2026-02-04 02:06:08] ✅ 解析成功 - https://raw.githubusercontent.com/jeffernn/joyflix/7ef1beeba1c6efe7e80a7dd33f28098446659e1b/config.json - 作者: jeffernn, 更新时间: unknown, 大小: 0.0 KB
[2026-02-04 02:06:08] ✅ 解析成功 - https://raw.githubusercontent.com/lyqnihao/m3u8/a71354e34c0c2201303080e3cd6e8c42ee17cbe9/MoonTV/config.json - 作者: lyqnihao, 更新时间: unknown, 大小: 0.0 KB
[2026-02-04 02:06:08] ✅ 解析成功 - https://raw.githubusercontent.com/bain66888/bcsub/dfb07c160416d46c514caaa1ad3587aeb9b335ed/config.json - 作者: bain66888, 更新时间: unknown, 大小: 0.0 KB
[2026-02-04 02:06:08] ✅ 解析成功 - https://raw.githubusercontent.com/mhq1389/lsegou/7cbbee54537334e668dd678fd8a8ef5efe6e0957/config.json - 作者: mhq1389, 更新时间: unknown, 大小: 0.0 KB
[2026-02-05 02:07:03] ✅ 解析成功 - https://raw.githubusercontent.com/katelya77/KatelyaTV/fc78bb11c026285d1b66e841b227e6171574956c/config.json - 作者: katelya77, 更新时间: unknown, 大小: 0.0 KB
[2026-02-05 02:07:03] ✅ 解析成功 - https://raw.githubusercontent.com/gxnas/TvBox/d193af9b4c0de0fe5fc9d3a694be6e4cfe084af1/LunaTV.json - 作者: gxnas, 更新时间: unknown, 大小: 0.0 KB
[2026-02-05 02:07:04] ✅ 解析成功 - https://raw.githubusercontent.com/SCXSVIP/TV/e7bc32117505d2bda3b31ade3dc96114c6ce623c/MoonTV/MoonTV-xs.json - 作者: SCXSVIP, 更新时间: unknown, 大小: 0.0 KB
[2026-02-05 02:07:04] ✅ 解析成功 - https://raw.githubusercontent.com/hafrey1/LunaTV-config/15a45e874a252fdc4d6d98e7762d563548dbfecd/jingjian.json - 作者: hafrey1, 更新时间: unknown, 大小: 0.0 KB
[2026-02-05 02:07:04] ✅ 解析成功 - https://raw.githubusercontent.com/wokaotianshi123/wokaotianshi123.github.io/b88c5496c3163ed782d15abd0ce3ea358c318e46/moontv/config_2025-09-23.json - 作者: wokaotianshi123, 更新时间: unknown, 大小: 0.0 KB
[2026-02-05 02:07:04] ✅ 解析成功 - https://raw.githubusercontent.com/qianqikun/LunaTV-config/3a6e1845d0740fd3e36f6d7235d9b346970858fe/jin18.json - 作者: qianqikun, 更新时间: unknown, 大小: 0.0 KB
[2026-02-05 02:07:04] ✅ 解析成功 - https://raw.githubusercontent.com/sk3879921/tvjson/3e5394dfbc292321326e218e7bc303716f3f5336/q.json - 作者: sk3879921, 更新时间: unknown, 大小: 0.0 KB
[2026-02-05 02:07:05] ✅ 解析成功 - https://raw.githubusercontent.com/lovevampplus/cfdata/e5a17be9b928c3756d059d3d794f84e524371f7f/moontv-config.json - 作者: lovevampplus, 更新时间: unknown, 大小: 0.0 KB
[2026-02-05 02:07:05] ✅ 解析成功 - https://raw.githubusercontent.com/akabarki76/lunatv/ec5e94f002b71f0eec1b0961ca441ad998758893/config.json - 作者: akabarki76, 更新时间: unknown, 大小: 0.0 KB
[2026-02-05 02:07:05] ✅ 解析成功 - https://raw.githubusercontent.com/hanzhenya/hzyiptv/00923a1043db8e531f730912d565eb8619b5675f/config(%E8%80%81).json - 作者: hanzhenya, 更新时间: unknown, 大小: 0.0 KB
[2026-02-05 02:07:05] ✅ 解析成功 - https://raw.githubusercontent.com/yjh800307/yjh800307.github.io/58aba1927b628af1008d9c3278e743cd960238b5/moontv.json - 作者: yjh800307, 更新时间: unknown, 大小: 0.0 KB
[2026-02-05 02:07:06] ✅ 解析成功 - https://raw.githubusercontent.com/Xylonium/TV-LIVE/741dc0a49a74996c3e4b215c4843c7fe0d7156b6/moon/LunaTV-config.json - 作者: Xylonium, 更新时间: unknown, 大小: 0.0 KB
[2026-02-05 02:07:06] ✅ 解析成功 - https://raw.githubusercontent.com/iphoneten/CNTV/77a30bc772c40da92aa73c207ca843ca59410545/config_backup.json - 作者: iphoneten, 更新时间: unknown, 大小: 0.0 KB
[2026-02-05 02:07:06] ✅ 解析成功 - https://raw.githubusercontent.com/oooopera/moontv_config/68ca0ff0c03ba957ad8f796eae4c6f6a47c41110/config%E5%88%9D%E5%A7%8B.json - 作者: oooopera, 更新时间: unknown, 大小: 0.0 KB
[2026-02-05 02:07:06] ✅ 解析成功 - https://raw.githubusercontent.com/Nesciasnenion/helloworld/cbaa34b8af6af1d1efedfa2230fe41ba1e1996da/moontv-config-all.json - 作者: Nesciasnenion, 更新时间: unknown, 大小: 0.0 KB
[2026-02-05 02:07:06] ✅ 解析成功 - https://raw.githubusercontent.com/hjdhnx/drpy-node/02941ddfbeef8a790883c4ff2d427b84794d3aed/scripts/mjs/moontv.json - 作者: hjdhnx, 更新时间: unknown, 大小: 0.0 KB
[2026-02-05 02:07:06] ✅ 解析成功 - https://raw.githubusercontent.com/PAICNI/Videos_PLUS/b51ff1521a1e77f17ad538ccfd3c100cc42e0663/MoonTV%E8%A7%86%E9%A2%91%E6%BA%90Plus%E7%89%88.json - 作者: PAICNI, 更新时间: unknown, 大小: 0.0 KB
[2026-02-05 02:07:07] ✅ 解析成功 - https://raw.githubusercontent.com/macsur/livetv/3880610be369f43b91f85778d77b86f6688cb013/moontv.json - 作者: macsur, 更新时间: unknown, 大小: 0.0 KB
[2026-02-05 02:07:07] ✅ 解析成功 - https://raw.githubusercontent.com/Pundsup/Live/03f56bd3821c11d21031cd1af1a4db819dfee4a7/yszyby.json - 作者: Pundsup, 更新时间: unknown, 大小: 0.0 KB
[2026-02-05 02:07:07] ✅ 解析成功 - https://raw.githubusercontent.com/vke1011/LunaTV-config/cdc039c95d4b0d13f588e296d4f3b66a0d89049c/jingjian.json - 作者: vke1011, 更新时间: unknown, 大小: 0.0 KB
[2026-02-05 02:07:07] ✅ 解析成功 - https://raw.githubusercontent.com/Mikephie/Script/9318480a2f88d9068027aa8a53cd2ecad6566566/config-2.json - 作者: Mikephie, 更新时间: unknown, 大小: 0.0 KB
[2026-02-05 02:07:07] ✅ 解析成功 - https://raw.githubusercontent.com/kimballic/IPTV2/2ccf529d9877ad4d7cf48f54a67c6b462979abe4/20250823-json.json - 作者: kimballic, 更新时间: unknown, 大小: 0.0 KB
[2026-02-05 02:07:08] ❌ JSON语法错误 - https://raw.githubusercontent.com/hafrey1/MoonTV1.1.1/614f381e5312d9821bd5fe058f9eed9426e96d23/config.json - Expecting value: line 151 column 1 (char 5001)
[2026-02-05 02:07:08] ✅ 解析成功 - https://raw.githubusercontent.com/mhq1389/lsegou/7cbbee54537334e668dd678fd8a8ef5efe6e0957/config.json - 作者: mhq1389, 更新时间: unknown, 大小: 0.0 KB
[2026-02-05 02:07:08] ✅ 解析成功 - https://raw.githubusercontent.com/jiujiusadadas/MoonTV/af55f5748a205558970424f4ddd968044fc4b997/config.json - 作者: jiujiusadadas, 更新时间: unknown, 大小: 0.0 KB
[2026-02-05 02:07:08] ✅ 解析成功 - https://raw.githubusercontent.com/viacooky/tv-box-sub/3f7188cb5f0b65903fb0bc5dc94b2128e8e6f021/2.json - 作者: viacooky, 更新时间: unknown, 大小: 0.0 KB
[2026-02-05 02:07:08] ✅ 解析成功 - https://raw.githubusercontent.com/yutian81/data-source/97c13655052a73d5f455801eed3d366b97acf3ce/OrionTV/config.json - 作者: yutian81, 更新时间: unknown, 大小: 0.0 KB
[2026-02-05 02:07:08] ✅ 解析成功 - https://raw.githubusercontent.com/lovevampplus/cfdata/e5a17be9b928c3756d059d3d794f84e524371f7f/96.json - 作者: lovevampplus, 更新时间: unknown, 大小: 0.0 KB
[2026-02-05 02:07:09] ✅ 解析成功 - https://raw.githubusercontent.com/lyqnihao/m3u8/a71354e34c0c2201303080e3cd6e8c42ee17cbe9/MoonTV/config.json - 作者: lyqnihao, 更新时间: unknown, 大小: 0.0 KB
[2026-02-06 02:07:07] ✅ 解析成功 - https://raw.githubusercontent.com/katelya77/KatelyaTV/fc78bb11c026285d1b66e841b227e6171574956c/config.json - 作者: katelya77, 更新时间: unknown, 大小: 0.0 KB
[2026-02-06 02:07:07] ✅ 解析成功 - https://raw.githubusercontent.com/gxnas/TvBox/d193af9b4c0de0fe5fc9d3a694be6e4cfe084af1/LunaTV.json - 作者: gxnas, 更新时间: unknown, 大小: 0.0 KB
[2026-02-06 02:07:07] ✅ 解析成功 - https://raw.githubusercontent.com/SCXSVIP/TV/e7bc32117505d2bda3b31ade3dc96114c6ce623c/MoonTV/MoonTV-xs.json - 作者: SCXSVIP, 更新时间: unknown, 大小: 0.0 KB
[2026-02-06 02:07:07] ✅ 解析成功 - https://raw.githubusercontent.com/hafrey1/LunaTV-config/5250d81cd9a2ad3c07fd43e35c336e09f191281f/jingjian.json - 作者: hafrey1, 更新时间: unknown, 大小: 0.0 KB
[2026-02-06 02:07:07] ✅ 解析成功 - https://raw.githubusercontent.com/wokaotianshi123/wokaotianshi123.github.io/b88c5496c3163ed782d15abd0ce3ea358c318e46/moontv/config_2025-09-23.json - 作者: wokaotianshi123, 更新时间: unknown, 大小: 0.0 KB
[2026-02-06 02:07:07] ✅ 解析成功 - https://raw.githubusercontent.com/qianqikun/LunaTV-config/c140e3d95fd0275265b0543418b4749202e781c8/jin18.json - 作者: qianqikun, 更新时间: unknown, 大小: 0.0 KB
[2026-02-06 02:07:08] ✅ 解析成功 - https://raw.githubusercontent.com/sk3879921/tvjson/3e5394dfbc292321326e218e7bc303716f3f5336/q.json - 作者: sk3879921, 更新时间: unknown, 大小: 0.0 KB
[2026-02-06 02:07:08] ✅ 解析成功 - https://raw.githubusercontent.com/lovevampplus/cfdata/e5a17be9b928c3756d059d3d794f84e524371f7f/moontv-config.json - 作者: lovevampplus, 更新时间: unknown, 大小: 0.0 KB
[2026-02-06 02:07:08] ✅ 解析成功 - https://raw.githubusercontent.com/akabarki76/lunatv/ec5e94f002b71f0eec1b0961ca441ad998758893/config.json - 作者: akabarki76, 更新时间: unknown, 大小: 0.0 KB
[2026-02-06 02:07:08] ✅ 解析成功 - https://raw.githubusercontent.com/hanzhenya/hzyiptv/00923a1043db8e531f730912d565eb8619b5675f/config(%E8%80%81).json - 作者: hanzhenya, 更新时间: unknown, 大小: 0.0 KB
[2026-02-06 02:07:09] ✅ 解析成功 - https://raw.githubusercontent.com/yjh800307/yjh800307.github.io/58aba1927b628af1008d9c3278e743cd960238b5/moontv.json - 作者: yjh800307, 更新时间: unknown, 大小: 0.0 KB
[2026-02-06 02:07:09] ✅ 解析成功 - https://raw.githubusercontent.com/Xylonium/TV-LIVE/741dc0a49a74996c3e4b215c4843c7fe0d7156b6/moon/LunaTV-config.json - 作者: Xylonium, 更新时间: unknown, 大小: 0.0 KB
[2026-02-06 02:07:09] ✅ 解析成功 - https://raw.githubusercontent.com/iphoneten/CNTV/77a30bc772c40da92aa73c207ca843ca59410545/config_backup.json - 作者: iphoneten, 更新时间: unknown, 大小: 0.0 KB
[2026-02-06 02:07:10] ✅ 解析成功 - https://raw.githubusercontent.com/oooopera/moontv_config/ed9a0377c6d1b7f8db76bc24726da67949ae8f72/config%E5%88%9D%E5%A7%8B.json - 作者: oooopera, 更新时间: unknown, 大小: 0.0 KB
[2026-02-06 02:07:10] ✅ 解析成功 - https://raw.githubusercontent.com/Nesciasnenion/helloworld/cbaa34b8af6af1d1efedfa2230fe41ba1e1996da/moontv-config-all.json - 作者: Nesciasnenion, 更新时间: unknown, 大小: 0.0 KB
[2026-02-06 02:07:10] ✅ 解析成功 - https://raw.githubusercontent.com/hjdhnx/drpy-node/02941ddfbeef8a790883c4ff2d427b84794d3aed/scripts/mjs/moontv.json - 作者: hjdhnx, 更新时间: unknown, 大小: 0.0 KB
[2026-02-06 02:07:10] ✅ 解析成功 - https://raw.githubusercontent.com/616310/LunaTV-proxy/ad59d5763f4efd2294301cd96ff9804865ebb65c/config/default-config.json - 作者: 616310, 更新时间: unknown, 大小: 0.0 KB
[2026-02-06 02:07:11] ✅ 解析成功 - https://raw.githubusercontent.com/macsur/livetv/3880610be369f43b91f85778d77b86f6688cb013/moontv.json - 作者: macsur, 更新时间: unknown, 大小: 0.0 KB
[2026-02-06 02:07:11] ✅ 解析成功 - https://raw.githubusercontent.com/Pundsup/Live/03f56bd3821c11d21031cd1af1a4db819dfee4a7/yszyby.json - 作者: Pundsup, 更新时间: unknown, 大小: 0.0 KB
[2026-02-06 02:07:11] ✅ 解析成功 - https://raw.githubusercontent.com/vke1011/LunaTV-config/cdc039c95d4b0d13f588e296d4f3b66a0d89049c/jingjian.json - 作者: vke1011, 更新时间: unknown, 大小: 0.0 KB
[2026-02-06 02:07:11] ✅ 解析成功 - https://raw.githubusercontent.com/Mikephie/Script/12b607679e5094be781b2dfad6785ce233c3bcb9/config-2.json - 作者: Mikephie, 更新时间: unknown, 大小: 0.0 KB
[2026-02-06 02:07:11] ✅ 解析成功 - https://raw.githubusercontent.com/kimballic/IPTV2/2ccf529d9877ad4d7cf48f54a67c6b462979abe4/20250823-json.json - 作者: kimballic, 更新时间: unknown, 大小: 0.0 KB
[2026-02-06 02:07:12] ❌ JSON语法错误 - https://raw.githubusercontent.com/hafrey1/MoonTV1.1.1/614f381e5312d9821bd5fe058f9eed9426e96d23/config.json - Expecting value: line 151 column 1 (char 5001)
[2026-02-06 02:07:12] ✅ 解析成功 - https://raw.githubusercontent.com/mhq1389/lsegou/7cbbee54537334e668dd678fd8a8ef5efe6e0957/config.json - 作者: mhq1389, 更新时间: unknown, 大小: 0.0 KB
[2026-02-06 02:07:12] ✅ 解析成功 - https://raw.githubusercontent.com/jiujiusadadas/MoonTV/af55f5748a205558970424f4ddd968044fc4b997/config.json - 作者: jiujiusadadas, 更新时间: unknown, 大小: 0.0 KB
[2026-02-06 02:07:12] ✅ 解析成功 - https://raw.githubusercontent.com/viacooky/tv-box-sub/3f7188cb5f0b65903fb0bc5dc94b2128e8e6f021/2.json - 作者: viacooky, 更新时间: unknown, 大小: 0.0 KB
[2026-02-06 02:07:13] ✅ 解析成功 - https://raw.githubusercontent.com/haogege8888/KatelyaTV/e58837e6b5dcc4d7d112e05e1d9bda3e9b3bf992/config.json - 作者: haogege8888, 更新时间: unknown, 大小: 0.0 KB
[2026-02-06 02:07:13] ✅ 解析成功 - https://raw.githubusercontent.com/lovevampplus/cfdata/e5a17be9b928c3756d059d3d794f84e524371f7f/96.json - 作者: lovevampplus, 更新时间: unknown, 大小: 0.0 KB
[2026-02-07 02:02:35] ✅ 解析成功 - https://raw.githubusercontent.com/katelya77/KatelyaTV/fc78bb11c026285d1b66e841b227e6171574956c/config.json - 作者: katelya77, 更新时间: unknown, 大小: 0.0 KB
[2026-02-07 02:02:35] ✅ 解析成功 - https://raw.githubusercontent.com/gxnas/TvBox/d193af9b4c0de0fe5fc9d3a694be6e4cfe084af1/LunaTV.json - 作者: gxnas, 更新时间: unknown, 大小: 0.0 KB
[2026-02-07 02:02:35] ✅ 解析成功 - https://raw.githubusercontent.com/SCXSVIP/TV/e7bc32117505d2bda3b31ade3dc96114c6ce623c/MoonTV/MoonTV-xs.json - 作者: SCXSVIP, 更新时间: unknown, 大小: 0.0 KB
[2026-02-07 02:02:36] ✅ 解析成功 - https://raw.githubusercontent.com/hafrey1/LunaTV-config/fa1fe700c787b0148fd7ca016db1172744973a02/jingjian.json - 作者: hafrey1, 更新时间: unknown, 大小: 0.0 KB
[2026-02-07 02:02:36] ✅ 解析成功 - https://raw.githubusercontent.com/wokaotianshi123/wokaotianshi123.github.io/b88c5496c3163ed782d15abd0ce3ea358c318e46/moontv/config_2025-09-23.json - 作者: wokaotianshi123, 更新时间: unknown, 大小: 0.0 KB
[2026-02-07 02:02:36] ✅ 解析成功 - https://raw.githubusercontent.com/qianqikun/LunaTV-config/6dfb7ec817b578a460adb448d854bded8b38df23/jin18.json - 作者: qianqikun, 更新时间: unknown, 大小: 0.0 KB
[2026-02-07 02:02:36] ✅ 解析成功 - https://raw.githubusercontent.com/sk3879921/tvjson/3e5394dfbc292321326e218e7bc303716f3f5336/q.json - 作者: sk3879921, 更新时间: unknown, 大小: 0.0 KB
[2026-02-07 02:02:36] ✅ 解析成功 - https://raw.githubusercontent.com/lovevampplus/cfdata/e5a17be9b928c3756d059d3d794f84e524371f7f/moontv-config.json - 作者: lovevampplus, 更新时间: unknown, 大小: 0.0 KB
[2026-02-07 02:02:37] ✅ 解析成功 - https://raw.githubusercontent.com/akabarki76/lunatv/ec5e94f002b71f0eec1b0961ca441ad998758893/config.json - 作者: akabarki76, 更新时间: unknown, 大小: 0.0 KB
[2026-02-07 02:02:37] ✅ 解析成功 - https://raw.githubusercontent.com/hanzhenya/hzyiptv/00923a1043db8e531f730912d565eb8619b5675f/config(%E8%80%81).json - 作者: hanzhenya, 更新时间: unknown, 大小: 0.0 KB
[2026-02-07 02:02:37] ✅ 解析成功 - https://raw.githubusercontent.com/ltxxjs/box2022-1/b8e4728bc5d6c26c3fd1af626fd844c6eb8897fc/configplus_isadult.json - 作者: ltxxjs, 更新时间: unknown, 大小: 0.0 KB
[2026-02-07 02:02:37] ✅ 解析成功 - https://raw.githubusercontent.com/hjdhnx/drpy-node/02941ddfbeef8a790883c4ff2d427b84794d3aed/scripts/mjs/moontv.json - 作者: hjdhnx, 更新时间: unknown, 大小: 0.0 KB
[2026-02-07 02:02:37] ✅ 解析成功 - https://raw.githubusercontent.com/ZhuBaiwan-oOZZXX/OuonnkiTV-Source/328619cb95189a8450d0d42031d8c1ea3ce05c8e/tv_source/LunaTV/LunaTV-processed.json - 作者: ZhuBaiwan-oOZZXX, 更新时间: unknown, 大小: 0.0 KB
[2026-02-07 02:02:37] ✅ 解析成功 - https://raw.githubusercontent.com/Xylonium/TV-LIVE/741dc0a49a74996c3e4b215c4843c7fe0d7156b6/moon/LunaTV-config.json - 作者: Xylonium, 更新时间: unknown, 大小: 0.0 KB
[2026-02-07 02:02:38] ✅ 解析成功 - https://raw.githubusercontent.com/oooopera/moontv_config/abb88a932812efa0420441a04eee55011e356c03/config%E5%88%9D%E5%A7%8B.json - 作者: oooopera, 更新时间: unknown, 大小: 0.0 KB
[2026-02-07 02:02:38] ✅ 解析成功 - https://raw.githubusercontent.com/Jonney111/jonney_clash/7277685840b1cbedbc2b55377acc81adff1d5745/moontv.json - 作者: Jonney111, 更新时间: unknown, 大小: 0.0 KB
[2026-02-07 02:02:38] ✅ 解析成功 - https://raw.githubusercontent.com/616310/LunaTV-proxy/ad59d5763f4efd2294301cd96ff9804865ebb65c/config/default-config.json - 作者: 616310, 更新时间: unknown, 大小: 0.0 KB
[2026-02-07 02:02:38] ✅ 解析成功 - https://raw.githubusercontent.com/viacooky/tv-box-sub/3f7188cb5f0b65903fb0bc5dc94b2128e8e6f021/2.json - 作者: viacooky, 更新时间: unknown, 大小: 0.0 KB
[2026-02-07 02:02:38] ✅ 解析成功 - https://raw.githubusercontent.com/Mikephie/Script/738d560bad5f7bff7fd9f26cc2337e5d7de79c40/config-3.json - 作者: Mikephie, 更新时间: unknown, 大小: 0.0 KB
[2026-02-07 02:02:38] ✅ 解析成功 - https://raw.githubusercontent.com/chat263/tvjson/45dbc00aebda1642a95c20be2b5a0bda61a60e78/m.json - 作者: chat263, 更新时间: unknown, 大小: 0.0 KB
[2026-02-07 02:02:38] ✅ 解析成功 - https://raw.githubusercontent.com/ISQIShI/MyResources/3f5e5e60738a3128029f788f17b4d4189bb779e8/TV%20Source.json - 作者: ISQIShI, 更新时间: unknown, 大小: 0.0 KB
[2026-02-07 02:02:39] ✅ 解析成功 - https://raw.githubusercontent.com/iphoneten/CNTV/77a30bc772c40da92aa73c207ca843ca59410545/config_backup.json - 作者: iphoneten, 更新时间: unknown, 大小: 0.0 KB
[2026-02-07 02:02:39] ✅ 解析成功 - https://raw.githubusercontent.com/yangbvv/yangbvv.github.io/e77c2d4d6c56a68002e13d681240984e2ee5e6e1/moontv.json - 作者: yangbvv, 更新时间: unknown, 大小: 0.0 KB
[2026-02-07 02:02:39] ✅ 解析成功 - https://raw.githubusercontent.com/bain66888/bcsub/dfb07c160416d46c514caaa1ad3587aeb9b335ed/config.json - 作者: bain66888, 更新时间: unknown, 大小: 0.0 KB
[2026-02-07 02:02:39] ✅ 解析成功 - https://raw.githubusercontent.com/chtsen/chtsen-cfcdn-file/4dcd0a4eb6ffe876fcc0532906f5603aa850d492/LunaTV/configz.json - 作者: chtsen, 更新时间: unknown, 大小: 0.0 KB
[2026-02-07 02:02:39] ✅ 解析成功 - https://raw.githubusercontent.com/wokaotianshi123/jgcj/41bec55b572af05f4de700f1ea308a0fb4498b43/libretv.json - 作者: wokaotianshi123, 更新时间: unknown, 大小: 0.0 KB
[2026-02-07 02:02:39] ✅ 解析成功 - https://raw.githubusercontent.com/moli-xia/MoonTV-app/05289c741c50eb0e80ee7e3c045b479be6a2e0f0/config.json - 作者: moli-xia, 更新时间: unknown, 大小: 0.0 KB
[2026-02-07 02:02:39] ✅ 解析成功 - https://raw.githubusercontent.com/qianqikun/LunaTV-config/6dfb7ec817b578a460adb448d854bded8b38df23/jingjian.json - 作者: qianqikun, 更新时间: unknown, 大小: 0.0 KB
[2026-02-07 02:02:39] ✅ 解析成功 - https://raw.githubusercontent.com/xqrock/openfile/ce1390a1ee92c61d572ffc5908c570f73c1c2c1c/config/vod.json - 作者: xqrock, 更新时间: unknown, 大小: 0.0 KB
[2026-02-08 02:35:38] ✅ 解析成功 - https://raw.githubusercontent.com/katelya77/KatelyaTV/fc78bb11c026285d1b66e841b227e6171574956c/config.json - 作者: katelya77, 更新时间: unknown, 大小: 0.0 KB
[2026-02-08 02:35:38] ✅ 解析成功 - https://raw.githubusercontent.com/gxnas/TvBox/d193af9b4c0de0fe5fc9d3a694be6e4cfe084af1/LunaTV.json - 作者: gxnas, 更新时间: unknown, 大小: 0.0 KB
[2026-02-08 02:35:38] ✅ 解析成功 - https://raw.githubusercontent.com/SCXSVIP/TV/e7bc32117505d2bda3b31ade3dc96114c6ce623c/MoonTV/MoonTV-xs.json - 作者: SCXSVIP, 更新时间: unknown, 大小: 0.0 KB
[2026-02-08 02:35:39] ✅ 解析成功 - https://raw.githubusercontent.com/hafrey1/LunaTV-config/5a0a80d16bf56b422caab785ec7878993efd6b2d/jingjian.json - 作者: hafrey1, 更新时间: unknown, 大小: 0.0 KB
[2026-02-08 02:35:39] ✅ 解析成功 - https://raw.githubusercontent.com/gmep/tv9/6127c457056ccc27ccd8a1db84d5f8bc5c4cd6cc/config.json - 作者: gmep, 更新时间: unknown, 大小: 0.0 KB
[2026-02-08 02:35:39] ✅ 解析成功 - https://raw.githubusercontent.com/adminlove520/Source-Collector/eb8cd8f5f7960600c8d3af01245b64029c6421e1/config_isadult.json - 作者: adminlove520, 更新时间: unknown, 大小: 0.0 KB
[2026-02-08 02:35:39] ✅ 解析成功 - https://raw.githubusercontent.com/vke1011/LunaTV-config/cdc039c95d4b0d13f588e296d4f3b66a0d89049c/jin18.json - 作者: vke1011, 更新时间: unknown, 大小: 0.0 KB
[2026-02-08 02:35:39] ✅ 解析成功 - https://raw.githubusercontent.com/iphoneten/CNTV/77a30bc772c40da92aa73c207ca843ca59410545/config_backup.json - 作者: iphoneten, 更新时间: unknown, 大小: 0.0 KB
[2026-02-08 02:35:39] ✅ 解析成功 - https://raw.githubusercontent.com/616310/LunaTV-proxy/ad59d5763f4efd2294301cd96ff9804865ebb65c/config/default-config.json - 作者: 616310, 更新时间: unknown, 大小: 0.0 KB
[2026-02-08 02:35:39] ✅ 解析成功 - https://raw.githubusercontent.com/xqrock/openfile/ce1390a1ee92c61d572ffc5908c570f73c1c2c1c/config/vod.json - 作者: xqrock, 更新时间: unknown, 大小: 0.0 KB
[2026-02-08 02:35:39] ✅ 解析成功 - https://raw.githubusercontent.com/Mikephie/Script/d3cdcc6c70f380ff47fbb9d413ce44aa6bd5453a/config-2.json - 作者: Mikephie, 更新时间: unknown, 大小: 0.0 KB
[2026-02-08 02:35:39] ✅ 解析成功 - https://raw.githubusercontent.com/chat263/tvjson/45dbc00aebda1642a95c20be2b5a0bda61a60e78/m.json - 作者: chat263, 更新时间: unknown, 大小: 0.0 KB
[2026-02-08 02:35:39] ✅ 解析成功 - https://raw.githubusercontent.com/macsur/livetv/3880610be369f43b91f85778d77b86f6688cb013/moontv.json - 作者: macsur, 更新时间: unknown, 大小: 0.0 KB
[2026-02-08 02:35:40] ✅ 解析成功 - https://raw.githubusercontent.com/mhq1389/lsegou/7cbbee54537334e668dd678fd8a8ef5efe6e0957/config.json - 作者: mhq1389, 更新时间: unknown, 大小: 0.0 KB
[2026-02-08 02:35:40] ✅ 解析成功 - https://raw.githubusercontent.com/lovevampplus/cfdata/e5a17be9b928c3756d059d3d794f84e524371f7f/moontv-config.json - 作者: lovevampplus, 更新时间: unknown, 大小: 0.0 KB
[2026-02-08 02:35:40] ✅ 解析成功 - https://raw.githubusercontent.com/katelya77/KatelyaTV/fc78bb11c026285d1b66e841b227e6171574956c/config.example.json - 作者: katelya77, 更新时间: unknown, 大小: 0.0 KB
[2026-02-08 02:35:40] ✅ 解析成功 - https://raw.githubusercontent.com/hjdhnx/drpy-node/02941ddfbeef8a790883c4ff2d427b84794d3aed/scripts/mjs/moontv.json - 作者: hjdhnx, 更新时间: unknown, 大小: 0.0 KB
[2026-02-08 02:35:40] ✅ 解析成功 - https://raw.githubusercontent.com/wokaotianshi123/wokaotianshi123.github.io/b88c5496c3163ed782d15abd0ce3ea358c318e46/luna20251027.json - 作者: wokaotianshi123, 更新时间: unknown, 大小: 0.0 KB
[2026-02-08 02:35:40] ✅ 解析成功 - https://raw.githubusercontent.com/Xylonium/TV-LIVE/741dc0a49a74996c3e4b215c4843c7fe0d7156b6/moon/xons.json - 作者: Xylonium, 更新时间: unknown, 大小: 0.0 KB
[2026-02-08 02:35:40] ✅ 解析成功 - https://raw.githubusercontent.com/chtsen/chtsen-cfcdn-file/4dcd0a4eb6ffe876fcc0532906f5603aa850d492/LunaTV/configz.json - 作者: chtsen, 更新时间: unknown, 大小: 0.0 KB
[2026-02-08 02:35:40] ✅ 解析成功 - https://raw.githubusercontent.com/hafrey1/LunaTV-config/5a0a80d16bf56b422caab785ec7878993efd6b2d/jin18.json - 作者: hafrey1, 更新时间: unknown, 大小: 0.0 KB
[2026-02-08 02:35:40] ✅ 解析成功 - https://raw.githubusercontent.com/samqin123/MoonTV/c0bba763d16fb5cd830a808d58329025337491cf/config.json - 作者: samqin123, 更新时间: unknown, 大小: 0.0 KB
[2026-02-08 02:35:40] ✅ 解析成功 - https://raw.githubusercontent.com/viacooky/tv-box-sub/3f7188cb5f0b65903fb0bc5dc94b2128e8e6f021/1.json - 作者: viacooky, 更新时间: unknown, 大小: 0.0 KB
[2026-02-08 02:35:41] ✅ 解析成功 - https://raw.githubusercontent.com/Nesciasnenion/helloworld/cbaa34b8af6af1d1efedfa2230fe41ba1e1996da/moontv-config-all.json - 作者: Nesciasnenion, 更新时间: unknown, 大小: 0.0 KB
[2026-02-08 02:35:41] ✅ 解析成功 - https://raw.githubusercontent.com/ISQIShI/MyResources/3f5e5e60738a3128029f788f17b4d4189bb779e8/TV%20Source.json - 作者: ISQIShI, 更新时间: unknown, 大小: 0.0 KB
[2026-02-08 02:35:41] ✅ 解析成功 - https://raw.githubusercontent.com/yutian81/data-source/97c13655052a73d5f455801eed3d366b97acf3ce/OrionTV/config.json - 作者: yutian81, 更新时间: unknown, 大小: 0.0 KB
[2026-02-08 02:35:41] ✅ 解析成功 - https://raw.githubusercontent.com/akabarki76/lunatv/ec5e94f002b71f0eec1b0961ca441ad998758893/config.json - 作者: akabarki76, 更新时间: unknown, 大小: 0.0 KB
[2026-02-08 02:35:41] ✅ 解析成功 - https://raw.githubusercontent.com/sk3879921/tvjson/3e5394dfbc292321326e218e7bc303716f3f5336/q.json - 作者: sk3879921, 更新时间: unknown, 大小: 0.0 KB
[2026-02-08 02:35:41] ✅ 解析成功 - https://raw.githubusercontent.com/vodtv/api/51c04f0cab81daa639954a1148f55f06e9a1aaef/LunaTV-config.json - 作者: vodtv, 更新时间: unknown, 大小: 0.0 KB
[2026-02-09 02:22:41] ✅ 解析成功 - https://raw.githubusercontent.com/katelya77/KatelyaTV/fc78bb11c026285d1b66e841b227e6171574956c/config.json - 作者: katelya77, 更新时间: unknown, 大小: 0.0 KB
[2026-02-09 02:22:41] ✅ 解析成功 - https://raw.githubusercontent.com/gxnas/TvBox/d193af9b4c0de0fe5fc9d3a694be6e4cfe084af1/LunaTV.json - 作者: gxnas, 更新时间: unknown, 大小: 0.0 KB
[2026-02-09 02:22:41] ✅ 解析成功 - https://raw.githubusercontent.com/SCXSVIP/TV/e7bc32117505d2bda3b31ade3dc96114c6ce623c/MoonTV/MoonTV-xs.json - 作者: SCXSVIP, 更新时间: unknown, 大小: 0.0 KB
[2026-02-09 02:22:42] ✅ 解析成功 - https://raw.githubusercontent.com/hafrey1/LunaTV-config/be19ca200dfe0868c03078273097cd0dc1f031b9/jingjian.json - 作者: hafrey1, 更新时间: unknown, 大小: 0.0 KB
[2026-02-09 02:22:42] ✅ 解析成功 - https://raw.githubusercontent.com/gmep/tv9/6127c457056ccc27ccd8a1db84d5f8bc5c4cd6cc/config.json - 作者: gmep, 更新时间: unknown, 大小: 0.0 KB
[2026-02-09 02:22:42] ✅ 解析成功 - https://raw.githubusercontent.com/vodtv/api/73c4c9d4c595f757a844c64cb717d1d2e7d7101d/LunaTV-config.json - 作者: vodtv, 更新时间: unknown, 大小: 0.0 KB
[2026-02-09 02:22:42] ✅ 解析成功 - https://raw.githubusercontent.com/vke1011/LunaTV-config/cdc039c95d4b0d13f588e296d4f3b66a0d89049c/jin18.json - 作者: vke1011, 更新时间: unknown, 大小: 0.0 KB
[2026-02-09 02:22:42] ✅ 解析成功 - https://raw.githubusercontent.com/iphoneten/CNTV/77a30bc772c40da92aa73c207ca843ca59410545/config_backup.json - 作者: iphoneten, 更新时间: unknown, 大小: 0.0 KB
[2026-02-09 02:22:42] ✅ 解析成功 - https://raw.githubusercontent.com/lovevampplus/cfdata/e5a17be9b928c3756d059d3d794f84e524371f7f/moontv-config.json - 作者: lovevampplus, 更新时间: unknown, 大小: 0.0 KB
[2026-02-09 02:22:43] ✅ 解析成功 - https://raw.githubusercontent.com/Xylonium/TV-LIVE/741dc0a49a74996c3e4b215c4843c7fe0d7156b6/moon/LunaTV-config.json - 作者: Xylonium, 更新时间: unknown, 大小: 0.0 KB
[2026-02-09 02:22:43] ✅ 解析成功 - https://raw.githubusercontent.com/PAICNI/Videos_PLUS/b51ff1521a1e77f17ad538ccfd3c100cc42e0663/MoonTV%E8%A7%86%E9%A2%91%E6%BA%90Plus%E7%89%88.json - 作者: PAICNI, 更新时间: unknown, 大小: 0.0 KB
[2026-02-09 02:22:43] ✅ 解析成功 - https://raw.githubusercontent.com/chat263/tvjson/45dbc00aebda1642a95c20be2b5a0bda61a60e78/m.json - 作者: chat263, 更新时间: unknown, 大小: 0.0 KB
[2026-02-09 02:22:43] ✅ 解析成功 - https://raw.githubusercontent.com/ISQIShI/MyResources/3f5e5e60738a3128029f788f17b4d4189bb779e8/TV%20Source.json - 作者: ISQIShI, 更新时间: unknown, 大小: 0.0 KB
[2026-02-09 02:22:43] ✅ 解析成功 - https://raw.githubusercontent.com/yjh800307/yjh800307.github.io/58aba1927b628af1008d9c3278e743cd960238b5/moontv.json - 作者: yjh800307, 更新时间: unknown, 大小: 0.0 KB
[2026-02-09 02:22:44] ✅ 解析成功 - https://raw.githubusercontent.com/Mikephie/Script/8e76bd42afd4bd2399a340597d6fda559076f2af/config-3.json - 作者: Mikephie, 更新时间: unknown, 大小: 0.0 KB
[2026-02-09 02:22:44] ✅ 解析成功 - https://raw.githubusercontent.com/oooopera/moontv_config/5d8094e5c5d74e87ec062976ba65535c04f58300/input.json - 作者: oooopera, 更新时间: unknown, 大小: 0.0 KB
[2026-02-09 02:22:44] ✅ 解析成功 - https://raw.githubusercontent.com/katelya77/KatelyaTV/fc78bb11c026285d1b66e841b227e6171574956c/config.example.json - 作者: katelya77, 更新时间: unknown, 大小: 0.0 KB
[2026-02-09 02:22:44] ✅ 解析成功 - https://raw.githubusercontent.com/akabarki76/lunatv/ec5e94f002b71f0eec1b0961ca441ad998758893/config.json - 作者: akabarki76, 更新时间: unknown, 大小: 0.0 KB
[2026-02-09 02:22:44] ✅ 解析成功 - https://raw.githubusercontent.com/wokaotianshi123/wokaotianshi123.github.io/b88c5496c3163ed782d15abd0ce3ea358c318e46/luna20251027.json - 作者: wokaotianshi123, 更新时间: unknown, 大小: 0.0 KB
[2026-02-09 02:22:44] ✅ 解析成功 - https://raw.githubusercontent.com/ZhuBaiwan-oOZZXX/OuonnkiTV-Source/e615038c9b908c67353072a6965c989b4367892c/tv_source/LunaTV/LunaTV-processed.json - 作者: ZhuBaiwan-oOZZXX, 更新时间: unknown, 大小: 0.0 KB
[2026-02-09 02:22:45] ✅ 解析成功 - https://raw.githubusercontent.com/viacooky/tv-box-sub/3f7188cb5f0b65903fb0bc5dc94b2128e8e6f021/1.json - 作者: viacooky, 更新时间: unknown, 大小: 0.0 KB
[2026-02-09 02:22:45] ✅ 解析成功 - https://raw.githubusercontent.com/ltxxjs/box2022-1/b8e4728bc5d6c26c3fd1af626fd844c6eb8897fc/configplus_isadult.json - 作者: ltxxjs, 更新时间: unknown, 大小: 0.0 KB
[2026-02-09 02:22:45] ✅ 解析成功 - https://raw.githubusercontent.com/wokaotianshi123/wokaotianshi123.github.io/b88c5496c3163ed782d15abd0ce3ea358c318e46/moontv/config_2025-09-23.json - 作者: wokaotianshi123, 更新时间: unknown, 大小: 0.0 KB
[2026-02-09 02:22:45] ✅ 解析成功 - https://raw.githubusercontent.com/hjdhnx/drpy-node/8155931807e546838e30c03ea715220e06cb9e2c/scripts/mjs/moontv.json - 作者: hjdhnx, 更新时间: unknown, 大小: 0.0 KB
[2026-02-09 02:22:45] ✅ 解析成功 - https://raw.githubusercontent.com/adminlove520/Source-Collector/eb8cd8f5f7960600c8d3af01245b64029c6421e1/config_isadult.json - 作者: adminlove520, 更新时间: unknown, 大小: 0.0 KB
[2026-02-09 02:22:45] ✅ 解析成功 - https://raw.githubusercontent.com/qianqikun/LunaTV-config/881648d9eb479bbe5a760edbb7060fb814f5ca59/jingjian.json - 作者: qianqikun, 更新时间: unknown, 大小: 0.0 KB
[2026-02-09 02:22:46] ✅ 解析成功 - https://raw.githubusercontent.com/hanzhenya/hzyiptv/00923a1043db8e531f730912d565eb8619b5675f/config(%E8%80%81).json - 作者: hanzhenya, 更新时间: unknown, 大小: 0.0 KB
[2026-02-09 02:22:46] ✅ 解析成功 - https://raw.githubusercontent.com/Xylonium/TV-LIVE/741dc0a49a74996c3e4b215c4843c7fe0d7156b6/moon/lite18.json - 作者: Xylonium, 更新时间: unknown, 大小: 0.0 KB
[2026-02-10 02:30:14] ✅ 解析成功 - https://raw.githubusercontent.com/katelya77/KatelyaTV/fc78bb11c026285d1b66e841b227e6171574956c/config.json - 作者: katelya77, 更新时间: unknown, 大小: 0.0 KB
[2026-02-10 02:30:14] ✅ 解析成功 - https://raw.githubusercontent.com/gxnas/TvBox/d193af9b4c0de0fe5fc9d3a694be6e4cfe084af1/LunaTV.json - 作者: gxnas, 更新时间: unknown, 大小: 0.0 KB
[2026-02-10 02:30:14] ✅ 解析成功 - https://raw.githubusercontent.com/SCXSVIP/TV/e7bc32117505d2bda3b31ade3dc96114c6ce623c/MoonTV/MoonTV-xs.json - 作者: SCXSVIP, 更新时间: unknown, 大小: 0.0 KB
[2026-02-10 02:30:14] ✅ 解析成功 - https://raw.githubusercontent.com/hafrey1/LunaTV-config/aa9aebab634f46f9eefd64af1f3b304a4f036d20/jingjian.json - 作者: hafrey1, 更新时间: unknown, 大小: 0.0 KB
[2026-02-10 02:30:15] ✅ 解析成功 - https://raw.githubusercontent.com/mhq1389/lsegou/7cbbee54537334e668dd678fd8a8ef5efe6e0957/config.json - 作者: mhq1389, 更新时间: unknown, 大小: 0.0 KB
[2026-02-10 02:30:15] ✅ 解析成功 - https://raw.githubusercontent.com/vodtv/api/3861d494782a65e626a711dd40cea827de01f8a1/LunaTV-config.json - 作者: vodtv, 更新时间: unknown, 大小: 0.0 KB
[2026-02-10 02:30:15] ✅ 解析成功 - https://raw.githubusercontent.com/vke1011/LunaTV-config/cdc039c95d4b0d13f588e296d4f3b66a0d89049c/jin18.json - 作者: vke1011, 更新时间: unknown, 大小: 0.0 KB
[2026-02-10 02:30:15] ✅ 解析成功 - https://raw.githubusercontent.com/PAICNI/Videos_PLUS/b51ff1521a1e77f17ad538ccfd3c100cc42e0663/MoonTV%E8%A7%86%E9%A2%91%E6%BA%90Plus%E7%89%88.json - 作者: PAICNI, 更新时间: unknown, 大小: 0.0 KB
[2026-02-10 02:30:15] ✅ 解析成功 - https://raw.githubusercontent.com/Pundsup/Live/03f56bd3821c11d21031cd1af1a4db819dfee4a7/yszyby.json - 作者: Pundsup, 更新时间: unknown, 大小: 0.0 KB
[2026-02-10 02:30:15] ✅ 解析成功 - https://raw.githubusercontent.com/xqrock/openfile/ce1390a1ee92c61d572ffc5908c570f73c1c2c1c/config/vod.json - 作者: xqrock, 更新时间: unknown, 大小: 0.0 KB
[2026-02-10 02:30:15] ✅ 解析成功 - https://raw.githubusercontent.com/ISQIShI/MyResources/3f5e5e60738a3128029f788f17b4d4189bb779e8/TV%20Source.json - 作者: ISQIShI, 更新时间: unknown, 大小: 0.0 KB
[2026-02-10 02:30:16] ✅ 解析成功 - https://raw.githubusercontent.com/gmep/tv9/6127c457056ccc27ccd8a1db84d5f8bc5c4cd6cc/config.json - 作者: gmep, 更新时间: unknown, 大小: 0.0 KB
[2026-02-10 02:30:16] ✅ 解析成功 - https://raw.githubusercontent.com/viacooky/tv-box-sub/3f7188cb5f0b65903fb0bc5dc94b2128e8e6f021/1.json - 作者: viacooky, 更新时间: unknown, 大小: 0.0 KB
[2026-02-10 02:30:16] ✅ 解析成功 - https://raw.githubusercontent.com/hafrey1/LunaTV-config/aa9aebab634f46f9eefd64af1f3b304a4f036d20/jin18.json - 作者: hafrey1, 更新时间: unknown, 大小: 0.0 KB
[2026-02-10 02:30:16] ✅ 解析成功 - https://raw.githubusercontent.com/yangbvv/yangbvv.github.io/e77c2d4d6c56a68002e13d681240984e2ee5e6e1/moontv.json - 作者: yangbvv, 更新时间: unknown, 大小: 0.0 KB
[2026-02-10 02:30:16] ✅ 解析成功 - https://raw.githubusercontent.com/yjh800307/yjh800307.github.io/58aba1927b628af1008d9c3278e743cd960238b5/moontv.json - 作者: yjh800307, 更新时间: unknown, 大小: 0.0 KB
[2026-02-10 02:30:16] ✅ 解析成功 - https://raw.githubusercontent.com/katelya77/KatelyaTV/fc78bb11c026285d1b66e841b227e6171574956c/config.example.json - 作者: katelya77, 更新时间: unknown, 大小: 0.0 KB
[2026-02-10 02:30:16] ✅ 解析成功 - https://raw.githubusercontent.com/jeffliub/MoonTV2/0a23fd92f0523ba828a445dfbe41f563eec65d66/config.json - 作者: jeffliub, 更新时间: unknown, 大小: 0.0 KB
[2026-02-10 02:30:16] ✅ 解析成功 - https://raw.githubusercontent.com/adminlove520/Source-Collector/eb8cd8f5f7960600c8d3af01245b64029c6421e1/config_isadult.json - 作者: adminlove520, 更新时间: unknown, 大小: 0.0 KB
[2026-02-10 02:30:17] ✅ 解析成功 - https://raw.githubusercontent.com/iphoneten/CNTV/77a30bc772c40da92aa73c207ca843ca59410545/config_backup.json - 作者: iphoneten, 更新时间: unknown, 大小: 0.0 KB
[2026-02-10 02:30:17] ✅ 解析成功 - https://raw.githubusercontent.com/oooopera/moontv_config/189d6ecdb507e8c7824a3c2ab26518514e98595d/config%E5%88%9D%E5%A7%8B.json - 作者: oooopera, 更新时间: unknown, 大小: 0.0 KB
[2026-02-10 02:30:17] ✅ 解析成功 - https://raw.githubusercontent.com/Mikephie/Script/79d840e0c3516f1536b025f66598806f42a58e39/config-2.json - 作者: Mikephie, 更新时间: unknown, 大小: 0.0 KB
[2026-02-10 02:30:17] ✅ 解析成功 - https://raw.githubusercontent.com/Mikephie/Script/79d840e0c3516f1536b025f66598806f42a58e39/config-3.json - 作者: Mikephie, 更新时间: unknown, 大小: 0.0 KB
[2026-02-10 02:30:17] ✅ 解析成功 - https://raw.githubusercontent.com/sk3879921/tvjson/3e5394dfbc292321326e218e7bc303716f3f5336/q.json - 作者: sk3879921, 更新时间: unknown, 大小: 0.0 KB
[2026-02-10 02:30:17] ✅ 解析成功 - https://raw.githubusercontent.com/wokaotianshi123/jgcj/828cf251fc0d52fce25f50758a1d19610fd3597d/libretv.json - 作者: wokaotianshi123, 更新时间: unknown, 大小: 0.0 KB
[2026-02-10 02:30:18] ✅ 解析成功 - https://raw.githubusercontent.com/Xylonium/TV-LIVE/741dc0a49a74996c3e4b215c4843c7fe0d7156b6/moon/lite18.json - 作者: Xylonium, 更新时间: unknown, 大小: 0.0 KB
[2026-02-10 02:30:18] ✅ 解析成功 - https://raw.githubusercontent.com/qianqikun/LunaTV-config/d99eac028ba2a67a6ec8468d21471be885bc5a56/jin18.json - 作者: qianqikun, 更新时间: unknown, 大小: 0.0 KB
[2026-02-10 02:30:18] ✅ 解析成功 - https://raw.githubusercontent.com/ltxxjs/box2022-1/b8e4728bc5d6c26c3fd1af626fd844c6eb8897fc/configplus_isadult.json - 作者: ltxxjs, 更新时间: unknown, 大小: 0.0 KB
[2026-02-10 02:30:18] ✅ 解析成功 - https://raw.githubusercontent.com/Xylonium/TV-LIVE/741dc0a49a74996c3e4b215c4843c7fe0d7156b6/moon/xons.json - 作者: Xylonium, 更新时间: unknown, 大小: 0.0 KB
[2026-02-11 02:27:10] ✅ 解析成功 - https://raw.githubusercontent.com/katelya77/KatelyaTV/fc78bb11c026285d1b66e841b227e6171574956c/config.json - 作者: katelya77, 更新时间: unknown, 大小: 0.0 KB
[2026-02-11 02:27:10] ✅ 解析成功 - https://raw.githubusercontent.com/gxnas/TvBox/d193af9b4c0de0fe5fc9d3a694be6e4cfe084af1/LunaTV.json - 作者: gxnas, 更新时间: unknown, 大小: 0.0 KB
[2026-02-11 02:27:10] ✅ 解析成功 - https://raw.githubusercontent.com/SCXSVIP/TV/e7bc32117505d2bda3b31ade3dc96114c6ce623c/MoonTV/MoonTV-xs.json - 作者: SCXSVIP, 更新时间: unknown, 大小: 0.0 KB
[2026-02-11 02:27:10] ✅ 解析成功 - https://raw.githubusercontent.com/hafrey1/LunaTV-config/159cfad291d3e1726653bed1d1647bea36abb892/jingjian.json - 作者: hafrey1, 更新时间: unknown, 大小: 0.0 KB
[2026-02-11 02:27:10] ✅ 解析成功 - https://raw.githubusercontent.com/wokaotianshi123/wokaotianshi123.github.io/b88c5496c3163ed782d15abd0ce3ea358c318e46/moontv/config_2025-09-23.json - 作者: wokaotianshi123, 更新时间: unknown, 大小: 0.0 KB
[2026-02-11 02:27:11] ✅ 解析成功 - https://raw.githubusercontent.com/Mikephie/Script/42a9177d030301746568725152ee323788910aa8/config-2.json - 作者: Mikephie, 更新时间: unknown, 大小: 0.0 KB
[2026-02-11 02:27:11] ✅ 解析成功 - https://raw.githubusercontent.com/moli-xia/MoonTV-app/05289c741c50eb0e80ee7e3c045b479be6a2e0f0/config.json - 作者: moli-xia, 更新时间: unknown, 大小: 0.0 KB
[2026-02-11 02:27:11] ✅ 解析成功 - https://raw.githubusercontent.com/macsur/livetv/3880610be369f43b91f85778d77b86f6688cb013/moontv.json - 作者: macsur, 更新时间: unknown, 大小: 0.0 KB
[2026-02-11 02:27:11] ✅ 解析成功 - https://raw.githubusercontent.com/Xylonium/TV-LIVE/741dc0a49a74996c3e4b215c4843c7fe0d7156b6/moon/xons.json - 作者: Xylonium, 更新时间: unknown, 大小: 0.0 KB
[2026-02-11 02:27:11] ✅ 解析成功 - https://raw.githubusercontent.com/616310/LunaTV-proxy/ad59d5763f4efd2294301cd96ff9804865ebb65c/config/default-config.json - 作者: 616310, 更新时间: unknown, 大小: 0.0 KB
[2026-02-11 02:27:11] ✅ 解析成功 - https://raw.githubusercontent.com/viacooky/tv-box-sub/3f7188cb5f0b65903fb0bc5dc94b2128e8e6f021/1.json - 作者: viacooky, 更新时间: unknown, 大小: 0.0 KB
[2026-02-11 02:27:12] ✅ 解析成功 - https://raw.githubusercontent.com/vke1011/LunaTV-config/cdc039c95d4b0d13f588e296d4f3b66a0d89049c/jingjian.json - 作者: vke1011, 更新时间: unknown, 大小: 0.0 KB
[2026-02-11 02:27:12] ✅ 解析成功 - https://raw.githubusercontent.com/lovevampplus/cfdata/e5a17be9b928c3756d059d3d794f84e524371f7f/moontv-config.json - 作者: lovevampplus, 更新时间: unknown, 大小: 0.0 KB
[2026-02-11 02:27:12] ✅ 解析成功 - https://raw.githubusercontent.com/iphoneten/CNTV/77a30bc772c40da92aa73c207ca843ca59410545/config.json - 作者: iphoneten, 更新时间: unknown, 大小: 0.0 KB
[2026-02-11 02:27:12] ✅ 解析成功 - https://raw.githubusercontent.com/chat263/tvjson/45dbc00aebda1642a95c20be2b5a0bda61a60e78/m.json - 作者: chat263, 更新时间: unknown, 大小: 0.0 KB
[2026-02-11 02:27:13] ✅ 解析成功 - https://raw.githubusercontent.com/ltxxjs/box2022-1/3b740c321c15669c38b07977924872e31cf94bcd/configplus_isadult.json - 作者: ltxxjs, 更新时间: unknown, 大小: 0.0 KB
[2026-02-11 02:27:13] ✅ 解析成功 - https://raw.githubusercontent.com/yaodao0520/yaodaotv/b52559ac6c886435246f80d07cfaf074c5bf0244/config.json - 作者: yaodao0520, 更新时间: unknown, 大小: 0.0 KB
[2026-02-11 02:27:13] ✅ 解析成功 - https://raw.githubusercontent.com/oooopera/moontv_config/f82e4ba624469e99d7812e6e7abf2747ddedd21a/input.json - 作者: oooopera, 更新时间: unknown, 大小: 0.0 KB
[2026-02-11 02:27:13] ✅ 解析成功 - https://raw.githubusercontent.com/Jonney111/jonney_clash/7277685840b1cbedbc2b55377acc81adff1d5745/moontv.json - 作者: Jonney111, 更新时间: unknown, 大小: 0.0 KB
[2026-02-11 02:27:13] ✅ 解析成功 - https://raw.githubusercontent.com/qianqikun/LunaTV-config/98db0cd71c96a6bcf589252fae4bfbd4dd7a8afe/jingjian.json - 作者: qianqikun, 更新时间: unknown, 大小: 0.0 KB
[2026-02-11 02:27:14] ✅ 解析成功 - https://raw.githubusercontent.com/ISQIShI/MyResources/3f5e5e60738a3128029f788f17b4d4189bb779e8/TV%20Source.json - 作者: ISQIShI, 更新时间: unknown, 大小: 0.0 KB
[2026-02-11 02:27:14] ✅ 解析成功 - https://raw.githubusercontent.com/hanzhenya/hzyiptv/00923a1043db8e531f730912d565eb8619b5675f/config(%E8%80%81).json - 作者: hanzhenya, 更新时间: unknown, 大小: 0.0 KB
[2026-02-11 02:27:14] ✅ 解析成功 - https://raw.githubusercontent.com/katelya77/KatelyaTV/fc78bb11c026285d1b66e841b227e6171574956c/config.example.json - 作者: katelya77, 更新时间: unknown, 大小: 0.0 KB
[2026-02-11 02:27:14] ✅ 解析成功 - https://raw.githubusercontent.com/ZhuBaiwan-oOZZXX/OuonnkiTV-Source/cc863b8dbba0a9f695f6f369833a1b7f183d8005/tv_source/LunaTV/LunaTV-processed.json - 作者: ZhuBaiwan-oOZZXX, 更新时间: unknown, 大小: 0.0 KB
[2026-02-11 02:27:14] ✅ 解析成功 - https://raw.githubusercontent.com/iphoneten/CNTV/77a30bc772c40da92aa73c207ca843ca59410545/config_backup.json - 作者: iphoneten, 更新时间: unknown, 大小: 0.0 KB
[2026-02-11 02:27:15] ✅ 解析成功 - https://raw.githubusercontent.com/Xylonium/TV-LIVE/741dc0a49a74996c3e4b215c4843c7fe0d7156b6/moon/lite.json - 作者: Xylonium, 更新时间: unknown, 大小: 0.0 KB
[2026-02-11 02:27:15] ✅ 解析成功 - https://raw.githubusercontent.com/Xylonium/TV-LIVE/741dc0a49a74996c3e4b215c4843c7fe0d7156b6/moon/LunaTV-config.json - 作者: Xylonium, 更新时间: unknown, 大小: 0.0 KB
[2026-02-11 02:27:15] ✅ 解析成功 - https://raw.githubusercontent.com/wokaotianshi123/jgcj/828cf251fc0d52fce25f50758a1d19610fd3597d/libretv.json - 作者: wokaotianshi123, 更新时间: unknown, 大小: 0.0 KB
[2026-02-11 02:27:15] ✅ 解析成功 - https://raw.githubusercontent.com/Pundsup/Live/03f56bd3821c11d21031cd1af1a4db819dfee4a7/yszyby.json - 作者: Pundsup, 更新时间: unknown, 大小: 0.0 KB
[2026-02-12 02:21:59] ✅ 解析成功 - https://raw.githubusercontent.com/katelya77/KatelyaTV/fc78bb11c026285d1b66e841b227e6171574956c/config.json - 作者: katelya77, 更新时间: unknown, 大小: 0.0 KB
[2026-02-12 02:21:59] ✅ 解析成功 - https://raw.githubusercontent.com/gxnas/TvBox/d193af9b4c0de0fe5fc9d3a694be6e4cfe084af1/LunaTV.json - 作者: gxnas, 更新时间: unknown, 大小: 0.0 KB
[2026-02-12 02:21:59] ✅ 解析成功 - https://raw.githubusercontent.com/SCXSVIP/TV/e7bc32117505d2bda3b31ade3dc96114c6ce623c/MoonTV/MoonTV-xs.json - 作者: SCXSVIP, 更新时间: unknown, 大小: 0.0 KB
[2026-02-12 02:21:59] ✅ 解析成功 - https://raw.githubusercontent.com/hafrey1/LunaTV-config/78a9916030143d30aa74d3698123e5598ecdaa32/jingjian.json - 作者: hafrey1, 更新时间: unknown, 大小: 0.0 KB
[2026-02-12 02:21:59] ✅ 解析成功 - https://raw.githubusercontent.com/wokaotianshi123/wokaotianshi123.github.io/b88c5496c3163ed782d15abd0ce3ea358c318e46/moontv/config_2025-09-23.json - 作者: wokaotianshi123, 更新时间: unknown, 大小: 0.0 KB
[2026-02-12 02:21:59] ✅ 解析成功 - https://raw.githubusercontent.com/Mikephie/Script/ef6d972c1197b5f9db544e9fa59b5f8240dbc03f/config-2.json - 作者: Mikephie, 更新时间: unknown, 大小: 0.0 KB
[2026-02-12 02:21:59] ✅ 解析成功 - https://raw.githubusercontent.com/moli-xia/MoonTV-app/05289c741c50eb0e80ee7e3c045b479be6a2e0f0/config.json - 作者: moli-xia, 更新时间: unknown, 大小: 0.0 KB
[2026-02-12 02:22:00] ✅ 解析成功 - https://raw.githubusercontent.com/macsur/livetv/3880610be369f43b91f85778d77b86f6688cb013/moontv.json - 作者: macsur, 更新时间: unknown, 大小: 0.0 KB
[2026-02-12 02:22:00] ✅ 解析成功 - https://raw.githubusercontent.com/Xylonium/TV-LIVE/741dc0a49a74996c3e4b215c4843c7fe0d7156b6/moon/xons.json - 作者: Xylonium, 更新时间: unknown, 大小: 0.0 KB
[2026-02-12 02:22:00] ✅ 解析成功 - https://raw.githubusercontent.com/616310/LunaTV-proxy/ad59d5763f4efd2294301cd96ff9804865ebb65c/config/default-config.json - 作者: 616310, 更新时间: unknown, 大小: 0.0 KB
[2026-02-12 02:22:00] ✅ 解析成功 - https://raw.githubusercontent.com/viacooky/tv-box-sub/3f7188cb5f0b65903fb0bc5dc94b2128e8e6f021/1.json - 作者: viacooky, 更新时间: unknown, 大小: 0.0 KB
[2026-02-12 02:22:00] ✅ 解析成功 - https://raw.githubusercontent.com/ISQIShI/MyResources/3f5e5e60738a3128029f788f17b4d4189bb779e8/TV%20Source.json - 作者: ISQIShI, 更新时间: unknown, 大小: 0.0 KB
[2026-02-12 02:22:00] ✅ 解析成功 - https://raw.githubusercontent.com/lovevampplus/cfdata/e5a17be9b928c3756d059d3d794f84e524371f7f/moontv-config.json - 作者: lovevampplus, 更新时间: unknown, 大小: 0.0 KB
[2026-02-12 02:22:00] ✅ 解析成功 - https://raw.githubusercontent.com/hafrey1/LunaTV-config/78a9916030143d30aa74d3698123e5598ecdaa32/LunaTV-config.json - 作者: hafrey1, 更新时间: unknown, 大小: 0.0 KB
[2026-02-12 02:22:00] ✅ 解析成功 - https://raw.githubusercontent.com/wokaotianshi123/jgcj/828cf251fc0d52fce25f50758a1d19610fd3597d/libretv.json - 作者: wokaotianshi123, 更新时间: unknown, 大小: 0.0 KB
[2026-02-12 02:22:01] ✅ 解析成功 - https://raw.githubusercontent.com/yjh800307/yjh800307.github.io/58aba1927b628af1008d9c3278e743cd960238b5/moontv.json - 作者: yjh800307, 更新时间: unknown, 大小: 0.0 KB
[2026-02-12 02:22:01] ✅ 解析成功 - https://raw.githubusercontent.com/viacooky/tv-box-sub/3f7188cb5f0b65903fb0bc5dc94b2128e8e6f021/2.json - 作者: viacooky, 更新时间: unknown, 大小: 0.0 KB
[2026-02-12 02:22:01] ✅ 解析成功 - https://raw.githubusercontent.com/adminlove520/Source-Collector/eb8cd8f5f7960600c8d3af01245b64029c6421e1/config_isadult.json - 作者: adminlove520, 更新时间: unknown, 大小: 0.0 KB
[2026-02-12 02:22:01] ✅ 解析成功 - https://raw.githubusercontent.com/Xylonium/TV-LIVE/741dc0a49a74996c3e4b215c4843c7fe0d7156b6/moon/lite18.json - 作者: Xylonium, 更新时间: unknown, 大小: 0.0 KB
[2026-02-12 02:22:01] ✅ 解析成功 - https://raw.githubusercontent.com/Pundsup/Live/03f56bd3821c11d21031cd1af1a4db819dfee4a7/yszyby.json - 作者: Pundsup, 更新时间: unknown, 大小: 0.0 KB
[2026-02-12 02:22:01] ✅ 解析成功 - https://raw.githubusercontent.com/gmep/tv9/6127c457056ccc27ccd8a1db84d5f8bc5c4cd6cc/config.json - 作者: gmep, 更新时间: unknown, 大小: 0.0 KB
[2026-02-12 02:22:01] ✅ 解析成功 - https://raw.githubusercontent.com/chat263/tvjson/45dbc00aebda1642a95c20be2b5a0bda61a60e78/m.json - 作者: chat263, 更新时间: unknown, 大小: 0.0 KB
[2026-02-12 02:22:01] ✅ 解析成功 - https://raw.githubusercontent.com/vke1011/LunaTV-config/cdc039c95d4b0d13f588e296d4f3b66a0d89049c/jingjian.json - 作者: vke1011, 更新时间: unknown, 大小: 0.0 KB
[2026-02-12 02:22:02] ✅ 解析成功 - https://raw.githubusercontent.com/Nesciasnenion/helloworld/cbaa34b8af6af1d1efedfa2230fe41ba1e1996da/moontv-config-all.json - 作者: Nesciasnenion, 更新时间: unknown, 大小: 0.0 KB
[2026-02-12 02:22:02] ✅ 解析成功 - https://raw.githubusercontent.com/akabarki76/lunatv/ec5e94f002b71f0eec1b0961ca441ad998758893/config.json - 作者: akabarki76, 更新时间: unknown, 大小: 0.0 KB
[2026-02-12 02:22:02] ✅ 解析成功 - https://raw.githubusercontent.com/wokaotianshi123/wokaotianshi123.github.io/b88c5496c3163ed782d15abd0ce3ea358c318e46/luna20251027.json - 作者: wokaotianshi123, 更新时间: unknown, 大小: 0.0 KB
[2026-02-12 02:22:02] ✅ 解析成功 - https://raw.githubusercontent.com/iphoneten/CNTV/77a30bc772c40da92aa73c207ca843ca59410545/config.json - 作者: iphoneten, 更新时间: unknown, 大小: 0.0 KB
[2026-02-12 02:22:02] ❌ JSON语法错误 - https://raw.githubusercontent.com/zwcm/MoonTV/614f381e5312d9821bd5fe058f9eed9426e96d23/config.json - Expecting value: line 151 column 1 (char 5001)
[2026-02-12 02:22:02] ✅ 解析成功 - https://raw.githubusercontent.com/hjdhnx/drpy-node/1d7f8e6a99b2c61f0f199ed3dfb7e3cd37743511/scripts/mjs/moontv.json - 作者: hjdhnx, 更新时间: unknown, 大小: 0.0 KB
[2026-02-13 02:23:26] ✅ 解析成功 - https://raw.githubusercontent.com/katelya77/KatelyaTV/fc78bb11c026285d1b66e841b227e6171574956c/config.json - 作者: katelya77, 更新时间: unknown, 大小: 0.0 KB
[2026-02-13 02:23:26] ✅ 解析成功 - https://raw.githubusercontent.com/gxnas/TvBox/d193af9b4c0de0fe5fc9d3a694be6e4cfe084af1/LunaTV.json - 作者: gxnas, 更新时间: unknown, 大小: 0.0 KB
[2026-02-13 02:23:26] ✅ 解析成功 - https://raw.githubusercontent.com/SCXSVIP/TV/e7bc32117505d2bda3b31ade3dc96114c6ce623c/MoonTV/MoonTV-xs.json - 作者: SCXSVIP, 更新时间: unknown, 大小: 0.0 KB
[2026-02-13 02:23:26] ✅ 解析成功 - https://raw.githubusercontent.com/hafrey1/LunaTV-config/95e616d0a5dc337b0cf9779de8f46e78260b8f2a/jingjian.json - 作者: hafrey1, 更新时间: unknown, 大小: 0.0 KB
[2026-02-13 02:23:27] ✅ 解析成功 - https://raw.githubusercontent.com/wokaotianshi123/wokaotianshi123.github.io/b88c5496c3163ed782d15abd0ce3ea358c318e46/moontv/config_2025-09-23.json - 作者: wokaotianshi123, 更新时间: unknown, 大小: 0.0 KB
[2026-02-13 02:23:27] ✅ 解析成功 - https://raw.githubusercontent.com/Mikephie/Script/fb0ad7776b29a6a172286b094de1584e6a4b20d3/config-2.json - 作者: Mikephie, 更新时间: unknown, 大小: 0.0 KB
[2026-02-13 02:23:27] ✅ 解析成功 - https://raw.githubusercontent.com/yutian81/data-source/97c13655052a73d5f455801eed3d366b97acf3ce/OrionTV/config.json - 作者: yutian81, 更新时间: unknown, 大小: 0.0 KB
[2026-02-13 02:23:27] ✅ 解析成功 - https://raw.githubusercontent.com/xqrock/openfile/4feba16deb27495466786560016fb79a199370a8/config/vod.json - 作者: xqrock, 更新时间: unknown, 大小: 0.0 KB
[2026-02-13 02:23:27] ✅ 解析成功 - https://raw.githubusercontent.com/Nesciasnenion/helloworld/cbaa34b8af6af1d1efedfa2230fe41ba1e1996da/moontv-config-all.json - 作者: Nesciasnenion, 更新时间: unknown, 大小: 0.0 KB
[2026-02-13 02:23:28] ✅ 解析成功 - https://raw.githubusercontent.com/chat263/tvjson/45dbc00aebda1642a95c20be2b5a0bda61a60e78/m.json - 作者: chat263, 更新时间: unknown, 大小: 0.0 KB
[2026-02-13 02:23:28] ✅ 解析成功 - https://raw.githubusercontent.com/moli-xia/MoonTV-app/05289c741c50eb0e80ee7e3c045b479be6a2e0f0/config.json - 作者: moli-xia, 更新时间: unknown, 大小: 0.0 KB
[2026-02-13 02:23:28] ✅ 解析成功 - https://raw.githubusercontent.com/Xylonium/TV-LIVE/741dc0a49a74996c3e4b215c4843c7fe0d7156b6/moon/lite18.json - 作者: Xylonium, 更新时间: unknown, 大小: 0.0 KB
[2026-02-13 02:23:28] ✅ 解析成功 - https://raw.githubusercontent.com/yangbvv/yangbvv.github.io/e77c2d4d6c56a68002e13d681240984e2ee5e6e1/moontv.json - 作者: yangbvv, 更新时间: unknown, 大小: 0.0 KB
[2026-02-13 02:23:28] ✅ 解析成功 - https://raw.githubusercontent.com/katelya77/KatelyaTV/fc78bb11c026285d1b66e841b227e6171574956c/config.example.json - 作者: katelya77, 更新时间: unknown, 大小: 0.0 KB
[2026-02-13 02:23:28] ✅ 解析成功 - https://raw.githubusercontent.com/ISQIShI/MyResources/3f5e5e60738a3128029f788f17b4d4189bb779e8/TV%20Source.json - 作者: ISQIShI, 更新时间: unknown, 大小: 0.0 KB
[2026-02-13 02:23:29] ✅ 解析成功 - https://raw.githubusercontent.com/iphoneten/CNTV/77a30bc772c40da92aa73c207ca843ca59410545/config_backup.json - 作者: iphoneten, 更新时间: unknown, 大小: 0.0 KB
[2026-02-13 02:23:29] ✅ 解析成功 - https://raw.githubusercontent.com/kimballic/IPTV2/2ccf529d9877ad4d7cf48f54a67c6b462979abe4/deepseek_json_20250822_55f9da.json - 作者: kimballic, 更新时间: unknown, 大小: 0.0 KB
[2026-02-13 02:23:29] ✅ 解析成功 - https://raw.githubusercontent.com/gmep/tv9/6127c457056ccc27ccd8a1db84d5f8bc5c4cd6cc/config.json - 作者: gmep, 更新时间: unknown, 大小: 0.0 KB
[2026-02-13 02:23:29] ✅ 解析成功 - https://raw.githubusercontent.com/qianqikun/LunaTV-config/72a176e082951a94957f6d2210f42a1194185335/jin18.json - 作者: qianqikun, 更新时间: unknown, 大小: 0.0 KB
[2026-02-13 02:23:30] ✅ 解析成功 - https://raw.githubusercontent.com/vodtv/api/58b44bea28b597dfc19262d8814c7ca29977b769/LunaTV-config.json - 作者: vodtv, 更新时间: unknown, 大小: 0.0 KB
[2026-02-13 02:23:30] ✅ 解析成功 - https://raw.githubusercontent.com/lovevampplus/cfdata/e5a17be9b928c3756d059d3d794f84e524371f7f/moontv-config.json - 作者: lovevampplus, 更新时间: unknown, 大小: 0.0 KB
[2026-02-13 02:23:30] ✅ 解析成功 - https://raw.githubusercontent.com/viacooky/tv-box-sub/3f7188cb5f0b65903fb0bc5dc94b2128e8e6f021/1.json - 作者: viacooky, 更新时间: unknown, 大小: 0.0 KB
[2026-02-13 02:23:30] ✅ 解析成功 - https://raw.githubusercontent.com/hafrey1/LunaTV-config/95e616d0a5dc337b0cf9779de8f46e78260b8f2a/LunaTV-config.json - 作者: hafrey1, 更新时间: unknown, 大小: 0.0 KB
[2026-02-13 02:23:30] ✅ 解析成功 - https://raw.githubusercontent.com/Mikephie/Script/fb0ad7776b29a6a172286b094de1584e6a4b20d3/config-3.json - 作者: Mikephie, 更新时间: unknown, 大小: 0.0 KB
[2026-02-13 02:23:30] ✅ 解析成功 - https://raw.githubusercontent.com/oooopera/moontv_config/e31e4c3ed3ed1f0c51e22acaaeb5c8e1bd43674a/input.json - 作者: oooopera, 更新时间: unknown, 大小: 0.0 KB
[2026-02-13 02:23:31] ✅ 解析成功 - https://raw.githubusercontent.com/ZhuBaiwan-oOZZXX/OuonnkiTV-Source/d3aa28c4c2a3f2b64d1fa7acad8d66c895cae295/tv_source/LunaTV/LunaTV-processed.json - 作者: ZhuBaiwan-oOZZXX, 更新时间: unknown, 大小: 0.0 KB
[2026-02-13 02:23:31] ✅ 解析成功 - https://raw.githubusercontent.com/chtsen/chtsen-cfcdn-file/4dcd0a4eb6ffe876fcc0532906f5603aa850d492/LunaTV/configz.json - 作者: chtsen, 更新时间: unknown, 大小: 0.0 KB
[2026-02-13 02:23:31] ✅ 解析成功 - https://raw.githubusercontent.com/sk3879921/tvjson/3e5394dfbc292321326e218e7bc303716f3f5336/q.json - 作者: sk3879921, 更新时间: unknown, 大小: 0.0 KB
[2026-02-13 02:23:31] ✅ 解析成功 - https://raw.githubusercontent.com/Pundsup/Live/03f56bd3821c11d21031cd1af1a4db819dfee4a7/yszyby.json - 作者: Pundsup, 更新时间: unknown, 大小: 0.0 KB
